Crash Id,Calendar Year,FDOT Crash Number,Reporting Agency Case Number,Reporting Agency Type,FDOT Managing District,County Name,Crash Date,Crash Time,Day,DHSMV City,Crash Report City Code,In Town,On Roadway Name,Int Roadway Name,Reference Distance (Miles),Reference Direction,Officer Latitude,Officer Longitude,FDOT Latitude,FDOT Longitude,FDOT Roadway,Nearest Inventory MP,Nearest Node From Crash,State Road #,US Highway,Crash Side of Road,Accident Lane Number,Travel Direction Vehicle 1,FDOT Road Category,DHSMV Road System Id,Relation to Junction,Crash Harmful Event Location,Intersection Type,Shoulder Type,FDOT Roadway SKID Test Result,FDOT Roadway SKID Test Date,Functional Class,RCI Surface Width,RCI Shoulder Type First,RCI Shoulder Width First,RCI Shoulder Type Second,RCI Shoulder Width Second,RCI Shoulder Type Third,RCI Shoulder Width Third,RCI Median Width,Avg Daily Traffic,AADT Source,RCI Avg Per Truck Traffic,RCI Horiz Curve Condition,Posted Speed Limit,Highest Injury in Crash,CAR Status Code,Alcohols/Drug Involved,Site Location,Lighting,Weather,Road Surface,Roadway Grade,Roadway Alignment,Traffic Way Vehicle 1,Traffic Way Vehicle 2,Traffic Control Vehicle 1,Traffic Control Vehicle 2,Count of Lanes,Road Condition 1,Road Condition 2,Road Condition 3,Environment Condition 1,Environment Condition 2,Environment Condition 3,Crash Harmful Event,Manner of Collision,Vehicle Movement,Driver Action Vehicle 1,Driver Action Vehicle 2,Location Within Workzone,Type of Workzone,Workers Present in Workzone,Law Enforcement Present in Workzone,School Bus Related,Count of Nonfatal Injuries,Count of Traffic Fatalities,Count of Serious Injuries,Count of Pedestrians,Count of Drivers,Count of Bicyclists,Count of Vehicles,Count of Persons,Wrong Way,Workzone Inv,Commercial Vehicle Inv,Intersection Inv,Lane Departure,Speeding,Agressive Driving,Impaired Driver,Impaired Pedestrian,Impaired Bicyclist,Distracted Driver,Speeding or Aggressive Driving,Pedestrian Related,Bicyclist Related,Pedestrian or Bicyclist Related,Motorcycle Inv,No Belt,No Belt - Ages 1-4,No Belt - Ages 5-12,No Belt - Ages 13-17,Driver - Ages Teen,Driver - Ages 65 plus,Driver - Ages 65-69,Driver - Ages 70-74,Driver - Ages 75-79,Driver - Ages 80 plus,ARBM Latitude,ARBM Longitude,UTM Zone 17N X,UTM Zone 17N Y,ARBM Side of Road,Urban Rural Indicator,GIS Street Source,Extract Date,OBJECTID,x,y
2.01785E+12,2017,854474730,FHPL17OFF014152,FLORIDA HIGHWAY PATROL,04 FOURTH,BROWARD,22-Feb-17,737,THURSDAY,8638 FT. LAUDERDALE,1038,N,SR 9,CYPRESS CREEK RD,0.5,N,26.2117268,-80.1367106,26.209249,-80.1379662,86070000,16.837,5187,SR 9,I 95,R RIGHT,5 THRU LANE 5,N NORTH,01 INTERSTATE URBAN,01 INTERSTATE,01 NON-JUNCTION,01 ON ROADWAY,01 NOT AT INTERSECTION,01 PAVED,34,3-Oct-16,11 URBAN PRIN ART INT.,48,PAVED WARN,13,VALLEY GUTR,4,,0,26,233000,RCI,5.9,1D3000,65,3 NO-INCAPACITATING INJURY,31 Q/C COMPLETED - LOC VERIFIED,0 NO,01 NOT AT INTERSECTION/RRX/BRIDGE,01 DAYLIGHT,01 CLEAR,01 DRY,04 DOWNHILL,1 STRAIGHT,"TWO-WAY, DIVIDED, POSITIVE MED","TWO-WAY, DIVIDED, POSITIVE MED",NO CONTROLS,NO CONTROLS,8,NONE,NOT CODED,NOT CODED,NONE,NOT CODED,NOT CODED,14 MOTOR VEHICLE IN TRANSPORT,01 FRONT TO REAR,01 STRAIGHT AHEAD,OPERATED MV IN CARLESS OR NEGL,NO CONTRIBUTING ACTION,00 NOT CODED,00 NOT CODED,00 NOT CODED,00 NOT CODED,01 NO,7,0,0,0,4,0,4,7,N,N,Y,N,N,N,N,N,N,N,N,N,N,N,N,N,N,N,N,N,N,N,N,N,N,N,26.20926003,-80.13801221,586114.3126,2899144.505,R,,ARBM15Q1R2,28-Feb-22,1112479,-8920923.01,3025022.459
2.01785E+12,2017,854628300,FHPL17OFF022803,FLORIDA HIGHWAY PATROL,04 FOURTH,BROWARD,24-Mar-17,1330,SATURDAY,8638 FT. LAUDERDALE,1038,Y,I 95,DAVIE BLVD,0.189,N,26.1107681,-80.1682388,26.1095478,-80.1684969,86070000,9.444,2737,SR 9,I 95,L LEFT,5 THRU LANE 5,S SOUTH,01 INTERSTATE URBAN,01 INTERSTATE,18 THROUGH ROADWAY,01 ON ROADWAY,01 NOT AT INTERSECTION,01 PAVED,36,3-Oct-16,11 URBAN PRIN ART INT.,48,PAVED WARN,11,LAWN,12,,0,18,306000,RCI,7.5,0D4500,65,1 NO INJURY,31 Q/C COMPLETED - LOC VERIFIED,0 NO,01 NOT AT INTERSECTION/RRX/BRIDGE,01 DAYLIGHT,02 CLOUDY,01 DRY,01 LEVEL,1 STRAIGHT,"TWO-WAY, DIVIDED, POSITIVE MED","TWO-WAY, DIVIDED, POSITIVE MED",NO CONTROLS,NO CONTROLS,8,NONE,NOT CODED,NOT CODED,NONE,NOT CODED,NOT CODED,14 MOTOR VEHICLE IN TRANSPORT,"04 SIDESWIPE, SAME DIRECTION",01 STRAIGHT AHEAD,OTHER CONTRIBUTING ACTION,OTHER CONTRIBUTING ACTION,00 NOT CODED,00 NOT CODED,00 NOT CODED,00 NOT CODED,01 NO,0,0,0,0,5,0,5,5,N,N,N,N,Y,N,N,N,N,N,N,N,N,N,N,N,N,N,N,N,N,N,N,N,N,N,26.10949458,-80.16871732,583117.3574,2888075.131,L,,ARBM15Q1R2,28-Feb-22,1112762,-8924341.088,3012649.24
2.01785E+12,2017,854628310,FHPL17OFF023066,FLORIDA HIGHWAY PATROL,04 FOURTH,BROWARD,25-Mar-17,815,SUNDAY,8638 FT. LAUDERDALE,1038,Y,I 595,I 95,0.038,W,26.0833842,-80.1764145,26.0886317,-80.167555,86095062,0.88,5088,SR 862,I 595,R RIGHT,X RAMP,E EAST,07 RAMP URBAN,01 INTERSTATE,14 ENTRANCE/EXIT RAMP,03 SHOULDER,01 NOT AT INTERSECTION,01 PAVED,0,31-Dec-00,,24,PAVED,10,,0,,0,,39000,RCI,4.3,,,2 POSSIBLE INJURY,31 Q/C COMPLETED - LOC VERIFIED,0 NO,08 EXIT RAMP,01 DAYLIGHT,03 RAIN,02 WET,01 LEVEL,3 CURVE LEFT,ONE-WAY TRAFFICWAY,,NO CONTROLS,NOT CODED,2,NONE,NOT CODED,NOT CODED,NONE,NOT CODED,NOT CODED,30 CONCRETE TRAFFIC BARRIER,77 OTHER (SEE NARRATIVE),77 OTHER (SEE NARRATIVE),SWERVED OR AVOIDED:  DUE TO WI,NOT CODED,00 NOT CODED,00 NOT CODED,00 NOT CODED,00 NOT CODED,01 NO,1,0,0,0,1,0,1,1,N,N,N,N,Y,N,N,N,N,N,N,N,N,N,N,N,N,N,N,N,N,N,N,N,N,N,26.08865087,-80.16753677,583250.1578,2885767.393,O,,ARBM15Q1R2,28-Feb-22,1112763,-8924209.67,3010065.473
2.01785E+12,2017,854453040,FHPL17OFF010667,FLORIDA HIGHWAY PATROL,04 FOURTH,BROWARD,9-Feb-17,1110,FRIDAY,8638 FT. LAUDERDALE,1038,N,I 95,SR 842,0.35,S,26.1174856,-80.1690994,26.1163886,-80.1685808,86070000,9.915,5174,SR 9,I 95,R RIGHT,2 THRU LANE 2,N NORTH,01 INTERSTATE URBAN,01 INTERSTATE,18 THROUGH ROADWAY,01 ON ROADWAY,01 NOT AT INTERSECTION,01 PAVED,36,3-Oct-16,11 URBAN PRIN ART INT.,64,PAVED WARN,7,LAWN,8,,0,90,306000,RCI,7.5,1D0000,65,1 NO INJURY,31 Q/C COMPLETED - LOC VERIFIED,0 NO,01 NOT AT INTERSECTION/RRX/BRIDGE,01 DAYLIGHT,01 CLEAR,01 DRY,01 LEVEL,1 STRAIGHT,"TWO-WAY, DIVIDED, POSITIVE MED","TWO-WAY, DIVIDED, POSITIVE MED",NO CONTROLS,NO CONTROLS,9,NONE,NOT CODED,NOT CODED,NONE,NOT CODED,NOT CODED,14 MOTOR VEHICLE IN TRANSPORT,01 FRONT TO REAR,14 SLOWING,FOLLOWED TOO CLOSELY,NO CONTRIBUTING ACTION,00 NOT CODED,00 NOT CODED,00 NOT CODED,00 NOT CODED,01 NO,0,0,0,0,2,0,2,2,N,N,N,N,N,N,N,N,N,N,N,N,N,N,N,N,N,N,N,N,N,Y,N,N,Y,N,26.11635136,-80.16857732,583126.5055,2888834.625,R,,ARBM15Q1R2,28-Feb-22,1112896,-8924325.503,3013499.3
2.01785E+12,2017,854441530,FHPL17OFF001210,FLORIDA HIGHWAY PATROL,04 FOURTH,BROWARD,4-Jan-17,1613,THURSDAY,8638 FT. LAUDERDALE,1038,Y,I 95,SR 84,0.019,N,26.0941195,-80.1687169,26.1070806,-80.1685284,86070000,9.274,1882,SR 9,I 95,R RIGHT,1 THRU LANE 1,N NORTH,01 INTERSTATE URBAN,01 INTERSTATE,18 THROUGH ROADWAY,01 ON ROADWAY,01 NOT AT INTERSECTION,01 PAVED,36,3-Oct-16,11 URBAN PRIN ART INT.,48,PAVED,11,LAWN,12,,0,35,306000,RCI,7.5,0D4500,65,1 NO INJURY,31 Q/C COMPLETED - LOC VERIFIED,0 NO,01 NOT AT INTERSECTION/RRX/BRIDGE,01 DAYLIGHT,02 CLOUDY,01 DRY,01 LEVEL,1 STRAIGHT,"TWO-WAY, DIVIDED, POSITIVE MED","TWO-WAY, DIVIDED, POSITIVE MED",NO CONTROLS,NO CONTROLS,8,NONE,NOT CODED,NOT CODED,NONE,NOT CODED,NOT CODED,14 MOTOR VEHICLE IN TRANSPORT,01 FRONT TO REAR,01 STRAIGHT AHEAD,DROVE TOO FAST FOR CONDITIONS,NO CONTRIBUTING ACTION,00 NOT CODED,00 NOT CODED,00 NOT CODED,00 NOT CODED,01 NO,0,0,0,0,2,0,2,2,N,N,N,N,N,Y,N,N,N,N,N,Y,N,N,N,N,N,N,N,N,N,N,N,N,N,N,26.10704331,-80.16851846,583138.9755,2887803.773,R,,ARBM15Q1R2,28-Feb-22,1113305,-8924318.951,3012345.359
2.01785E+12,2017,854651430,FHPL17OFF019954,FLORIDA HIGHWAY PATROL,04 FOURTH,BROWARD,14-Mar-17,1320,WEDNESDAY,8638 FT. LAUDERDALE,1038,N,SR 9,DAVIE BLVD,0.1,N,26.1090554,-80.1686623,26.1082559,-80.1685021,86070000,9.355,1503,SR 9,I 95,L LEFT,S SIDE OF ROAD,S SOUTH,01 INTERSTATE URBAN,01 INTERSTATE,01 NON-JUNCTION,03 SHOULDER,01 NOT AT INTERSECTION,01 PAVED,36,3-Oct-16,11 URBAN PRIN ART INT.,48,PAVED WARN,11,LAWN,12,,0,18,306000,RCI,7.5,0D4500,65,0 UNKNOWN/NOT CODED,31 Q/C COMPLETED - LOC VERIFIED,0 NO,01 NOT AT INTERSECTION/RRX/BRIDGE,01 DAYLIGHT,01 CLEAR,01 DRY,01 LEVEL,1 STRAIGHT,"TWO-WAY, DIVIDED, POSITIVE MED",,NO CONTROLS,NOT CODED,8,NONE,NOT CODED,NOT CODED,NONE,NOT CODED,NOT CODED,30 CONCRETE TRAFFIC BARRIER,77 OTHER (SEE NARRATIVE),01 STRAIGHT AHEAD,NOT CODED,NOT CODED,00 NOT CODED,00 NOT CODED,00 NOT CODED,00 NOT CODED,01 NO,0,0,0,0,0,0,1,0,N,N,N,N,N,N,N,N,N,N,N,N,N,N,N,N,N,N,N,N,N,N,N,N,N,N,26.10820195,-80.16872909,583117.0942,2887931.96,L,,ARBM15Q1R2,28-Feb-22,1118252,-8924342.399,3012488.993
2.01785E+12,2017,854651560,FHPL17OFF024734,FLORIDA HIGHWAY PATROL,04 FOURTH,BROWARD,31-Mar-17,1054,SATURDAY,8638 FT. LAUDERDALE,1038,N,SR 9,SR 838,0.1,N,26.1380701,-80.1694955,26.1380582,-80.1692963,86070000,11.409,1935,SR 9,I 95,L LEFT,3 THRU LANE 3,S SOUTH,01 INTERSTATE URBAN,01 INTERSTATE,01 NON-JUNCTION,01 ON ROADWAY,01 NOT AT INTERSECTION,01 PAVED,40,3-Oct-16,11 URBAN PRIN ART INT.,60,PAVED WARN,11,LAWN,12,,0,26,242000,RCI,3.2,0D3000,65,1 NO INJURY,31 Q/C COMPLETED - LOC VERIFIED,0 NO,01 NOT AT INTERSECTION/RRX/BRIDGE,01 DAYLIGHT,02 CLOUDY,01 DRY,01 LEVEL,1 STRAIGHT,"TWO-WAY, DIVIDED, POSITIVE MED","TWO-WAY, DIVIDED, POSITIVE MED",NO CONTROLS,NO CONTROLS,10,NONE,NOT CODED,NOT CODED,NONE,NOT CODED,NOT CODED,14 MOTOR VEHICLE IN TRANSPORT,01 FRONT TO REAR,01 STRAIGHT AHEAD,OPERATED MV IN CARLESS OR NEGL,NO CONTRIBUTING ACTION,00 NOT CODED,00 NOT CODED,00 NOT CODED,00 NOT CODED,01 NO,0,0,0,0,3,0,3,5,N,N,N,N,N,N,N,N,N,N,Y,N,N,N,N,N,N,N,N,N,N,N,N,N,N,N,26.13799476,-80.16950732,583018.2176,2891231.099,L,,ARBM15Q1R2,28-Feb-22,1118256,-8924429.03,3016182.84
2.01785E+12,2017,854639440,FHPL17OFF032205,FLORIDA HIGHWAY PATROL,04 FOURTH,BROWARD,25-Apr-17,840,WEDNESDAY,8638 FT. LAUDERDALE,1038,N,I 95,OAKLAND PARK BLVD,0.189,S,26.1481805,-80.1691745,26.1629318,-80.161801,86070000,13.221,1527,SR 9,I 95,L LEFT,4 THRU LANE 4,S SOUTH,01 INTERSTATE URBAN,01 INTERSTATE,01 NON-JUNCTION,01 ON ROADWAY,01 NOT AT INTERSECTION,01 PAVED,40,3-Oct-16,11 URBAN PRIN ART INT.,60,PAVED,5,LAWN,4,,0,26,242000,RCI,3.2,,65,1 NO INJURY,31 Q/C COMPLETED - LOC VERIFIED,0 NO,01 NOT AT INTERSECTION/RRX/BRIDGE,01 DAYLIGHT,01 CLEAR,01 DRY,01 LEVEL,1 STRAIGHT,"TWO-WAY, DIVIDED, POSITIVE MED","TWO-WAY, DIVIDED, POSITIVE MED",NO CONTROLS,NO CONTROLS,10,NONE,NOT CODED,NOT CODED,NONE,NOT CODED,NOT CODED,"17 STRUCK BY FALLING, SHIFTING CA",77 OTHER (SEE NARRATIVE),01 STRAIGHT AHEAD,NO CONTRIBUTING ACTION,NO CONTRIBUTING ACTION,00 NOT CODED,00 NOT CODED,00 NOT CODED,00 NOT CODED,01 NO,0,0,0,0,2,0,2,3,N,N,Y,N,N,N,N,N,N,N,N,N,N,N,N,N,N,N,N,N,N,N,N,N,N,N,26.16288892,-80.16213769,583737.1661,2893992.935,L,,ARBM15Q1R2,28-Feb-22,1118296,-8923608.647,3019270.054
2.01785E+12,2017,854533580,FHPL17OFF007041,FLORIDA HIGHWAY PATROL,04 FOURTH,BROWARD,26-Jan-17,1839,FRIDAY,8638 FT. LAUDERDALE,1038,Y,SR 862,SR 9,0.6,W,26.0819499,-80.1688699,26.0835675,-80.1814061,86095000,9.658,3802,SR 862,I 595,R RIGHT,3 THRU LANE 3,E EAST,01 INTERSTATE URBAN,01 INTERSTATE,01 NON-JUNCTION,01 ON ROADWAY,01 NOT AT INTERSECTION,01 PAVED,51,13-Oct-03,11 URBAN PRIN ART INT.,48,PAVED,10,,0,,0,60,209000,RCI,4.4,,65,1 NO INJURY,31 Q/C COMPLETED - LOC VERIFIED,0 NO,01 NOT AT INTERSECTION/RRX/BRIDGE,05 DARK-NOT LIGHTED,01 CLEAR,01 DRY,01 LEVEL,1 STRAIGHT,"TWO-WAY, DIVIDED, POSITIVE MED","TWO-WAY, DIVIDED, POSITIVE MED",NO CONTROLS,NO CONTROLS,8,NONE,NOT CODED,NOT CODED,NONE,NOT CODED,NOT CODED,14 MOTOR VEHICLE IN TRANSPORT,01 FRONT TO REAR,01 STRAIGHT AHEAD,NOT CODED,NO CONTRIBUTING ACTION,00 NOT CODED,00 NOT CODED,00 NOT CODED,00 NOT CODED,01 NO,0,0,0,0,1,0,2,1,N,N,N,N,N,N,N,N,N,N,N,N,N,N,N,N,N,N,N,N,N,N,N,N,N,N,26.08350131,-80.18108589,581898.7113,2885188.481,R,,ARBM15Q1R2,28-Feb-22,1118327,-8925717.951,3009427.209
2.01785E+12,2017,854613030,FHPL17OFF034392,FLORIDA HIGHWAY PATROL,04 FOURTH,BROWARD,2-May-17,746,WEDNESDAY,8638 FT. LAUDERDALE,1038,Y,SR 862,SR 9,0.5,W,26.0827999,-80.1754399,26.0834326,-80.1803424,86095000,9.725,3802,SR 862,I 595,R RIGHT,5 THRU LANE 5,E EAST,01 INTERSTATE URBAN,01 INTERSTATE,01 NON-JUNCTION,01 ON ROADWAY,01 NOT AT INTERSECTION,01 PAVED,51,13-Oct-03,11 URBAN PRIN ART INT.,48,PAVED,10,,0,,0,60,209000,RCI,4.4,,65,1 NO INJURY,31 Q/C COMPLETED - LOC VERIFIED,0 NO,01 NOT AT INTERSECTION/RRX/BRIDGE,01 DAYLIGHT,02 CLOUDY,01 DRY,01 LEVEL,1 STRAIGHT,"TWO-WAY, DIVIDED, POSITIVE MED","TWO-WAY, DIVIDED, POSITIVE MED",NO CONTROLS,NO CONTROLS,8,NONE,NOT CODED,NOT CODED,NONE,NOT CODED,NOT CODED,14 MOTOR VEHICLE IN TRANSPORT,01 FRONT TO REAR,01 STRAIGHT AHEAD,FOLLOWED TOO CLOSELY,NO CONTRIBUTING ACTION,00 NOT CODED,00 NOT CODED,00 NOT CODED,00 NOT CODED,01 NO,0,0,0,0,2,0,2,3,N,N,N,N,N,N,N,N,N,N,N,N,N,N,N,N,N,N,N,N,N,N,N,N,N,N,26.08336305,-80.1800198,582005.43,2885173.839,R,,ARBM15Q1R2,28-Feb-22,1118401,-8925599.275,3009410.073
2.01785E+12,2017,854514070,FHPL17OFF001388,FLORIDA HIGHWAY PATROL,04 FOURTH,BROWARD,5-Jan-17,1023,FRIDAY,8638 FT. LAUDERDALE,1038,N,I 95,SR 818,0.189,N,26.06287,-80.1641599,26.0656055,-80.1646698,86070000,6.381,1491,SR 9,I 95,L LEFT,1 THRU LANE 1,S SOUTH,01 INTERSTATE URBAN,01 INTERSTATE,01 NON-JUNCTION,01 ON ROADWAY,01 NOT AT INTERSECTION,01 PAVED,36,4-Dec-16,11 URBAN PRIN ART INT.,60,PAVED,10,,0,,0,,272000,RCI,5.9,,65,4 INCAPACITATING INJURY,31 Q/C COMPLETED - LOC VERIFIED,0 NO,01 NOT AT INTERSECTION/RRX/BRIDGE,01 DAYLIGHT,02 CLOUDY,01 DRY,01 LEVEL,1 STRAIGHT,ONE-WAY TRAFFICWAY,ONE-WAY TRAFFICWAY,NO CONTROLS,NO CONTROLS,9,NONE,NOT CODED,NOT CODED,NONE,NOT CODED,NOT CODED,14 MOTOR VEHICLE IN TRANSPORT,01 FRONT TO REAR,01 STRAIGHT AHEAD,OPERATED MV IN CARLESS OR NEGL,NO CONTRIBUTING ACTION,00 NOT CODED,00 NOT CODED,00 NOT CODED,00 NOT CODED,01 NO,2,0,1,0,3,0,3,4,N,N,N,N,N,N,N,N,N,N,N,N,N,N,N,Y,N,N,N,N,N,N,N,N,N,N,26.06554251,-80.16492574,583527.6825,2883209.765,L,,ARBM15Q1R2,28-Feb-22,1118711,-8923919.011,3007201.522
2.01785E+12,2017,854514100,FHPL17OFF007841,FLORIDA HIGHWAY PATROL,04 FOURTH,BROWARD,30-Jan-17,655,TUESDAY,8638 FT. LAUDERDALE,1038,N,I 95,SR 736,0.095,S,26.1059358,-80.1692701,26.1050651,-80.1686438,86070000,9.135,1497,SR 9,I 95,L LEFT,1 THRU LANE 1,S SOUTH,01 INTERSTATE URBAN,01 INTERSTATE,01 NON-JUNCTION,01 ON ROADWAY,01 NOT AT INTERSECTION,01 PAVED,36,3-Oct-16,11 URBAN PRIN ART INT.,48,PAVED,8,LAWN,12,,0,35,198500,RCI,5.9,0D4500,65,1 NO INJURY,31 Q/C COMPLETED - LOC VERIFIED,0 NO,01 NOT AT INTERSECTION/RRX/BRIDGE,01 DAYLIGHT,01 CLEAR,01 DRY,01 LEVEL,1 STRAIGHT,ONE-WAY TRAFFICWAY,ONE-WAY TRAFFICWAY,NO CONTROLS,NO CONTROLS,8,NONE,NOT CODED,NOT CODED,NONE,NOT CODED,NOT CODED,14 MOTOR VEHICLE IN TRANSPORT,"04 SIDESWIPE, SAME DIRECTION",06 CHANGING LANES,FAILED TO YIELD RIGHT-OF-WAY,NO CONTRIBUTING ACTION,00 NOT CODED,00 NOT CODED,00 NOT CODED,00 NOT CODED,01 NO,0,0,0,0,2,0,2,2,N,N,Y,N,Y,N,N,N,N,N,N,N,N,N,N,N,N,N,N,N,N,N,N,N,N,N,26.10500813,-80.16885721,583106.5416,2887578.156,L,,ARBM15Q1R2,28-Feb-22,1118712,-8924356.66,3012093.065
2.01785E+12,2017,854612920,FHPL17OFF027117,FLORIDA HIGHWAY PATROL,04 FOURTH,BROWARD,8-Apr-17,350,SUNDAY,8638 FT. LAUDERDALE,1038,Y,I 95,COMMERCIAL BLVD,0.189,N,26.18842,-80.15183,26.1912517,-80.1516171,86070000,15.295,5201,SR 9,I 95,M MEDIAN,M MIDDLE,N NORTH,01 INTERSTATE URBAN,01 INTERSTATE,01 NON-JUNCTION,03 SHOULDER,01 NOT AT INTERSECTION,01 PAVED,34,3-Oct-16,11 URBAN PRIN ART INT.,48,PAVED WARN,13,LAWN,8,,0,26,275000,RCI,6.8,0D4500,65,3 NO-INCAPACITATING INJURY,31 Q/C COMPLETED - LOC VERIFIED,0 NO,01 NOT AT INTERSECTION/RRX/BRIDGE,04 DARK-LIGHTED,02 CLOUDY,01 DRY,01 LEVEL,2 CURVE RIGHT,"TWO-WAY, DIVIDED, POSITIVE MED",,NO CONTROLS,NOT CODED,8,NONE,NOT CODED,NOT CODED,NONE,NOT CODED,NOT CODED,30 CONCRETE TRAFFIC BARRIER,77 OTHER (SEE NARRATIVE),15 NEGOTIATING A CURVE,OTHER CONTRIBUTING ACTION,NOT CODED,00 NOT CODED,00 NOT CODED,00 NOT CODED,00 NOT CODED,01 NO,2,0,0,0,1,0,1,3,N,N,N,N,Y,N,N,N,N,N,N,N,N,N,N,N,N,N,N,N,N,N,N,N,N,N,26.19122908,-80.15160929,584768.9321,2897138.546,R,,ARBM15Q1R2,28-Feb-22,1118772,-8922436.631,3022785.421
2.01785E+12,2017,854612950,FHPL17OFF027922,FLORIDA HIGHWAY PATROL,04 FOURTH,BROWARD,11-Apr-17,504,WEDNESDAY,8638 FT. LAUDERDALE,1038,Y,I 595,I 95,0.25,E,26.0819499,-80.1688699,26.0818663,-80.1679072,86095000,10.508,5867,SR 862,I 595,L LEFT,2 THRU LANE 2,W WEST,01 INTERSTATE URBAN,01 INTERSTATE,01 NON-JUNCTION,01 ON ROADWAY,01 NOT AT INTERSECTION,01 PAVED,37,19-Jun-17,11 URBAN PRIN ART INT.,36,PAVED,20,LAWN,12,,0,45,81000,RCI,6.5,0D12,65,1 NO INJURY,31 Q/C COMPLETED - LOC VERIFIED,0 NO,01 NOT AT INTERSECTION/RRX/BRIDGE,05 DARK-NOT LIGHTED,02 CLOUDY,02 WET,01 LEVEL,1 STRAIGHT,"TWO-WAY, DIVIDED, POSITIVE MED","TWO-WAY, DIVIDED, POSITIVE MED",NO CONTROLS,NO CONTROLS,5,NONE,NOT CODED,NOT CODED,NONE,NOT CODED,NOT CODED,14 MOTOR VEHICLE IN TRANSPORT,01 FRONT TO REAR,01 STRAIGHT AHEAD,FOLLOWED TOO CLOSELY,NO CONTRIBUTING ACTION,00 NOT CODED,00 NOT CODED,00 NOT CODED,00 NOT CODED,01 NO,0,0,0,0,2,0,2,2,N,N,N,N,N,N,N,N,N,N,N,N,N,N,N,N,N,N,N,N,N,Y,Y,N,N,N,26.08211926,-80.16773283,583235.1707,2885043.878,L,,ARBM15Q1R2,28-Feb-22,1118774,-8924231.496,3009255.916
2.01785E+12,2017,854624960,FHPL17OFF005767,FLORIDA HIGHWAY PATROL,04 FOURTH,BROWARD,22-Jan-17,403,MONDAY,8638 FT. LAUDERDALE,1038,Y,SR 9,CYPRESS CREEK RD,0.2,N,26.2007388,-80.1467715,26.205993,-80.1411648,86070000,16.537,2567,SR 9,I 95,L LEFT,S SIDE OF ROAD,N NORTH,01 INTERSTATE URBAN,01 INTERSTATE,01 NON-JUNCTION,01 ON ROADWAY,01 NOT AT INTERSECTION,01 PAVED,34,3-Oct-16,11 URBAN PRIN ART INT.,48,PAVED WARN,13,LAWN,7,,0,26,233000,RCI,5.9,,65,1 NO INJURY,31 Q/C COMPLETED - LOC VERIFIED,0 NO,01 NOT AT INTERSECTION/RRX/BRIDGE,04 DARK-LIGHTED,02 CLOUDY,02 WET,01 LEVEL,1 STRAIGHT,"TWO-WAY, DIVIDED, POSITIVE MED",,NO CONTROLS,NOT CODED,8,NONE,NOT CODED,NOT CODED,NONE,NOT CODED,NOT CODED,30 CONCRETE TRAFFIC BARRIER,77 OTHER (SEE NARRATIVE),01 STRAIGHT AHEAD,OPERATED MV IN CARLESS OR NEGL,NOT CODED,00 NOT CODED,00 NOT CODED,00 NOT CODED,00 NOT CODED,01 NO,0,0,0,0,1,0,1,1,N,N,N,N,Y,N,N,N,N,N,N,N,N,N,N,N,N,N,N,N,N,N,N,N,N,N,26.20597327,-80.1414937,585768.8975,2898778.175,L,,ARBM15Q1R2,28-Feb-22,1118780,-8921310.569,3024614.656
2.01785E+12,2017,854609170,FHPL17OFF004314,FLORIDA HIGHWAY PATROL,04 FOURTH,BROWARD,16-Jan-17,1654,TUESDAY,8638 FT. LAUDERDALE,1038,N,SR 9,SR 842,1,S,26.12162,-80.16897,26.1059933,-80.1685934,86070000,9.199,1927,SR 9,I 95,R RIGHT,1 THRU LANE 1,N NORTH,01 INTERSTATE URBAN,01 INTERSTATE,01 NON-JUNCTION,01 ON ROADWAY,01 NOT AT INTERSECTION,01 PAVED,36,3-Oct-16,11 URBAN PRIN ART INT.,48,PAVED,11,LAWN,12,,0,35,198500,RCI,5.9,0D4500,65,2 POSSIBLE INJURY,31 Q/C COMPLETED - LOC VERIFIED,0 NO,01 NOT AT INTERSECTION/RRX/BRIDGE,01 DAYLIGHT,01 CLEAR,01 DRY,01 LEVEL,1 STRAIGHT,"TWO-WAY, DIVIDED, POSITIVE MED","TWO-WAY, DIVIDED, POSITIVE MED",NO CONTROLS,NO CONTROLS,8,NONE,NOT CODED,NOT CODED,NONE,NOT CODED,NOT CODED,14 MOTOR VEHICLE IN TRANSPORT,01 FRONT TO REAR,01 STRAIGHT AHEAD,OPERATED MV IN CARLESS OR NEGL,NO CONTRIBUTING ACTION,00 NOT CODED,00 NOT CODED,00 NOT CODED,00 NOT CODED,01 NO,1,0,0,0,2,0,2,2,N,N,N,N,N,N,N,N,N,N,N,N,N,N,N,N,N,N,N,N,N,N,N,N,N,N,26.10595443,-80.16856768,583134.8239,2887683.145,R,,ARBM15Q1R2,28-Feb-22,1119636,-8924324.43,3012210.374