Crash Id,Calendar Year,FDOT Crash Number,Reporting Agency Case Number,Reporting Agency Type,FDOT Managing District,County Name,Crash Date,Crash Time,Day,DHSMV City,Crash Report City Code,In Town,On Roadway Name,Int Roadway Name,Reference Distance (Miles),Reference Direction,Officer Latitude,Officer Longitude,FDOT Latitude,FDOT Longitude,FDOT Roadway,Nearest Inventory MP,Nearest Node From Crash,State Road #,US Highway,Crash Side of Road,Accident Lane Number,Travel Direction Vehicle 1,FDOT Road Category,DHSMV Road System Id,Relation to Junction,Crash Harmful Event Location,Intersection Type,Shoulder Type,FDOT Roadway SKID Test Result,FDOT Roadway SKID Test Date,Functional Class,RCI Surface Width,RCI Shoulder Type First,RCI Shoulder Width First,RCI Shoulder Type Second,RCI Shoulder Width Second,RCI Shoulder Type Third,RCI Shoulder Width Third,RCI Median Width,Avg Daily Traffic,AADT Source,RCI Avg Per Truck Traffic,RCI Horiz Curve Condition,Posted Speed Limit,Highest Injury in Crash,CAR Status Code,Alcohols/Drug Involved,Site Location,Lighting,Weather,Road Surface,Roadway Grade,Roadway Alignment,Traffic Way Vehicle 1,Traffic Way Vehicle 2,Traffic Control Vehicle 1,Traffic Control Vehicle 2,Count of Lanes,Road Condition 1,Road Condition 2,Road Condition 3,Environment Condition 1,Environment Condition 2,Environment Condition 3,Crash Harmful Event,Manner of Collision,Vehicle Movement,Driver Action Vehicle 1,Driver Action Vehicle 2,Location Within Workzone,Type of Workzone,Workers Present in Workzone,Law Enforcement Present in Workzone,School Bus Related,Count of Nonfatal Injuries,Count of Traffic Fatalities,Count of Serious Injuries,Count of Pedestrians,Count of Drivers,Count of Bicyclists,Count of Vehicles,Count of Persons,Wrong Way,Workzone Inv,Commercial Vehicle Inv,Intersection Inv,Lane Departure,Speeding,Agressive Driving,Impaired Driver,Impaired Pedestrian,Impaired Bicyclist,Distracted Driver,Speeding or Aggressive Driving,Pedestrian Related,Bicyclist Related,Pedestrian or Bicyclist Related,Motorcycle Inv,No Belt,No Belt - Ages 1-4,No Belt - Ages 5-12,No Belt - Ages 13-17,Driver - Ages Teen,Driver - Ages 65 plus,Driver - Ages 65-69,Driver - Ages 70-74,Driver - Ages 75-79,Driver - Ages 80 plus,ARBM Latitude,ARBM Longitude,UTM Zone 17N X,UTM Zone 17N Y,ARBM Side of Road,Urban Rural Indicator,GIS Street Source,Extract Date,OBJECTID,x,y
2.01785E+12,2017,854315120,FHPL17OFF001921,FLORIDA HIGHWAY PATROL,04 FOURTH,BROWARD,7-Jan-17,1030,SUNDAY,8638 FT. LAUDERDALE,1038,N,SR 9,SR 862,0.913,S,26.0822499,-80.16883,26.0999265,-80.1691639,86095056,0.913,5067,SR 862,I 595,L LEFT,X RAMP,S SOUTH,07 RAMP URBAN,01 INTERSTATE,14 ENTRANCE/EXIT RAMP,01 ON ROADWAY,01 NOT AT INTERSECTION,01 PAVED,0,31-Dec-00,,36,PAVED,10,,0,,0,,14000,RCI,4.4,,,2 POSSIBLE INJURY,31 Q/C COMPLETED - LOC VERIFIED,0 NO,08 EXIT RAMP,01 DAYLIGHT,01 CLEAR,01 DRY,01 LEVEL,1 STRAIGHT,"TWO-WAY, DIVIDED, POSITIVE MED",,NO CONTROLS,NOT CODED,3,NONE,NOT CODED,NOT CODED,NONE,NOT CODED,NOT CODED,30 CONCRETE TRAFFIC BARRIER,77 OTHER (SEE NARRATIVE),77 OTHER (SEE NARRATIVE),NO CONTRIBUTING ACTION,NOT CODED,00 NOT CODED,00 NOT CODED,00 NOT CODED,00 NOT CODED,01 NO,1,0,0,0,1,0,1,1,N,N,N,N,Y,N,N,N,N,N,N,N,N,N,N,N,N,N,N,N,N,N,N,N,N,N,26.09990833,-80.16918455,583077.4128,2887013.131,O,,ARBM15Q1R2,28-Feb-22,1451088,-8924393.1,3011460.88
2.01785E+12,2017,854262840,FHPL17OFF016988,FLORIDA HIGHWAY PATROL,04 FOURTH,BROWARD,3-Mar-17,2340,SATURDAY,8638 FT. LAUDERDALE,1038,Y,I 95,DAVIE BLVD,0.019,S,26.1062346,-80.1676514,26.10626,-80.1678761,86070036,0.205,363,SR 9,I 95,R RIGHT,X RAMP,N NORTH,07 RAMP URBAN,01 INTERSTATE,01 NON-JUNCTION,01 ON ROADWAY,01 NOT AT INTERSECTION,01 PAVED,0,31-Dec-00,,36,PAVED,6,VALLEY GUTR,4,,0,,11500,RCI,4,,,1 NO INJURY,31 Q/C COMPLETED - LOC VERIFIED,0 NO,08 EXIT RAMP,04 DARK-LIGHTED,01 CLEAR,01 DRY,01 LEVEL,1 STRAIGHT,"TWO-WAY, DIVIDED, POSITIVE MED","TWO-WAY, DIVIDED, POSITIVE MED",TRAFFIC CONTROL SIGNAL,TRAFFIC CONTROL SIGNAL,3,NONE,NOT CODED,NOT CODED,NONE,NOT CODED,NOT CODED,14 MOTOR VEHICLE IN TRANSPORT,01 FRONT TO REAR,01 STRAIGHT AHEAD,NO CONTRIBUTING ACTION,NO CONTRIBUTING ACTION,00 NOT CODED,00 NOT CODED,00 NOT CODED,00 NOT CODED,01 NO,0,0,0,0,2,0,2,2,N,N,N,N,N,N,N,N,N,N,N,N,N,N,N,N,N,N,N,N,N,N,N,N,N,N,26.10626021,-80.16789675,583201.6965,2887717.439,O,,ARBM15Q1R2,28-Feb-22,1451158,-8924249.743,3012248.28
2.01785E+12,2017,854203520,FHPL17OFF011529,FLORIDA HIGHWAY PATROL,04 FOURTH,BROWARD,12-Feb-17,1027,MONDAY,8638 FT. LAUDERDALE,1038,Y,I 95,DAVIE BLVD,0.009,N,26.10661,-80.16853,26.1070906,-80.1693149,86095056,0.417,5064,SR 862,I 595,L LEFT,X RAMP,S SOUTH,07 RAMP URBAN,01 INTERSTATE,14 ENTRANCE/EXIT RAMP,01 ON ROADWAY,01 NOT AT INTERSECTION,01 PAVED,0,31-Dec-00,,24,PAVED,3,VALLEY GUTR,12,,0,,14000,RCI,4.4,,,2 POSSIBLE INJURY,31 Q/C COMPLETED - LOC VERIFIED,0 NO,08 EXIT RAMP,01 DAYLIGHT,01 CLEAR,01 DRY,01 LEVEL,1 STRAIGHT,"TWO-WAY, DIVIDED, POSITIVE MED","TWO-WAY, DIVIDED, POSITIVE MED",NO CONTROLS,NO CONTROLS,2,NONE,NOT CODED,NOT CODED,NONE,NOT CODED,NOT CODED,14 MOTOR VEHICLE IN TRANSPORT,01 FRONT TO REAR,01 STRAIGHT AHEAD,OPERATED MV IN CARLESS OR NEGL,NO CONTRIBUTING ACTION,00 NOT CODED,00 NOT CODED,00 NOT CODED,00 NOT CODED,01 NO,1,0,0,0,3,0,3,5,N,N,N,N,N,N,N,N,N,N,N,N,N,N,N,N,N,N,N,N,N,Y,N,N,Y,N,26.10708176,-80.16930508,583060.2914,2887807.53,O,,ARBM15Q1R2,28-Feb-22,1451416,-8924406.517,3012350.126
2.01785E+12,2017,854203530,FHPL17OFF012348,FLORIDA HIGHWAY PATROL,04 FOURTH,BROWARD,15-Feb-17,927,THURSDAY,8638 FT. LAUDERDALE,1038,Y,SR 9,SUNRISE BLVD,0.25,S,26.13643,-80.16951,26.1325842,-80.1692194,86070000,11.032,1888,SR 9,I 95,R RIGHT,6 THRU LANE 6,N NORTH,01 INTERSTATE URBAN,01 INTERSTATE,18 THROUGH ROADWAY,01 ON ROADWAY,01 NOT AT INTERSECTION,01 PAVED,40,3-Oct-16,11 URBAN PRIN ART INT.,60,PAVED WARN,8,LAWN,6,,0,26,306000,RCI,7.5,,65,1 NO INJURY,31 Q/C COMPLETED - LOC VERIFIED,0 NO,01 NOT AT INTERSECTION/RRX/BRIDGE,01 DAYLIGHT,01 CLEAR,01 DRY,01 LEVEL,1 STRAIGHT,"TWO-WAY, DIVIDED, POSITIVE MED",,NO CONTROLS,NOT CODED,10,NONE,NOT CODED,NOT CODED,NONE,NOT CODED,NOT CODED,18 OTHER NON-FIXED OBJECT,77 OTHER (SEE NARRATIVE),01 STRAIGHT AHEAD,NO CONTRIBUTING ACTION,NOT CODED,00 NOT CODED,00 NOT CODED,00 NOT CODED,00 NOT CODED,01 NO,0,0,0,0,1,0,1,1,N,N,N,N,N,N,N,N,N,N,N,N,N,N,N,N,N,N,N,N,N,N,N,N,N,N,26.13254956,-80.169225,583050.2924,2890628.208,R,,ARBM15Q1R2,28-Feb-22,1451417,-8924397.603,3015507.65
2.01785E+12,2017,854401790,FHPL17OFF000962,FLORIDA HIGHWAY PATROL,04 FOURTH,BROWARD,3-Jan-17,1649,WEDNESDAY,8638 FT. LAUDERDALE,1038,N,SR 9,SR 842,1,S,26.12162,-80.16897,26.1069502,-80.168537,86070000,9.265,1882,SR 9,I 95,L LEFT,2 THRU LANE 2,S SOUTH,01 INTERSTATE URBAN,01 INTERSTATE,01 NON-JUNCTION,01 ON ROADWAY,01 NOT AT INTERSECTION,01 PAVED,36,3-Oct-16,11 URBAN PRIN ART INT.,48,PAVED,11,LAWN,12,,0,35,306000,RCI,7.5,0D4500,65,1 NO INJURY,31 Q/C COMPLETED - LOC VERIFIED,2 DRG,01 NOT AT INTERSECTION/RRX/BRIDGE,01 DAYLIGHT,01 CLEAR,01 DRY,01 LEVEL,1 STRAIGHT,"TWO-WAY, DIVIDED, POSITIVE MED","TWO-WAY, DIVIDED, POSITIVE MED",NO CONTROLS,NO CONTROLS,8,NONE,NOT CODED,NOT CODED,NONE,NOT CODED,NOT CODED,14 MOTOR VEHICLE IN TRANSPORT,01 FRONT TO REAR,01 STRAIGHT AHEAD,NO CONTRIBUTING ACTION,NO CONTRIBUTING ACTION,00 NOT CODED,00 NOT CODED,00 NOT CODED,00 NOT CODED,01 NO,0,0,0,0,2,0,2,2,N,N,N,N,N,N,N,N,N,N,N,N,N,N,N,N,N,N,N,N,N,N,N,N,N,N,26.10689538,-80.16878272,583112.6552,2887787.22,L,,ARBM15Q1R2,28-Feb-22,1451829,-8924348.369,3012327.02
2.01785E+12,2017,854401810,FHPL17OFF000975,FLORIDA HIGHWAY PATROL,04 FOURTH,BROWARD,3-Jan-17,1739,WEDNESDAY,8638 FT. LAUDERDALE,1038,N,SR 9,SR 870,0.019,S,26.1881456,-80.1521537,26.1874856,-80.1519326,86070000,15.035,5900,SR 9,I 95,L LEFT,4 THRU LANE 4,S SOUTH,01 INTERSTATE URBAN,01 INTERSTATE,01 NON-JUNCTION,01 ON ROADWAY,01 NOT AT INTERSECTION,01 PAVED,34,3-Oct-16,11 URBAN PRIN ART INT.,48,PAVED WARN,9,VALLEY GUTR,4,,0,26,275000,RCI,6.8,,65,1 NO INJURY,31 Q/C COMPLETED - LOC VERIFIED,0 NO,01 NOT AT INTERSECTION/RRX/BRIDGE,04 DARK-LIGHTED,01 CLEAR,01 DRY,00 NOT CODED,0 NOT CODED,"TWO-WAY, DIVIDED, POSITIVE MED","TWO-WAY, DIVIDED, POSITIVE MED",NO CONTROLS,NO CONTROLS,8,NONE,NOT CODED,NOT CODED,NONE,NOT CODED,NOT CODED,14 MOTOR VEHICLE IN TRANSPORT,01 FRONT TO REAR,01 STRAIGHT AHEAD,NOT CODED,NO CONTRIBUTING ACTION,00 NOT CODED,00 NOT CODED,00 NOT CODED,00 NOT CODED,01 NO,0,0,0,0,1,0,2,1,N,N,N,N,N,N,N,N,N,N,N,N,N,N,N,N,N,N,N,N,N,N,N,N,N,N,26.18742066,-80.15215545,584717.1134,2896716.391,L,,ARBM15Q1R2,28-Feb-22,1451830,-8922497.429,3022312.968
2.01785E+12,2017,854382090,FHPL17OFF032174,FLORIDA HIGHWAY PATROL,04 FOURTH,BROWARD,25-Apr-17,700,WEDNESDAY,8638 FT. LAUDERDALE,1038,N,I 95,CYPRESS CRESEK RD,0.25,S,26.2003955,-80.1471199,26.2003523,-80.1472041,86070000,15.997,2030,SR 9,I 95,R RIGHT,4 THRU LANE 4,N NORTH,01 INTERSTATE URBAN,01 INTERSTATE,01 NON-JUNCTION,01 ON ROADWAY,01 NOT AT INTERSECTION,01 PAVED,34,3-Oct-16,11 URBAN PRIN ART INT.,48,PAVED WARN,5,LAWN,12,,0,26,275000,RCI,6.8,,65,1 NO INJURY,31 Q/C COMPLETED - LOC VERIFIED,0 NO,01 NOT AT INTERSECTION/RRX/BRIDGE,03 DAWN,01 CLEAR,01 DRY,01 LEVEL,1 STRAIGHT,"TWO-WAY, DIVIDED, POSITIVE MED","TWO-WAY, DIVIDED, POSITIVE MED",NO CONTROLS,NO CONTROLS,8,NONE,NOT CODED,NOT CODED,NONE,NOT CODED,NOT CODED,14 MOTOR VEHICLE IN TRANSPORT,01 FRONT TO REAR,01 STRAIGHT AHEAD,NOT CODED,NO CONTRIBUTING ACTION,00 NOT CODED,00 NOT CODED,00 NOT CODED,00 NOT CODED,01 NO,0,0,0,0,1,0,2,1,N,N,N,N,N,N,N,N,N,N,N,N,N,N,N,N,N,N,N,N,N,N,N,N,N,N,26.20036484,-80.14724722,585198.1503,2898153.225,R,,ARBM15Q1R2,28-Feb-22,1451883,-8921951.047,3023918.819
2.01785E+12,2017,854029170,FHPL17OFF004468,FLORIDA HIGHWAY PATROL,04 FOURTH,BROWARD,17-Jan-17,1030,WEDNESDAY,8638 FT. LAUDERDALE,1038,N,SR 9,SR 838,0.25,S,26.13643,-80.16951,26.1325842,-80.1692194,86070000,11.032,1888,SR 9,I 95,R RIGHT,1 THRU LANE 1,N NORTH,01 INTERSTATE URBAN,01 INTERSTATE,01 NON-JUNCTION,01 ON ROADWAY,01 NOT AT INTERSECTION,01 PAVED,40,3-Oct-16,11 URBAN PRIN ART INT.,60,PAVED WARN,8,LAWN,6,,0,26,306000,RCI,7.5,,65,2 POSSIBLE INJURY,31 Q/C COMPLETED - LOC VERIFIED,0 NO,01 NOT AT INTERSECTION/RRX/BRIDGE,01 DAYLIGHT,01 CLEAR,01 DRY,01 LEVEL,1 STRAIGHT,"TWO-WAY, DIVIDED, POSITIVE MED","TWO-WAY, DIVIDED, POSITIVE MED",NO CONTROLS,NO CONTROLS,10,NONE,NOT CODED,NOT CODED,NONE,NOT CODED,NOT CODED,14 MOTOR VEHICLE IN TRANSPORT,01 FRONT TO REAR,01 STRAIGHT AHEAD,OPERATED MV IN CARLESS OR NEGL,NO CONTRIBUTING ACTION,00 NOT CODED,00 NOT CODED,00 NOT CODED,00 NOT CODED,01 NO,1,0,0,0,2,0,2,2,N,N,N,N,N,N,N,N,N,N,N,N,N,N,N,N,N,N,N,N,N,Y,Y,N,N,N,26.13254956,-80.169225,583050.2924,2890628.208,R,,ARBM15Q1R2,28-Feb-22,1452559,-8924397.603,3015507.65
2.01785E+12,2017,854029280,FHPL17OFF012353,FLORIDA HIGHWAY PATROL,04 FOURTH,BROWARD,15-Feb-17,945,THURSDAY,8638 FT. LAUDERDALE,1038,Y,I 595,SR 9,0.5,E,26.0816236,-80.1597693,26.0815011,-80.1639202,86095000,10.758,4084,SR 862,I 595,L LEFT,4 THRU LANE 4,W WEST,01 INTERSTATE URBAN,01 INTERSTATE,01 NON-JUNCTION,01 ON ROADWAY,01 NOT AT INTERSECTION,01 PAVED,37,19-Jun-17,11 URBAN PRIN ART INT.,36,PAVED,20,LAWN,12,,0,45,81000,RCI,6.5,0D12,65,1 NO INJURY,31 Q/C COMPLETED - LOC VERIFIED,0 NO,01 NOT AT INTERSECTION/RRX/BRIDGE,01 DAYLIGHT,01 CLEAR,01 DRY,01 LEVEL,1 STRAIGHT,"TWO-WAY, DIVIDED, POSITIVE MED","TWO-WAY, DIVIDED, POSITIVE MED",NO CONTROLS,NO CONTROLS,5,WORK ZONE (CONST/MNT/UTLTY)NTE,NOT CODED,NOT CODED,NONE,NOT CODED,NOT CODED,"17 STRUCK BY FALLING, SHIFTING CA",77 OTHER (SEE NARRATIVE),01 STRAIGHT AHEAD,OTHER CONTRIBUTING ACTION,NO CONTRIBUTING ACTION,00 NOT CODED,00 NOT CODED,00 NOT CODED,00 NOT CODED,01 NO,0,0,0,0,2,0,2,2,N,Y,Y,N,N,N,N,N,N,N,N,N,N,N,N,N,N,N,N,N,N,N,N,N,N,N,26.08172038,-80.16374625,583634.171,2885002.254,L,,ARBM15Q1R2,28-Feb-22,1453448,-8923787.71,3009206.479
2.01785E+12,2017,854385660,FHPL17OFF009892,FLORIDA HIGHWAY PATROL,04 FOURTH,BROWARD,6-Feb-17,1535,TUESDAY,8638 FT. LAUDERDALE,1038,Y,I 95,SR 838,0.15,S,26.12162,-80.16897,26.1340367,-80.1692275,86070000,11.132,1888,SR 9,I 95,R RIGHT,6 THRU LANE 6,S SOUTH,01 INTERSTATE URBAN,01 INTERSTATE,01 NON-JUNCTION,01 ON ROADWAY,01 NOT AT INTERSECTION,01 PAVED,40,3-Oct-16,11 URBAN PRIN ART INT.,60,PAVED WARN,11,LAWN,6,,0,26,306000,RCI,7.5,,65,3 NO-INCAPACITATING INJURY,31 Q/C COMPLETED - LOC VERIFIED,0 NO,01 NOT AT INTERSECTION/RRX/BRIDGE,01 DAYLIGHT,02 CLOUDY,01 DRY,03 UPHILL,1 STRAIGHT,"TWO-WAY, DIVIDED, POSITIVE MED","TWO-WAY, DIVIDED, POSITIVE MED",NO CONTROLS,NO CONTROLS,10,NONE,NOT CODED,NOT CODED,NONE,NOT CODED,NOT CODED,14 MOTOR VEHICLE IN TRANSPORT,01 FRONT TO REAR,01 STRAIGHT AHEAD,NOT CODED,NO CONTRIBUTING ACTION,00 NOT CODED,00 NOT CODED,00 NOT CODED,00 NOT CODED,01 NO,1,0,0,0,1,0,2,1,N,N,N,N,N,N,N,N,N,N,N,N,N,N,N,N,N,N,N,N,N,N,N,N,N,N,26.13400181,-80.16922732,583049.0331,2890789.047,R,,ARBM15Q1R2,28-Feb-22,1454131,-8924397.861,3015687.722
2.01785E+12,2017,854385710,FHPL17OFF010486,FLORIDA HIGHWAY PATROL,04 FOURTH,BROWARD,8-Feb-17,1638,THURSDAY,8638 FT. LAUDERDALE,1038,Y,I 595,I 95,0.15,E,26.0819499,-80.1688699,26.0816499,-80.1658856,86095000,10.635,4083,SR 862,I 595,L LEFT,1 THRU LANE 1,W WEST,01 INTERSTATE URBAN,01 INTERSTATE,01 NON-JUNCTION,01 ON ROADWAY,01 NOT AT INTERSECTION,01 PAVED,37,19-Jun-17,11 URBAN PRIN ART INT.,36,PAVED,20,LAWN,12,,0,45,81000,RCI,6.5,0D12,65,3 NO-INCAPACITATING INJURY,31 Q/C COMPLETED - LOC VERIFIED,0 NO,01 NOT AT INTERSECTION/RRX/BRIDGE,01 DAYLIGHT,03 RAIN,02 WET,01 LEVEL,1 STRAIGHT,"TWO-WAY, DIVIDED, POSITIVE MED","TWO-WAY, DIVIDED, POSITIVE MED",NO CONTROLS,NO CONTROLS,5,NONE,NOT CODED,NOT CODED,NONE,NOT CODED,NOT CODED,14 MOTOR VEHICLE IN TRANSPORT,01 FRONT TO REAR,01 STRAIGHT AHEAD,OPERATED MV IN CARLESS OR NEGL,NO CONTRIBUTING ACTION,00 NOT CODED,00 NOT CODED,00 NOT CODED,00 NOT CODED,01 NO,2,0,0,0,3,0,3,3,N,N,N,N,N,N,N,N,N,N,Y,N,N,N,N,N,N,N,N,N,N,N,N,N,N,N,26.08188117,-80.16571254,583437.3987,2885018.801,L,,ARBM15Q1R2,28-Feb-22,1454132,-8924006.597,3009226.407
2.01785E+12,2017,854385720,FHPL17OFF010529,FLORIDA HIGHWAY PATROL,04 FOURTH,BROWARD,8-Feb-17,1906,THURSDAY,8638 FT. LAUDERDALE,1038,Y,I 95,I 595 EB,0.25,N,26.0755806,-80.16815,26.1151108,-80.1685802,86070000,9.827,1568,SR 9,I 95,R RIGHT,3 THRU LANE 3,S SOUTH,01 INTERSTATE URBAN,01 INTERSTATE,01 NON-JUNCTION,01 ON ROADWAY,01 NOT AT INTERSECTION,01 PAVED,36,3-Oct-16,11 URBAN PRIN ART INT.,64,PAVED WARN,7,LAWN,8,,0,90,306000,RCI,7.5,1D0000,65,1 NO INJURY,31 Q/C COMPLETED - LOC VERIFIED,0 NO,01 NOT AT INTERSECTION/RRX/BRIDGE,04 DARK-LIGHTED,02 CLOUDY,01 DRY,01 LEVEL,1 STRAIGHT,"TWO-WAY, DIVIDED, POSITIVE MED","TWO-WAY, DIVIDED, POSITIVE MED",NO CONTROLS,NO CONTROLS,9,NONE,NOT CODED,NOT CODED,NONE,NOT CODED,NOT CODED,14 MOTOR VEHICLE IN TRANSPORT,01 FRONT TO REAR,01 STRAIGHT AHEAD,OPERATED MV IN CARLESS OR NEGL,NO CONTRIBUTING ACTION,00 NOT CODED,00 NOT CODED,00 NOT CODED,00 NOT CODED,01 NO,0,0,0,0,2,0,2,2,N,N,N,N,N,N,N,N,N,N,Y,N,N,N,N,N,N,N,N,N,N,N,N,N,N,N,26.11507354,-80.16857378,583127.7631,2888693.106,R,,ARBM15Q1R2,28-Feb-22,1454133,-8924325.11,3013340.88
2.01785E+12,2017,854400740,FHPL17OFF002980,FLORIDA HIGHWAY PATROL,04 FOURTH,BROWARD,11-Jan-17,1415,THURSDAY,8638 FT. LAUDERDALE,1038,Y,SR 9,CYPRESS CREEK RD,0.095,N,26.2316658,-80.1362803,26.204888,-80.1423286,86070000,16.432,2570,SR 9,I 95,R RIGHT,S SIDE OF ROAD,N NORTH,01 INTERSTATE URBAN,01 INTERSTATE,18 THROUGH ROADWAY,02 OFF ROADWAY,01 NOT AT INTERSECTION,01 PAVED,34,3-Oct-16,11 URBAN PRIN ART INT.,48,PAVED WARN,12,LAWN,3,,0,26,233000,RCI,5.9,,65,2 POSSIBLE INJURY,31 Q/C COMPLETED - LOC VERIFIED,0 NO,01 NOT AT INTERSECTION/RRX/BRIDGE,01 DAYLIGHT,01 CLEAR,01 DRY,01 LEVEL,1 STRAIGHT,"TWO-WAY, DIVIDED, POSITIVE MED",,NO CONTROLS,NOT CODED,8,NONE,NOT CODED,NOT CODED,NONE,NOT CODED,NOT CODED,27 GUARDRAIL FACE,77 OTHER (SEE NARRATIVE),77 OTHER (SEE NARRATIVE),NOT CODED,NOT CODED,00 NOT CODED,00 NOT CODED,00 NOT CODED,00 NOT CODED,01 NO,1,0,0,0,0,0,1,3,N,N,N,N,Y,N,N,N,N,N,N,N,N,N,N,N,N,N,N,N,N,N,N,N,N,N,26.20489774,-80.14237002,585682.1332,2898658.476,R,,ARBM15Q1R2,28-Feb-22,1454638,-8921408.119,3024481.213
2.01785E+12,2017,854377780,FHPK17OFF014842,FLORIDA HIGHWAY PATROL,04 FOURTH,BROWARD,6-Mar-17,1408,TUESDAY,8638 FT. LAUDERDALE,1038,N,I 95,OAKLAND PARK BLVD,0.5,S,26.18843,-80.1508199,26.1589641,-80.1641664,86070000,12.91,1526,SR 9,I 95,R RIGHT,2 THRU LANE 2,N NORTH,01 INTERSTATE URBAN,01 INTERSTATE,01 NON-JUNCTION,01 ON ROADWAY,01 NOT AT INTERSECTION,01 PAVED,40,3-Oct-16,11 URBAN PRIN ART INT.,60,PAVED WARN,9,LAWN,5,,0,26,242000,RCI,3.2,1D0000,65,1 NO INJURY,31 Q/C COMPLETED - LOC VERIFIED,0 NO,01 NOT AT INTERSECTION/RRX/BRIDGE,01 DAYLIGHT,01 CLEAR,01 DRY,01 LEVEL,1 STRAIGHT,"TWO-WAY, DIVIDED, POSITIVE MED","TWO-WAY, DIVIDED, POSITIVE MED",NO CONTROLS,NO CONTROLS,10,NONE,NOT CODED,NOT CODED,NONE,NOT CODED,NOT CODED,14 MOTOR VEHICLE IN TRANSPORT,"04 SIDESWIPE, SAME DIRECTION",06 CHANGING LANES,NOT CODED,NO CONTRIBUTING ACTION,00 NOT CODED,00 NOT CODED,00 NOT CODED,00 NOT CODED,01 NO,0,0,0,0,1,0,2,1,N,N,N,N,Y,N,N,N,N,N,N,N,N,N,N,N,N,N,N,N,N,N,N,N,N,N,26.15894385,-80.1641842,583535.4365,2893554.687,R,,ARBM15Q1R2,28-Feb-22,1454661,-8923836.464,3018780.768
2.01785E+12,2017,854133850,FHPL17OFF108544,FLORIDA HIGHWAY PATROL,04 FOURTH,BROWARD,30-Dec-17,400,SUNDAY,8638 FT. LAUDERDALE,1038,N,SR 9,SR 842,0.5,S,26.0886299,-80.16853,26.1142102,-80.1685797,86070000,9.765,1568,SR 9,I 95,R RIGHT,2 THRU LANE 2,N NORTH,01 INTERSTATE URBAN,01 INTERSTATE,01 NON-JUNCTION,01 ON ROADWAY,01 NOT AT INTERSECTION,01 PAVED,36,3-Oct-16,11 URBAN PRIN ART INT.,64,PAVED WARN,7,VALLEY GUTR,4,,0,90,306000,RCI,7.5,1D0000,65,1 NO INJURY,31 Q/C COMPLETED - LOC VERIFIED,0 NO,01 NOT AT INTERSECTION/RRX/BRIDGE,04 DARK-LIGHTED,01 CLEAR,01 DRY,01 LEVEL,1 STRAIGHT,"TWO-WAY, DIVIDED, POSITIVE MED","TWO-WAY, DIVIDED, POSITIVE MED",NO CONTROLS,NO CONTROLS,9,NONE,NOT CODED,NOT CODED,NONE,NOT CODED,NOT CODED,14 MOTOR VEHICLE IN TRANSPORT,"04 SIDESWIPE, SAME DIRECTION",01 STRAIGHT AHEAD,NOT CODED,NO CONTRIBUTING ACTION,00 NOT CODED,00 NOT CODED,00 NOT CODED,00 NOT CODED,01 NO,0,0,0,0,1,0,2,1,N,N,N,N,Y,N,N,N,N,N,N,N,N,N,N,N,N,N,N,N,N,N,N,N,N,N,26.11417281,-80.16856061,583129.7171,2888593.356,R,,ARBM15Q1R2,28-Feb-22,1455707,-8924323.644,3013229.212
2.01785E+12,2017,854222600,FHPL17OFF012011,FLORIDA HIGHWAY PATROL,04 FOURTH,BROWARD,14-Feb-17,446,WEDNESDAY,8638 FT. LAUDERDALE,1038,N,I 95,DAVIE BLVD,0.5,S,26.10661,-80.16853,26.0991869,-80.1687442,86070000,8.73,3382,SR 9,I 95,R RIGHT,S SIDE OF ROAD,N NORTH,01 INTERSTATE URBAN,01 INTERSTATE,01 NON-JUNCTION,03 SHOULDER,01 NOT AT INTERSECTION,01 PAVED,36,3-Oct-16,11 URBAN PRIN ART INT.,48,PAVED,9,,0,,0,22,198500,RCI,5.9,,65,1 NO INJURY,31 Q/C COMPLETED - LOC VERIFIED,0 NO,01 NOT AT INTERSECTION/RRX/BRIDGE,04 DARK-LIGHTED,01 CLEAR,01 DRY,01 LEVEL,1 STRAIGHT,"TWO-WAY, DIVIDED, POSITIVE MED",,NO CONTROLS,NOT CODED,8,NONE,NOT CODED,NOT CODED,NONE,NOT CODED,NOT CODED,30 CONCRETE TRAFFIC BARRIER,77 OTHER (SEE NARRATIVE),01 STRAIGHT AHEAD,NO CONTRIBUTING ACTION,NOT CODED,00 NOT CODED,00 NOT CODED,00 NOT CODED,00 NOT CODED,01 NO,0,0,0,0,1,0,1,1,N,N,N,N,Y,N,N,N,N,N,N,N,N,N,N,N,N,N,N,N,N,N,N,N,N,N,26.09914719,-80.16873981,583122.4249,2886929.117,R,,ARBM15Q1R2,28-Feb-22,1456746,-8924343.591,3011366.529