Crash Id,Calendar Year,FDOT Crash Number,Reporting Agency Case Number,Reporting Agency Type,FDOT Managing District,County Name,Crash Date,Crash Time,Day,DHSMV City,Crash Report City Code,In Town,On Roadway Name,Int Roadway Name,Reference Distance (Miles),Reference Direction,Officer Latitude,Officer Longitude,FDOT Latitude,FDOT Longitude,FDOT Roadway,Nearest Inventory MP,Nearest Node From Crash,State Road #,US Highway,Crash Side of Road,Accident Lane Number,Travel Direction Vehicle 1,FDOT Road Category,DHSMV Road System Id,Relation to Junction,Crash Harmful Event Location,Intersection Type,Shoulder Type,FDOT Roadway SKID Test Result,FDOT Roadway SKID Test Date,Functional Class,RCI Surface Width,RCI Shoulder Type First,RCI Shoulder Width First,RCI Shoulder Type Second,RCI Shoulder Width Second,RCI Shoulder Type Third,RCI Shoulder Width Third,RCI Median Width,Avg Daily Traffic,AADT Source,RCI Avg Per Truck Traffic,RCI Horiz Curve Condition,Posted Speed Limit,Highest Injury in Crash,CAR Status Code,Alcohols/Drug Involved,Site Location,Lighting,Weather,Road Surface,Roadway Grade,Roadway Alignment,Traffic Way Vehicle 1,Traffic Way Vehicle 2,Traffic Control Vehicle 1,Traffic Control Vehicle 2,Count of Lanes,Road Condition 1,Road Condition 2,Road Condition 3,Environment Condition 1,Environment Condition 2,Environment Condition 3,Crash Harmful Event,Manner of Collision,Vehicle Movement,Driver Action Vehicle 1,Driver Action Vehicle 2,Location Within Workzone,Type of Workzone,Workers Present in Workzone,Law Enforcement Present in Workzone,School Bus Related,Count of Nonfatal Injuries,Count of Traffic Fatalities,Count of Serious Injuries,Count of Pedestrians,Count of Drivers,Count of Bicyclists,Count of Vehicles,Count of Persons,Wrong Way,Workzone Inv,Commercial Vehicle Inv,Intersection Inv,Lane Departure,Speeding,Agressive Driving,Impaired Driver,Impaired Pedestrian,Impaired Bicyclist,Distracted Driver,Speeding or Aggressive Driving,Pedestrian Related,Bicyclist Related,Pedestrian or Bicyclist Related,Motorcycle Inv,No Belt,No Belt - Ages 1-4,No Belt - Ages 5-12,No Belt - Ages 13-17,Driver - Ages Teen,Driver - Ages 65 plus,Driver - Ages 65-69,Driver - Ages 70-74,Driver - Ages 75-79,Driver - Ages 80 plus,ARBM Latitude,ARBM Longitude,UTM Zone 17N X,UTM Zone 17N Y,ARBM Side of Road,Urban Rural Indicator,GIS Street Source,Extract Date,OBJECTID,x,y
2.01785E+12,2017,854541680,FHPL17OFF022749,FLORIDA HIGHWAY PATROL,04 FOURTH,BROWARD,24-Mar-17,1137,SATURDAY,8638 FT. LAUDERDALE,1038,N,I 95,COMMERCIAL BLVD W,0.208,N,26.1923888,-80.1516073,26.1915261,-80.1515889,86070000,15.314,2443,SR 9,I 95,R RIGHT,1 THRU LANE 1,N NORTH,01 INTERSTATE URBAN,01 INTERSTATE,01 NON-JUNCTION,01 ON ROADWAY,01 NOT AT INTERSECTION,01 PAVED,34,3-Oct-16,11 URBAN PRIN ART INT.,48,PAVED WARN,13,LAWN,8,,0,26,275000,RCI,6.8,0D4500,65,3 NO-INCAPACITATING INJURY,31 Q/C COMPLETED - LOC VERIFIED,0 NO,01 NOT AT INTERSECTION/RRX/BRIDGE,01 DAYLIGHT,02 CLOUDY,01 DRY,04 DOWNHILL,1 STRAIGHT,"TWO-WAY, DIVIDED, POSITIVE MED","TWO-WAY, DIVIDED, POSITIVE MED",NO CONTROLS,NO CONTROLS,8,NONE,NOT CODED,NOT CODED,NONE,NOT CODED,NOT CODED,14 MOTOR VEHICLE IN TRANSPORT,01 FRONT TO REAR,14 SLOWING,OPERATED MV IN CARLESS OR NEGL,NO CONTRIBUTING ACTION,00 NOT CODED,00 NOT CODED,00 NOT CODED,00 NOT CODED,01 NO,4,0,0,0,3,0,3,7,N,N,N,N,N,N,N,N,N,N,N,N,N,N,N,N,N,N,N,N,N,N,N,N,N,N,26.19150385,-80.15158298,584771.3619,2897168.995,R,,ARBM15Q1R2,28-Feb-22,1459408,-8922433.702,3022819.508
2.01785E+12,2017,854541690,FHPL17OFF023085,FLORIDA HIGHWAY PATROL,04 FOURTH,BROWARD,25-Mar-17,1003,SUNDAY,8638 FT. LAUDERDALE,1038,N,SR 9,SR 862,0.246,N,26.0832749,-80.168874,26.0858094,-80.1683453,86070000,7.808,5912,SR 9,I 95,L LEFT,S SIDE OF ROAD,N NORTH,01 INTERSTATE URBAN,01 INTERSTATE,01 NON-JUNCTION,01 ON ROADWAY,01 NOT AT INTERSECTION,01 PAVED,36,3-Oct-16,11 URBAN PRIN ART INT.,36,PAVED WARN,12,LAWN,12,,0,,198500,RCI,5.9,0D12,65,1 NO INJURY,31 Q/C COMPLETED - LOC VERIFIED,0 NO,01 NOT AT INTERSECTION/RRX/BRIDGE,01 DAYLIGHT,02 CLOUDY,02 WET,01 LEVEL,1 STRAIGHT,"TWO-WAY, DIVIDED, POSITIVE MED",,NO CONTROLS,NOT CODED,7,NONE,NOT CODED,NOT CODED,NONE,NOT CODED,NOT CODED,01 OVERTURN/ROLLOVER,77 OTHER (SEE NARRATIVE),01 STRAIGHT AHEAD,NO CONTRIBUTING ACTION,NOT CODED,00 NOT CODED,00 NOT CODED,00 NOT CODED,00 NOT CODED,01 NO,0,0,0,0,1,0,1,4,N,N,N,N,Y,N,N,N,N,N,N,N,N,N,N,N,N,N,N,N,Y,N,N,N,N,N,26.08574532,-80.16859089,583146.7906,2885444.924,L,,ARBM15Q1R2,28-Feb-22,1459409,-8924327.014,3009705.34
2.01785E+12,2017,854203560,FHPL17OFF013344,FLORIDA HIGHWAY PATROL,04 FOURTH,BROWARD,19-Feb-17,540,MONDAY,8638 FT. LAUDERDALE,1038,Y,SR 9,SUNRISE BLVD,0.019,S,26.13655,-80.16737,26.1359395,-80.1692441,86070000,11.263,1934,SR 9,I 95,R RIGHT,6 THRU LANE 6,N NORTH,01 INTERSTATE URBAN,01 INTERSTATE,14 ENTRANCE/EXIT RAMP,01 ON ROADWAY,01 NOT AT INTERSECTION,01 PAVED,40,3-Oct-16,11 URBAN PRIN ART INT.,60,PAVED WARN,11,LAWN,12,,0,26,306000,RCI,7.5,,65,1 NO INJURY,31 Q/C COMPLETED - LOC VERIFIED,0 NO,01 NOT AT INTERSECTION/RRX/BRIDGE,03 DAWN,01 CLEAR,01 DRY,01 LEVEL,1 STRAIGHT,"TWO-WAY, DIVIDED, POSITIVE MED",,NO CONTROLS,NOT CODED,10,NONE,NOT CODED,NOT CODED,NONE,NOT CODED,NOT CODED,18 OTHER NON-FIXED OBJECT,77 OTHER (SEE NARRATIVE),01 STRAIGHT AHEAD,NO CONTRIBUTING ACTION,NOT CODED,00 NOT CODED,00 NOT CODED,00 NOT CODED,00 NOT CODED,01 NO,0,0,0,0,1,0,1,2,N,N,N,N,N,N,N,N,N,N,N,N,N,N,N,N,N,N,N,N,N,N,N,N,N,N,26.13590409,-80.16922732,583047.6875,2890999.731,R,,ARBM15Q1R2,28-Feb-22,1459541,-8924397.861,3015923.6
2.01785E+12,2017,854766290,FHPL17OFF031433,FLORIDA HIGHWAY PATROL,04 FOURTH,BROWARD,22-Apr-17,1243,SUNDAY,8638 FT. LAUDERDALE,1038,N,I 95,CYPRESS CREEK RD,0.057,N,26.0983969,-80.1688057,26.2044931,-80.1427562,86070000,16.394,2566,SR 9,I 95,L LEFT,2 THRU LANE 2,S SOUTH,01 INTERSTATE URBAN,01 INTERSTATE,01 NON-JUNCTION,01 ON ROADWAY,01 NOT AT INTERSECTION,01 PAVED,34,3-Oct-16,11 URBAN PRIN ART INT.,48,PAVED WARN,12,LAWN,3,,0,26,233000,RCI,5.9,,65,1 NO INJURY,31 Q/C COMPLETED - LOC VERIFIED,0 NO,01 NOT AT INTERSECTION/RRX/BRIDGE,01 DAYLIGHT,03 RAIN,02 WET,01 LEVEL,1 STRAIGHT,"TWO-WAY, DIVIDED, POSITIVE MED","TWO-WAY, DIVIDED, POSITIVE MED",NO CONTROLS,NO CONTROLS,8,NONE,NOT CODED,NOT CODED,NONE,NOT CODED,NOT CODED,14 MOTOR VEHICLE IN TRANSPORT,"04 SIDESWIPE, SAME DIRECTION",06 CHANGING LANES,OTHER CONTRIBUTING ACTION,NO CONTRIBUTING ACTION,00 NOT CODED,00 NOT CODED,00 NOT CODED,00 NOT CODED,01 NO,0,0,0,0,2,0,2,3,N,N,N,N,Y,N,N,N,N,N,N,N,N,N,N,N,N,N,N,N,N,N,N,N,N,N,26.20448504,-80.14310091,585609.4111,2898612.284,L,,ARBM15Q1R2,28-Feb-22,1459637,-8921489.482,3024430.008
2.01785E+12,2017,854861580,FHPL17OFF036135,FLORIDA HIGHWAY PATROL,04 FOURTH,BROWARD,7-May-17,2244,MONDAY,8638 FT. LAUDERDALE,1038,Y,SR 9,DAVIE BLVD,0.038,S,26.10661,-80.16853,26.1058922,-80.1685989,86070000,9.192,1927,SR 9,I 95,R RIGHT,2 THRU LANE 2,N NORTH,01 INTERSTATE URBAN,01 INTERSTATE,18 THROUGH ROADWAY,01 ON ROADWAY,01 NOT AT INTERSECTION,01 PAVED,36,3-Oct-16,11 URBAN PRIN ART INT.,48,PAVED,11,LAWN,12,,0,35,198500,RCI,5.9,0D4500,65,2 POSSIBLE INJURY,31 Q/C COMPLETED - LOC VERIFIED,0 NO,01 NOT AT INTERSECTION/RRX/BRIDGE,04 DARK-LIGHTED,01 CLEAR,01 DRY,01 LEVEL,1 STRAIGHT,"TWO-WAY, DIVIDED, POSITIVE MED","TWO-WAY, DIVIDED, POSITIVE MED",NO CONTROLS,NO CONTROLS,8,NONE,NOT CODED,NOT CODED,NONE,NOT CODED,NOT CODED,14 MOTOR VEHICLE IN TRANSPORT,"04 SIDESWIPE, SAME DIRECTION",06 CHANGING LANES,IMPROPER PASSING,NO CONTRIBUTING ACTION,00 NOT CODED,00 NOT CODED,00 NOT CODED,00 NOT CODED,01 NO,3,0,0,0,2,0,2,5,N,N,N,N,Y,N,N,N,N,N,N,N,N,N,N,N,N,N,N,N,Y,N,N,N,N,N,26.10585297,-80.16857397,583134.2665,2887671.904,R,,ARBM15Q1R2,28-Feb-22,1459813,-8924325.131,3012197.796
2.01785E+12,2017,854656270,FHPL17OFF006505,FLORIDA HIGHWAY PATROL,04 FOURTH,BROWARD,24-Jan-17,1747,WEDNESDAY,8638 FT. LAUDERDALE,1038,Y,SR 9,CYPRESS CREEK RD,0.019,N,26.2055489,-80.1449889,26.2037735,-80.1460005,86070060,0.408,6339,SR 9,I 95,L LEFT,X RAMP,S SOUTH,07 RAMP URBAN,01 INTERSTATE,14 ENTRANCE/EXIT RAMP,01 ON ROADWAY,01 NOT AT INTERSECTION,01 PAVED,0,31-Dec-00,,24,RAISED CURB,13,LAWN,12,,0,,15500,RCI,4,,,1 NO INJURY,31 Q/C COMPLETED - LOC VERIFIED,0 NO,08 EXIT RAMP,04 DARK-LIGHTED,01 CLEAR,01 DRY,01 LEVEL,3 CURVE LEFT,ONE-WAY TRAFFICWAY,ONE-WAY TRAFFICWAY,NO CONTROLS,NO CONTROLS,2,NONE,NOT CODED,NOT CODED,NONE,NOT CODED,NOT CODED,14 MOTOR VEHICLE IN TRANSPORT,77 OTHER (SEE NARRATIVE),77 OTHER (SEE NARRATIVE),OPERATED MV IN CARLESS OR NEGL,NO CONTRIBUTING ACTION,00 NOT CODED,00 NOT CODED,00 NOT CODED,00 NOT CODED,01 NO,0,0,0,0,2,0,2,2,N,N,N,N,Y,N,N,N,N,N,N,N,N,N,N,N,N,N,N,N,N,N,N,N,N,N,26.20388235,-80.1459386,585326.3352,2898543.664,O,,ARBM15Q1R2,28-Feb-22,1459869,-8921805.372,3024355.232
2.01785E+12,2017,854970390,FHPL17OFF066360,FLORIDA HIGHWAY PATROL,04 FOURTH,BROWARD,16-Aug-17,55,THURSDAY,8638 FT. LAUDERDALE,1038,Y,SR 84 WB,NOB HILL RD,0.009,W,26.1074145,-80.2824259,26.107404,-80.2821427,86080550,3.567,5934,SR 84,,L LEFT,1 THRU LANE 1,W WEST,41 SUBURBAN ONE WAY,01 INTERSTATE,01 NON-JUNCTION,01 ON ROADWAY,01 NOT AT INTERSECTION,01 PAVED,35,5-Jul-15,16 URBAN MINOR ART,22,PAVED,8,,0,,0,,7500,RCI,2.6,,50,1 NO INJURY,31 Q/C COMPLETED - LOC VERIFIED,0 NO,03 INFLUENCED BY INTERSECTION,04 DARK-LIGHTED,01 CLEAR,01 DRY,01 LEVEL,1 STRAIGHT,"TWO-WAY, DIVIDED, POSITIVE MED","TWO-WAY, DIVIDED, POSITIVE MED",NO CONTROLS,NO CONTROLS,2,NONE,NOT CODED,NOT CODED,NONE,NOT CODED,NOT CODED,14 MOTOR VEHICLE IN TRANSPORT,03 ANGLE,03 TURNING LEFT,NO CONTRIBUTING ACTION,OPERATED MV IN CARLESS OR NEGL,00 NOT CODED,00 NOT CODED,00 NOT CODED,00 NOT CODED,01 NO,0,0,0,0,2,0,2,2,N,N,N,Y,N,N,N,N,N,N,N,N,N,N,N,N,N,N,N,N,N,N,N,N,N,N,26.10736367,-80.28215479,571776.0057,2887771.644,O,,ARBM15Q1R2,28-Feb-22,1459917,-8936968.893,3012385.073
2.01785E+12,2017,854861150,FHPL17OFF016457,FLORIDA HIGHWAY PATROL,04 FOURTH,BROWARD,2-Mar-17,941,FRIDAY,8638 FT. LAUDERDALE,1038,Y,I 95,BROWARD BLVD,0.038,S,26.12162,-80.16897,26.120919,-80.1685288,86070000,10.227,6468,SR 9,I 95,R RIGHT,1 THRU LANE 1,N NORTH,01 INTERSTATE URBAN,01 INTERSTATE,18 THROUGH ROADWAY,01 ON ROADWAY,01 NOT AT INTERSECTION,01 PAVED,36,3-Oct-16,11 URBAN PRIN ART INT.,60,PAVED WARN,14,VALLEY GUTR,4,,0,82,306000,RCI,7.5,,65,2 POSSIBLE INJURY,31 Q/C COMPLETED - LOC VERIFIED,0 NO,01 NOT AT INTERSECTION/RRX/BRIDGE,01 DAYLIGHT,02 CLOUDY,02 WET,01 LEVEL,1 STRAIGHT,"TWO-WAY, DIVIDED, POSITIVE MED","TWO-WAY, DIVIDED, POSITIVE MED",NO CONTROLS,NO CONTROLS,10,NONE,NOT CODED,NOT CODED,NONE,NOT CODED,NOT CODED,14 MOTOR VEHICLE IN TRANSPORT,01 FRONT TO REAR,01 STRAIGHT AHEAD,OPERATED MV IN CARLESS OR NEGL,NO CONTRIBUTING ACTION,00 NOT CODED,00 NOT CODED,00 NOT CODED,00 NOT CODED,01 NO,1,0,0,0,2,0,2,2,N,N,N,N,N,N,N,N,N,N,N,N,N,N,N,N,N,N,N,N,N,Y,N,Y,N,N,26.12088248,-80.1685277,583128.2604,2889336.491,R,,ARBM15Q1R2,28-Feb-22,1460175,-8924319.98,3014061.067
2.01785E+12,2017,854861190,FHPL17OFF018436,FLORIDA HIGHWAY PATROL,04 FOURTH,BROWARD,9-Mar-17,1100,FRIDAY,8638 FT. LAUDERDALE,1038,Y,I 95,BROWARD BLVD,0.25,S,26.12162,-80.16897,26.1178412,-80.1685672,86070000,10.015,5898,SR 9,I 95,R RIGHT,1 THRU LANE 1,N NORTH,01 INTERSTATE URBAN,01 INTERSTATE,18 THROUGH ROADWAY,01 ON ROADWAY,01 NOT AT INTERSECTION,01 PAVED,36,3-Oct-16,11 URBAN PRIN ART INT.,64,PAVED WARN,7,LAWN,8,,0,82,306000,RCI,7.5,,65,1 NO INJURY,31 Q/C COMPLETED - LOC VERIFIED,0 NO,01 NOT AT INTERSECTION/RRX/BRIDGE,01 DAYLIGHT,01 CLEAR,01 DRY,01 LEVEL,1 STRAIGHT,"TWO-WAY, DIVIDED, POSITIVE MED","TWO-WAY, DIVIDED, POSITIVE MED",NO CONTROLS,NO CONTROLS,9,NONE,NOT CODED,NOT CODED,NONE,NOT CODED,NOT CODED,14 MOTOR VEHICLE IN TRANSPORT,"04 SIDESWIPE, SAME DIRECTION",01 STRAIGHT AHEAD,OPERATED MV IN CARLESS OR NEGL,NO CONTRIBUTING ACTION,00 NOT CODED,00 NOT CODED,00 NOT CODED,00 NOT CODED,01 NO,0,0,0,0,2,0,2,3,N,N,N,N,Y,N,N,N,N,N,N,N,N,N,N,N,N,N,N,N,N,N,N,N,N,N,26.11780338,-80.16855055,583128.1545,2888995.458,R,,ARBM15Q1R2,28-Feb-22,1460176,-8924322.523,3013679.319
2.01785E+12,2017,854733200,FHPL17OFF015712,FLORIDA HIGHWAY PATROL,04 FOURTH,BROWARD,27-Feb-17,1540,TUESDAY,8638 FT. LAUDERDALE,1038,Y,I 95,BROWARD BLVD,0.095,S,26.10661,-80.16853,26.1200907,-80.1685126,86070000,10.17,5176,SR 9,I 95,L LEFT,5 THRU LANE 5,S SOUTH,01 INTERSTATE URBAN,01 INTERSTATE,18 THROUGH ROADWAY,01 ON ROADWAY,01 NOT AT INTERSECTION,01 PAVED,36,3-Oct-16,11 URBAN PRIN ART INT.,60,PAVED WARN,14,LAWN,8,,0,82,306000,RCI,7.5,0D4500,65,2 POSSIBLE INJURY,31 Q/C COMPLETED - LOC VERIFIED,0 NO,01 NOT AT INTERSECTION/RRX/BRIDGE,01 DAYLIGHT,01 CLEAR,01 DRY,01 LEVEL,1 STRAIGHT,"TWO-WAY, DIVIDED, POSITIVE MED","TWO-WAY, DIVIDED, POSITIVE MED",NO CONTROLS,NO CONTROLS,10,NONE,NOT CODED,NOT CODED,NONE,NOT CODED,NOT CODED,14 MOTOR VEHICLE IN TRANSPORT,01 FRONT TO REAR,01 STRAIGHT AHEAD,NOT CODED,NO CONTRIBUTING ACTION,00 NOT CODED,00 NOT CODED,00 NOT CODED,00 NOT CODED,01 NO,1,0,0,0,1,0,2,1,N,N,N,N,N,N,N,N,N,N,N,N,N,N,N,N,N,N,N,N,N,N,N,N,N,N,26.12002381,-80.16891086,583090.5587,2889241.146,L,,ARBM15Q1R2,28-Feb-22,1460301,-8924362.633,3013954.608
2.01785E+12,2017,854861610,FHPL17OFF044350,FLORIDA HIGHWAY PATROL,04 FOURTH,BROWARD,4-Jun-17,1055,MONDAY,8638 FT. LAUDERDALE,1038,Y,SR 9,SR 842,0.028,S,26.1216742,-80.1684506,26.1210636,-80.1685308,86070000,10.237,6468,SR 9,I 95,R RIGHT,2 THRU LANE 2,N NORTH,01 INTERSTATE URBAN,01 INTERSTATE,18 THROUGH ROADWAY,01 ON ROADWAY,01 NOT AT INTERSECTION,01 PAVED,36,3-Oct-16,11 URBAN PRIN ART INT.,60,PAVED WARN,14,VALLEY GUTR,4,,0,82,306000,RCI,7.5,,65,1 NO INJURY,31 Q/C COMPLETED - LOC VERIFIED,0 NO,01 NOT AT INTERSECTION/RRX/BRIDGE,01 DAYLIGHT,02 CLOUDY,02 WET,01 LEVEL,1 STRAIGHT,"TWO-WAY, DIVIDED, POSITIVE MED","TWO-WAY, DIVIDED, POSITIVE MED",NO CONTROLS,NO CONTROLS,10,NONE,NOT CODED,NOT CODED,NONE,NOT CODED,NOT CODED,14 MOTOR VEHICLE IN TRANSPORT,"04 SIDESWIPE, SAME DIRECTION",06 CHANGING LANES,OVER-CORRECTING/OVERSTEERING,NO CONTRIBUTING ACTION,00 NOT CODED,00 NOT CODED,00 NOT CODED,00 NOT CODED,01 NO,0,0,0,0,2,0,2,3,N,N,N,N,Y,N,N,N,N,N,N,N,N,N,N,N,N,N,N,N,N,N,N,N,N,N,26.12102752,-80.16853533,583127.3946,2889352.55,R,,ARBM15Q1R2,28-Feb-22,1460345,-8924320.829,3014079.05
2.01785E+12,2017,854861630,FHPL17OFF045276,FLORIDA HIGHWAY PATROL,04 FOURTH,BROWARD,7-Jun-17,810,THURSDAY,8638 FT. LAUDERDALE,1038,Y,SR 9,SUNRISE BLVD,0.25,N,26.13652,-80.16956,26.1402375,-80.1693279,86070000,11.559,1890,SR 9,I 95,L LEFT,4 THRU LANE 4,S SOUTH,01 INTERSTATE URBAN,01 INTERSTATE,18 THROUGH ROADWAY,01 ON ROADWAY,01 NOT AT INTERSECTION,01 PAVED,40,3-Oct-16,11 URBAN PRIN ART INT.,60,PAVED,6,LAWN,12,,0,26,242000,RCI,3.2,,65,2 POSSIBLE INJURY,31 Q/C COMPLETED - LOC VERIFIED,0 NO,01 NOT AT INTERSECTION/RRX/BRIDGE,01 DAYLIGHT,01 CLEAR,01 DRY,01 LEVEL,1 STRAIGHT,"TWO-WAY, DIVIDED, POSITIVE MED","TWO-WAY, DIVIDED, POSITIVE MED",NO CONTROLS,NO CONTROLS,10,NONE,NOT CODED,NOT CODED,NONE,NOT CODED,NOT CODED,14 MOTOR VEHICLE IN TRANSPORT,01 FRONT TO REAR,01 STRAIGHT AHEAD,OPERATED MV IN CARLESS OR NEGL,NO CONTRIBUTING ACTION,00 NOT CODED,00 NOT CODED,00 NOT CODED,00 NOT CODED,01 NO,1,0,0,0,2,0,2,2,N,N,N,N,N,N,N,N,N,N,N,N,N,N,N,N,N,N,N,N,N,N,N,N,N,N,26.14017326,-80.16957044,583010.3663,2891472.334,L,,ARBM15Q1R2,28-Feb-22,1460346,-8924436.058,3016452.978
2.01785E+12,2017,854798280,FHPL17OFF013551,FLORIDA HIGHWAY PATROL,04 FOURTH,BROWARD,19-Feb-17,2040,MONDAY,8638 FT. LAUDERDALE,1038,N,I 95,SR 842,0.5,S,26.12162,-80.16897,26.1142102,-80.1685797,86070000,9.765,1568,SR 9,I 95,R RIGHT,S SIDE OF ROAD,N NORTH,01 INTERSTATE URBAN,01 INTERSTATE,01 NON-JUNCTION,02 OFF ROADWAY,01 NOT AT INTERSECTION,01 PAVED,36,3-Oct-16,11 URBAN PRIN ART INT.,64,PAVED WARN,7,VALLEY GUTR,4,,0,90,306000,RCI,7.5,1D0000,65,2 POSSIBLE INJURY,31 Q/C COMPLETED - LOC VERIFIED,0 NO,01 NOT AT INTERSECTION/RRX/BRIDGE,04 DARK-LIGHTED,01 CLEAR,01 DRY,01 LEVEL,1 STRAIGHT,"TWO-WAY, DIVIDED, POSITIVE MED","TWO-WAY, DIVIDED, POSITIVE MED",NO CONTROLS,NO CONTROLS,9,NONE,NOT CODED,NOT CODED,NONE,NOT CODED,NOT CODED,30 CONCRETE TRAFFIC BARRIER,77 OTHER (SEE NARRATIVE),77 OTHER (SEE NARRATIVE),NO CONTRIBUTING ACTION,NOT CODED,04 ACTIVITY AREA,03 WORK ON SHOULDER OR MEDIAN,01 NO,01 NO,01 NO,1,0,0,0,1,0,2,1,N,Y,N,N,Y,N,N,N,N,N,N,N,N,N,N,N,N,N,N,N,N,N,N,N,N,N,26.11417281,-80.16856061,583129.7171,2888593.356,R,,ARBM15Q1R2,28-Feb-22,1460630,-8924323.644,3013229.212
2.01785E+12,2017,854431030,FHPL17OFF004416,FLORIDA HIGHWAY PATROL,04 FOURTH,BROWARD,17-Jan-17,635,WEDNESDAY,8638 FT. LAUDERDALE,1038,Y,I 95,SR 84 WB,0.009,N,26.0886299,-80.16853,26.0883613,-80.1686682,86070150,0.294,5388,SR 9,I 95,L LEFT,X RAMP,S SOUTH,07 RAMP URBAN,01 INTERSTATE,18 THROUGH ROADWAY,01 ON ROADWAY,03 T-INTERSECTION,01 PAVED,0,31-Dec-00,,12,PAVED,18,,0,,0,,12000,RCI,6.3,,,2 POSSIBLE INJURY,31 Q/C COMPLETED - LOC VERIFIED,0 NO,08 EXIT RAMP,01 DAYLIGHT,01 CLEAR,01 DRY,03 UPHILL,1 STRAIGHT,ONE-WAY TRAFFICWAY,ONE-WAY TRAFFICWAY,TRAFFIC CONTROL SIGNAL,TRAFFIC CONTROL SIGNAL,1,NONE,NOT CODED,NOT CODED,NONE,NOT CODED,NOT CODED,14 MOTOR VEHICLE IN TRANSPORT,01 FRONT TO REAR,01 STRAIGHT AHEAD,OTHER CONTRIBUTING ACTION,NO CONTRIBUTING ACTION,00 NOT CODED,00 NOT CODED,00 NOT CODED,00 NOT CODED,01 NO,1,0,0,0,2,0,2,2,N,N,N,N,N,N,N,N,N,N,N,N,N,N,N,N,N,N,N,N,N,N,N,N,N,N,26.08837806,-80.16868751,583135.2669,2885736.445,O,,ARBM15Q1R2,28-Feb-22,1460667,-8924337.769,3010031.66
2.01785E+12,2017,854203470,FHPL17OFF010052,FLORIDA HIGHWAY PATROL,04 FOURTH,BROWARD,7-Feb-17,754,WEDNESDAY,8638 FT. LAUDERDALE,1038,Y,I 95,BROWARD BLVD,0.25,S,26.12179,-80.16858,26.1178412,-80.1685672,86070000,10.015,5898,SR 9,I 95,L LEFT,3 THRU LANE 3,S SOUTH,01 INTERSTATE URBAN,01 INTERSTATE,18 THROUGH ROADWAY,01 ON ROADWAY,01 NOT AT INTERSECTION,01 PAVED,36,3-Oct-16,11 URBAN PRIN ART INT.,64,PAVED WARN,7,LAWN,8,,0,82,306000,RCI,7.5,,65,1 NO INJURY,31 Q/C COMPLETED - LOC VERIFIED,0 NO,01 NOT AT INTERSECTION/RRX/BRIDGE,01 DAYLIGHT,01 CLEAR,01 DRY,01 LEVEL,1 STRAIGHT,"TWO-WAY, DIVIDED, POSITIVE MED","TWO-WAY, DIVIDED, POSITIVE MED",NO CONTROLS,NO CONTROLS,9,NONE,NOT CODED,NOT CODED,NONE,NOT CODED,NOT CODED,14 MOTOR VEHICLE IN TRANSPORT,"04 SIDESWIPE, SAME DIRECTION",06 CHANGING LANES,OPERATED MV IN CARLESS OR NEGL,NO CONTRIBUTING ACTION,00 NOT CODED,00 NOT CODED,00 NOT CODED,00 NOT CODED,01 NO,0,0,0,0,2,0,2,2,N,N,N,N,Y,N,N,N,N,N,N,N,N,N,N,N,N,N,N,N,N,N,N,N,N,N,26.11777567,-80.16902576,583080.6612,2888992.086,L,,ARBM15Q1R2,28-Feb-22,1460698,-8924375.423,3013675.884
2.01785E+12,2017,854863950,FHPL17OFF033716,FLORIDA HIGHWAY PATROL,04 FOURTH,BROWARD,30-Apr-17,341,MONDAY,8638 FT. LAUDERDALE,1038,N,SR 9,SR 838,0.3,N,26.13643,-80.16951,26.1409626,-80.1693533,86070000,11.609,1890,SR 9,I 95,M MEDIAN,M MIDDLE,S SOUTH,01 INTERSTATE URBAN,01 INTERSTATE,01 NON-JUNCTION,03 SHOULDER,01 NOT AT INTERSECTION,01 PAVED,40,3-Oct-16,11 URBAN PRIN ART INT.,60,PAVED,8,LAWN,7,,0,26,242000,RCI,3.2,,65,1 NO INJURY,31 Q/C COMPLETED - LOC VERIFIED,0 NO,01 NOT AT INTERSECTION/RRX/BRIDGE,04 DARK-LIGHTED,03 RAIN,02 WET,01 LEVEL,1 STRAIGHT,"TWO-WAY, DIVIDED, POSITIVE MED",,NO CONTROLS,NOT CODED,10,NONE,NOT CODED,NOT CODED,NONE,NOT CODED,NOT CODED,"39 OTHER FIXED OBJECT (WALL, BUIL",77 OTHER (SEE NARRATIVE),01 STRAIGHT AHEAD,OPERATED MV IN CARLESS OR NEGL,NOT CODED,00 NOT CODED,00 NOT CODED,00 NOT CODED,00 NOT CODED,01 NO,0,0,0,0,1,0,1,1,N,N,N,N,Y,N,N,N,N,N,N,N,N,N,N,N,N,N,N,N,N,N,N,N,N,N,26.14092708,-80.16934903,583031.9664,2891555.964,R,,ARBM15Q1R2,28-Feb-22,1460836,-8924411.41,3016546.454