Crash Id,Calendar Year,FDOT Crash Number,Reporting Agency Case Number,Reporting Agency Type,FDOT Managing District,County Name,Crash Date,Crash Time,Day,DHSMV City,Crash Report City Code,In Town,On Roadway Name,Int Roadway Name,Reference Distance (Miles),Reference Direction,Officer Latitude,Officer Longitude,FDOT Latitude,FDOT Longitude,FDOT Roadway,Nearest Inventory MP,Nearest Node From Crash,State Road #,US Highway,Crash Side of Road,Accident Lane Number,Travel Direction Vehicle 1,FDOT Road Category,DHSMV Road System Id,Relation to Junction,Crash Harmful Event Location,Intersection Type,Shoulder Type,FDOT Roadway SKID Test Result,FDOT Roadway SKID Test Date,Functional Class,RCI Surface Width,RCI Shoulder Type First,RCI Shoulder Width First,RCI Shoulder Type Second,RCI Shoulder Width Second,RCI Shoulder Type Third,RCI Shoulder Width Third,RCI Median Width,Avg Daily Traffic,AADT Source,RCI Avg Per Truck Traffic,RCI Horiz Curve Condition,Posted Speed Limit,Highest Injury in Crash,CAR Status Code,Alcohols/Drug Involved,Site Location,Lighting,Weather,Road Surface,Roadway Grade,Roadway Alignment,Traffic Way Vehicle 1,Traffic Way Vehicle 2,Traffic Control Vehicle 1,Traffic Control Vehicle 2,Count of Lanes,Road Condition 1,Road Condition 2,Road Condition 3,Environment Condition 1,Environment Condition 2,Environment Condition 3,Crash Harmful Event,Manner of Collision,Vehicle Movement,Driver Action Vehicle 1,Driver Action Vehicle 2,Location Within Workzone,Type of Workzone,Workers Present in Workzone,Law Enforcement Present in Workzone,School Bus Related,Count of Nonfatal Injuries,Count of Traffic Fatalities,Count of Serious Injuries,Count of Pedestrians,Count of Drivers,Count of Bicyclists,Count of Vehicles,Count of Persons,Wrong Way,Workzone Inv,Commercial Vehicle Inv,Intersection Inv,Lane Departure,Speeding,Agressive Driving,Impaired Driver,Impaired Pedestrian,Impaired Bicyclist,Distracted Driver,Speeding or Aggressive Driving,Pedestrian Related,Bicyclist Related,Pedestrian or Bicyclist Related,Motorcycle Inv,No Belt,No Belt - Ages 1-4,No Belt - Ages 5-12,No Belt - Ages 13-17,Driver - Ages Teen,Driver - Ages 65 plus,Driver - Ages 65-69,Driver - Ages 70-74,Driver - Ages 75-79,Driver - Ages 80 plus,ARBM Latitude,ARBM Longitude,UTM Zone 17N X,UTM Zone 17N Y,ARBM Side of Road,Urban Rural Indicator,GIS Street Source,Extract Date,OBJECTID,x,y
2.01786E+12,2017,855813270,FHPL17OFF069249,FLORIDA HIGHWAY PATROL,04 FOURTH,BROWARD,25-Aug-17,1525,SATURDAY,8638 FT. LAUDERDALE,1038,N,SR 9,SR 870,0.047,S,26.1841517,-80.152584,26.1873551,-80.1519423,86070000,15.026,5900,SR 9,I 95,R RIGHT,3 THRU LANE 3,N NORTH,01 INTERSTATE URBAN,01 INTERSTATE,01 NON-JUNCTION,01 ON ROADWAY,01 NOT AT INTERSECTION,01 PAVED,34,3-Oct-16,11 URBAN PRIN ART INT.,48,PAVED WARN,9,VALLEY GUTR,4,,0,26,275000,RCI,6.8,,65,3 NO-INCAPACITATING INJURY,31 Q/C COMPLETED - LOC VERIFIED,0 NO,01 NOT AT INTERSECTION/RRX/BRIDGE,01 DAYLIGHT,03 RAIN,02 WET,01 LEVEL,1 STRAIGHT,"TWO-WAY, DIVIDED, POSITIVE MED","TWO-WAY, DIVIDED, POSITIVE MED",NO CONTROLS,NO CONTROLS,8,NONE,NOT CODED,NOT CODED,NONE,NOT CODED,NOT CODED,14 MOTOR VEHICLE IN TRANSPORT,77 OTHER (SEE NARRATIVE),06 CHANGING LANES,IMPROPER TURN,NO CONTRIBUTING ACTION,00 NOT CODED,00 NOT CODED,00 NOT CODED,00 NOT CODED,01 NO,1,0,0,0,3,0,3,4,N,N,N,N,N,N,N,N,N,N,Y,N,N,N,N,N,N,N,N,N,N,N,N,N,N,N,26.18733344,-80.15192484,584740.2206,2896706.881,R,,ARBM15Q1R2,28-Feb-22,1527989,-8922471.757,3022302.148
2.01786E+12,2017,855813300,FHPL17OFF069556,FLORIDA HIGHWAY PATROL,04 FOURTH,BROWARD,26-Aug-17,1600,SUNDAY,8638 FT. LAUDERDALE,1038,N,I 595,SR 91,0.25,W,26.0819566,-80.165937,26.0918765,-80.2211056,86095000,7.068,2587,SR 862,I 595,M MEDIAN,M MIDDLE,E EAST,01 INTERSTATE URBAN,01 INTERSTATE,14 ENTRANCE/EXIT RAMP,02 OFF ROADWAY,01 NOT AT INTERSECTION,01 PAVED,44,19-Jun-17,11 URBAN PRIN ART INT.,60,PAVED WARN,10,,0,,0,120,209000,RCI,4.4,0D40,65,1 NO INJURY,31 Q/C COMPLETED - LOC VERIFIED,0 NO,01 NOT AT INTERSECTION/RRX/BRIDGE,01 DAYLIGHT,03 RAIN,02 WET,01 LEVEL,1 STRAIGHT,"TWO-WAY, DIVIDED, POSITIVE MED",,NO CONTROLS,NOT CODED,9,NONE,NOT CODED,NOT CODED,NONE,NOT CODED,NOT CODED,27 GUARDRAIL FACE,77 OTHER (SEE NARRATIVE),77 OTHER (SEE NARRATIVE),OPERATED MV IN CARLESS OR NEGL,NOT CODED,00 NOT CODED,00 NOT CODED,00 NOT CODED,00 NOT CODED,01 NO,0,0,0,0,1,0,1,1,N,N,N,N,Y,N,N,N,N,N,N,N,N,N,N,N,N,N,N,N,N,N,N,N,N,N,26.09180576,-80.22090324,577910.9658,2886083.792,R,,ARBM15Q1R2,28-Feb-22,1527990,-8930150.4,3010456.521
2.01786E+12,2017,855540030,FHPL17OFF069636,FLORIDA HIGHWAY PATROL,04 FOURTH,BROWARD,26-Aug-17,2130,SUNDAY,8638 FT. LAUDERDALE,1038,N,SR 9,SR 838,0.25,S,26.13643,-80.16951,26.1325842,-80.1692194,86070000,11.032,1888,SR 9,I 95,R RIGHT,4 THRU LANE 4,N NORTH,01 INTERSTATE URBAN,01 INTERSTATE,18 THROUGH ROADWAY,01 ON ROADWAY,01 NOT AT INTERSECTION,01 PAVED,40,3-Oct-16,11 URBAN PRIN ART INT.,60,PAVED WARN,8,LAWN,6,,0,26,306000,RCI,7.5,,65,3 NO-INCAPACITATING INJURY,31 Q/C COMPLETED - LOC VERIFIED,0 NO,01 NOT AT INTERSECTION/RRX/BRIDGE,04 DARK-LIGHTED,03 RAIN,02 WET,01 LEVEL,1 STRAIGHT,"TWO-WAY, DIVIDED, POSITIVE MED","TWO-WAY, DIVIDED, POSITIVE MED",NO CONTROLS,NO CONTROLS,10,NONE,NOT CODED,NOT CODED,NONE,NOT CODED,NOT CODED,14 MOTOR VEHICLE IN TRANSPORT,77 OTHER (SEE NARRATIVE),77 OTHER (SEE NARRATIVE),OPERATED MV IN CARLESS OR NEGL,NO CONTRIBUTING ACTION,00 NOT CODED,00 NOT CODED,00 NOT CODED,00 NOT CODED,01 NO,2,0,0,0,4,0,4,6,N,N,N,N,Y,N,N,N,N,N,N,N,N,N,N,N,N,N,N,N,N,N,N,N,N,N,26.13254956,-80.169225,583050.2924,2890628.208,R,,ARBM15Q1R2,28-Feb-22,1528454,-8924397.603,3015507.65
2.01787E+12,2017,867503610,3.41701E+11,COUNTY SHERIFF'S OFFICE,04 FOURTH,BROWARD,20-Jan-17,1725,SATURDAY,8638 FT. LAUDERDALE,1038,Y,W SISTRUNK BLVD,NW 9TH AVE,0.009,E,0,0,26.129458,-80.153451,86000152,1.313,,,,L LEFT,1 THRU LANE 1,W WEST,,05 LOCAL,01 NON-JUNCTION,01 ON ROADWAY,01 NOT AT INTERSECTION,03 CURB,0,31-Dec-00,,,,0,,0,,0,,,RCI,0,,,1 NO INJURY,33 Q/C VERIFIED AS OFF-SYSTEM,0 NO,01 NOT AT INTERSECTION/RRX/BRIDGE,01 DAYLIGHT,01 CLEAR,01 DRY,01 LEVEL,1 STRAIGHT,"TWO-WAY, NOT DIVIDED","TWO-WAY, NOT DIVIDED",TRAFFIC CONTROL SIGNAL,TRAFFIC CONTROL SIGNAL,,NONE,NOT CODED,NOT CODED,NONE,NOT CODED,NOT CODED,14 MOTOR VEHICLE IN TRANSPORT,01 FRONT TO REAR,06 CHANGING LANES,OTHER CONTRIBUTING ACTION,NO CONTRIBUTING ACTION,00 NOT CODED,00 NOT CODED,00 NOT CODED,00 NOT CODED,01 NO,0,0,0,0,2,0,2,3,N,N,N,N,N,N,N,N,N,N,N,N,N,N,N,N,N,N,N,N,N,N,N,N,N,N,26.12946114,-80.15345117,584629.4548,2890296.323,C,U,ARBM15Q1R2,28-Feb-22,1528811,-8922641.667,3015124.708
2.01787E+12,2017,867503630,3.41701E+11,COUNTY SHERIFF'S OFFICE,04 FOURTH,BROWARD,20-Jan-17,1901,SATURDAY,8638 FT. LAUDERDALE,1038,Y,FEDERAL HWY N,33RD CT NE,0.003,N,0,0,26.1697248,-80.1186259,86020000,4.302,1386,SR 5,US 1,L LEFT,1 THRU LANE 1,S SOUTH,30 URBAN 6+LN 2WY DIVD RASD,03 STATE,01 NON-JUNCTION,01 ON ROADWAY,01 NOT AT INTERSECTION,01 PAVED,39,2-Oct-16,14 URBAN PRIN ART OTHER,33,PAVED,3,CURB&GUTTER,2,,0,21,43000,RCI,4.7,2D3900,45,1 NO INJURY,31 Q/C COMPLETED - LOC VERIFIED,0 NO,02 AT INTERSECTION,01 DAYLIGHT,01 CLEAR,01 DRY,01 LEVEL,1 STRAIGHT,"TWO-WAY, DIVIDED, POSITIVE MED","TWO-WAY, DIVIDED, POSITIVE MED",NO CONTROLS,NO CONTROLS,6,NONE,NOT CODED,NOT CODED,NONE,NOT CODED,NOT CODED,14 MOTOR VEHICLE IN TRANSPORT,01 FRONT TO REAR,01 STRAIGHT AHEAD,OTHER CONTRIBUTING ACTION,NO CONTRIBUTING ACTION,00 NOT CODED,00 NOT CODED,00 NOT CODED,00 NOT CODED,01 NO,0,0,0,0,2,0,2,2,N,N,N,Y,N,N,N,N,N,N,N,N,N,N,N,N,N,N,N,N,N,N,N,N,N,N,26.16980026,-80.11882486,588060.9263,2894787.032,L,,ARBM15Q1R2,28-Feb-22,1528812,-8918787.083,3020127.271
2.01787E+12,2017,867503670,3.41701E+11,COUNTY SHERIFF'S OFFICE,04 FOURTH,BROWARD,20-Jan-17,2107,SATURDAY,8638 FT. LAUDERDALE,1038,Y,NE 19TH AVE,NE 7TH PL,0.004,N,0,0,26.133562,-80.120959,86A16186,0.069,,,,L LEFT,1 THRU LANE 1,S SOUTH,,05 LOCAL,01 NON-JUNCTION,01 ON ROADWAY,01 NOT AT INTERSECTION,01 PAVED,0,31-Dec-00,,,,0,,0,,0,,,RCI,0,,,1 NO INJURY,33 Q/C VERIFIED AS OFF-SYSTEM,0 NO,01 NOT AT INTERSECTION/RRX/BRIDGE,04 DARK-LIGHTED,01 CLEAR,01 DRY,01 LEVEL,1 STRAIGHT,"TWO-WAY, DIVIDED, UNPROTECTED","TWO-WAY, NOT DIV, W/CONT LTURN",NO CONTROLS,NO CONTROLS,,NONE,NOT CODED,NOT CODED,NONE,NOT CODED,NOT CODED,14 MOTOR VEHICLE IN TRANSPORT,01 FRONT TO REAR,01 STRAIGHT AHEAD,NOT CODED,NO CONTRIBUTING ACTION,00 NOT CODED,00 NOT CODED,00 NOT CODED,00 NOT CODED,01 NO,0,0,0,0,1,0,2,1,N,N,N,N,N,N,N,N,N,N,Y,N,N,N,N,N,N,N,N,N,N,N,N,N,N,N,26.133562,-80.12095733,587874.9473,2890772.054,C,U,ARBM15Q1R2,28-Feb-22,1528813,-8919024.469,3015633.188
2.01787E+12,2017,867505000,3.41701E+11,COUNTY SHERIFF'S OFFICE,04 FOURTH,BROWARD,25-Jan-17,1300,THURSDAY,8638 FT. LAUDERDALE,1038,Y,BROWARD BLVD W,27TH AVE SW,0.019,W,0,0,26.1214906,-80.17832,86006000,4.611,455,SR 842,,R RIGHT,3 THRU LANE 3,E EAST,30 URBAN 6+LN 2WY DIVD RASD,03 STATE,01 NON-JUNCTION,01 ON ROADWAY,01 NOT AT INTERSECTION,03 CURB,37,19-Jun-17,14 URBAN PRIN ART OTHER,33,CURB&GUTTER,2,,0,,0,17,41500,RCI,5.4,,40,1 NO INJURY,31 Q/C COMPLETED - LOC VERIFIED,0 NO,03 INFLUENCED BY INTERSECTION,01 DAYLIGHT,01 CLEAR,01 DRY,01 LEVEL,1 STRAIGHT,"TWO-WAY, NOT DIV, W/CONT LTURN","TWO-WAY, NOT DIV, W/CONT LTURN",NO CONTROLS,NO CONTROLS,6,NONE,NOT CODED,NOT CODED,NONE,NOT CODED,NOT CODED,14 MOTOR VEHICLE IN TRANSPORT,03 ANGLE,06 CHANGING LANES,FAILED TO KEEP IN PROPER LANE,NO CONTRIBUTING ACTION,00 NOT CODED,00 NOT CODED,00 NOT CODED,00 NOT CODED,01 NO,0,0,0,0,2,0,2,2,N,N,N,Y,N,N,N,N,N,N,N,N,N,N,N,N,N,N,N,N,N,Y,N,N,N,Y,26.12148677,-80.17831198,582149.5913,2889397.204,R,,ARBM15Q1R2,28-Feb-22,1528814,-8925409.161,3014135.989
2.01787E+12,2017,867502420,3.41701E+11,COUNTY SHERIFF'S OFFICE,04 FOURTH,BROWARD,16-Jan-17,2031,TUESDAY,8638 FT. LAUDERDALE,1038,Y,DAVIE BLVD,I 95,0,,0,0,26.1065853,-80.1688407,86210000,2.034,365,SR 736,,L LEFT,2 THRU LANE 2,S SOUTH,23 SUBURBAN 4-5LN 2WY DIVD RASD,03 STATE,01 NON-JUNCTION,01 ON ROADWAY,02 FOUR-WAY INTERSECTION,01 PAVED,37,11-Jan-12,16 URBAN MINOR ART,23,PAVED,6,,0,,0,51,38000,RCI,2.6,,40,1 NO INJURY,31 Q/C COMPLETED - LOC VERIFIED,0 NO,02 AT INTERSECTION,06 DARK-UNKNOWN LIGHTING,01 CLEAR,01 DRY,01 LEVEL,1 STRAIGHT,ONE-WAY TRAFFICWAY,ONE-WAY TRAFFICWAY,TRAFFIC CONTROL SIGNAL,TRAFFIC CONTROL SIGNAL,4,NONE,NOT CODED,NOT CODED,NONE,NOT CODED,NOT CODED,14 MOTOR VEHICLE IN TRANSPORT,03 ANGLE,01 STRAIGHT AHEAD,OPERATED MV IN CARLESS OR NEGL,NO CONTRIBUTING ACTION,00 NOT CODED,00 NOT CODED,00 NOT CODED,00 NOT CODED,01 NO,0,0,0,0,2,0,2,3,N,N,N,Y,N,N,N,N,N,N,N,N,N,N,N,N,N,N,N,N,N,Y,Y,N,N,N,26.10679215,-80.16885809,583105.1924,2887775.74,L,,ARBM15Q1R2,28-Feb-22,1528815,-8924356.758,3012314.224
2.01787E+12,2017,867503710,3.41701E+11,COUNTY SHERIFF'S OFFICE,04 FOURTH,BROWARD,21-Jan-17,22,SUNDAY,8638 FT. LAUDERDALE,1038,Y,SUNRISE BLVD E,NE 15 AVE,0.047,W,0,0,26.1371712,-80.1294896,86020000,1.454,1364,SR 5,US 1,L LEFT,3 THRU LANE 3,W WEST,30 URBAN 6+LN 2WY DIVD RASD,03 STATE,01 NON-JUNCTION,01 ON ROADWAY,01 NOT AT INTERSECTION,03 CURB,34,1-Aug-16,14 URBAN PRIN ART OTHER,36,CURB&GUTTER,2,,0,,0,16,58000,RCI,7.5,,35,1 NO INJURY,31 Q/C COMPLETED - LOC VERIFIED,0 NO,03 INFLUENCED BY INTERSECTION,04 DARK-LIGHTED,01 CLEAR,01 DRY,01 LEVEL,1 STRAIGHT,"TWO-WAY, DIVIDED, POSITIVE MED","TWO-WAY, DIVIDED, POSITIVE MED",NO CONTROLS,NO CONTROLS,6,NONE,NONE,NONE,NONE,NONE,NONE,14 MOTOR VEHICLE IN TRANSPORT,"04 SIDESWIPE, SAME DIRECTION",06 CHANGING LANES,FAILED TO KEEP IN PROPER LANE,NO CONTRIBUTING ACTION,00 NOT CODED,00 NOT CODED,00 NOT CODED,00 NOT CODED,01 NO,0,0,0,0,2,0,2,2,N,N,N,Y,N,N,Y,N,N,N,N,Y,N,N,N,N,N,N,N,N,N,N,N,N,N,N,26.13729447,-80.12968979,586999.1851,2891179.568,L,,ARBM15Q1R2,28-Feb-22,1528816,-8919996.562,3016096.005
2.01787E+12,2017,867499710,3.41701E+11,COUNTY SHERIFF'S OFFICE,04 FOURTH,BROWARD,7-Jan-17,1735,SUNDAY,8638 FT. LAUDERDALE,1038,Y,17TH ST SE,SR 5,0.009,W,0,0,26.1002832,-80.1367111,86010000,8.803,690,SR 5,US 1,T SIDE RD LEFT,S SIDE OF ROAD,E EAST,30 URBAN 6+LN 2WY DIVD RASD,05 LOCAL,01 NON-JUNCTION,01 ON ROADWAY,01 NOT AT INTERSECTION,01 PAVED,38,19-Jun-17,14 URBAN PRIN ART OTHER,32,CURB&GUTTER,2,,0,,0,19,54000,RCI,4.4,,40,3 NO-INCAPACITATING INJURY,31 Q/C COMPLETED - LOC VERIFIED,0 NO,01 NOT AT INTERSECTION/RRX/BRIDGE,02 DUSK,01 CLEAR,01 DRY,01 LEVEL,3 CURVE LEFT,"TWO-WAY, DIVIDED, POSITIVE MED",,NO CONTROLS,NOT CODED,6,NONE,NOT CODED,NOT CODED,NONE,NOT CODED,NOT CODED,01 OVERTURN/ROLLOVER,77 OTHER (SEE NARRATIVE),01 STRAIGHT AHEAD,OPERATED MV IN CARLESS OR NEGL,NOT CODED,00 NOT CODED,00 NOT CODED,00 NOT CODED,00 NOT CODED,01 NO,2,0,0,0,1,0,1,2,N,N,N,N,Y,N,N,N,N,N,N,N,N,N,N,N,N,N,N,N,N,N,N,N,N,N,26.1002869,-80.13685733,586309.8445,2887076.084,L,,ARBM15Q1R2,28-Feb-22,1528817,-8920794.449,3011507.808
2.01787E+12,2017,867501050,3.41701E+11,COUNTY SHERIFF'S OFFICE,04 FOURTH,BROWARD,12-Jan-17,2231,FRIDAY,8638 FT. LAUDERDALE,1038,Y,W BROWARD BLVD,PALM AVE,0.002,W,0,0,26.121968,-80.156224,86006000,5.984,,,,L LEFT,1 THRU LANE 1,E EAST,,03 STATE,01 NON-JUNCTION,01 ON ROADWAY,01 NOT AT INTERSECTION,01 PAVED,0,31-Dec-00,,,,0,,0,,0,,,RCI,0,,,1 NO INJURY,33 Q/C VERIFIED AS OFF-SYSTEM,0 NO,01 NOT AT INTERSECTION/RRX/BRIDGE,04 DARK-LIGHTED,01 CLEAR,01 DRY,01 LEVEL,1 STRAIGHT,"TWO-WAY, NOT DIVIDED","TWO-WAY, NOT DIVIDED",NO CONTROLS,NO CONTROLS,,NONE,NONE,NONE,NONE,NONE,NONE,14 MOTOR VEHICLE IN TRANSPORT,01 FRONT TO REAR,03 TURNING LEFT,FAILED TO YIELD RIGHT-OF-WAY,NO CONTRIBUTING ACTION,00 NOT CODED,00 NOT CODED,00 NOT CODED,00 NOT CODED,01 NO,0,0,0,0,2,0,2,2,N,N,N,N,N,N,N,N,N,N,N,N,N,N,N,Y,N,N,N,N,N,N,N,N,N,N,26.12196457,-80.1562239,584357.6374,2889464.254,R,U,ARBM15Q1R2,28-Feb-22,1528818,-8922950.326,3014195.228
2.01787E+12,2017,867512280,3.41702E+11,COUNTY SHERIFF'S OFFICE,04 FOURTH,BROWARD,17-Feb-17,1418,SATURDAY,8638 FT. LAUDERDALE,1038,Y,SR 842,7TH AVE NW,0.003,E,0,0,26.1221245,-80.1505482,86006000,6.339,470,SR 842,,L LEFT,1 THRU LANE 1,W WEST,30 URBAN 6+LN 2WY DIVD RASD,03 STATE,01 NON-JUNCTION,01 ON ROADWAY,01 NOT AT INTERSECTION,03 CURB,40,19-Jun-17,14 URBAN PRIN ART OTHER,33,PAVED,2,CURB&GUTTER,2,,0,16,46000,RCI,6.9,,35,1 NO INJURY,31 Q/C COMPLETED - LOC VERIFIED,0 NO,03 INFLUENCED BY INTERSECTION,01 DAYLIGHT,01 CLEAR,01 DRY,01 LEVEL,1 STRAIGHT,"TWO-WAY, DIVIDED, POSITIVE MED","TWO-WAY, DIVIDED, POSITIVE MED",NO CONTROLS,NO CONTROLS,6,NONE,NOT CODED,NOT CODED,NONE,NOT CODED,NOT CODED,14 MOTOR VEHICLE IN TRANSPORT,"04 SIDESWIPE, SAME DIRECTION",03 TURNING LEFT,OPERATED MV IN CARLESS OR NEGL,NO CONTRIBUTING ACTION,00 NOT CODED,00 NOT CODED,00 NOT CODED,00 NOT CODED,01 NO,0,0,0,0,2,0,2,2,N,N,Y,Y,N,N,N,N,N,N,N,N,N,N,N,N,N,N,N,N,N,N,N,N,N,N,26.12224495,-80.15049859,584929.8553,2889499.032,L,,ARBM15Q1R2,28-Feb-22,1528860,-8922312.988,3014229.991
2.01787E+12,2017,867513590,3.41702E+11,COUNTY SHERIFF'S OFFICE,04 FOURTH,BROWARD,22-Feb-17,256,THURSDAY,8638 FT. LAUDERDALE,1038,Y,ATLANTIC BLVD,CORTEZ ST,0.044,N,0,0,26.1223384,-80.1041394,86050000,2.254,750,SR A1A,,R RIGHT,1 THRU LANE 1,0,40 URBAN ONE WAY,03 STATE,01 NON-JUNCTION,01 ON ROADWAY,01 NOT AT INTERSECTION,03 CURB,48,9-Jul-17,16 URBAN MINOR ART,20,PAVED,2,CURB&GUTTER,2,,0,,13500,RCI,1.9,,30,3 NO-INCAPACITATING INJURY,31 Q/C COMPLETED - LOC VERIFIED,0 NO,01 NOT AT INTERSECTION/RRX/BRIDGE,04 DARK-LIGHTED,01 CLEAR,01 DRY,01 LEVEL,1 STRAIGHT,ONE-WAY TRAFFICWAY,ONE-WAY TRAFFICWAY,NO CONTROLS,NO CONTROLS,2,NONE,NOT CODED,NOT CODED,NONE,NOT CODED,NOT CODED,15 PARKED MOTOR VEHICLE,01 FRONT TO REAR,08 PARKED,OTHER CONTRIBUTING ACTION,OTHER CONTRIBUTING ACTION,00 NOT CODED,00 NOT CODED,00 NOT CODED,00 NOT CODED,01 NO,1,0,0,0,2,0,2,2,N,N,N,N,Y,N,N,N,N,N,N,N,N,N,N,N,N,N,N,N,N,N,N,N,N,N,26.12234617,-80.10413672,589565.085,2889541.33,O,,ARBM15Q1R2,28-Feb-22,1528861,-8917152.007,3014242.541
2.01787E+12,2017,867508320,3.41702E+11,COUNTY SHERIFF'S OFFICE,04 FOURTH,BROWARD,5-Feb-17,1630,MONDAY,8638 FT. LAUDERDALE,1038,Y,SR 838,15TH AVE NW L,0.066,E,0,0,26.1365149,-80.1611306,86110000,6.602,7896,SR 838,,R RIGHT,1 THRU LANE 1,E EAST,30 URBAN 6+LN 2WY DIVD RASD,03 STATE,01 NON-JUNCTION,01 ON ROADWAY,01 NOT AT INTERSECTION,03 CURB,35,19-Jun-17,14 URBAN PRIN ART OTHER,32,PAVED,3,CURB&GUTTER,2,,0,16,58000,RCI,7.7,,40,1 NO INJURY,31 Q/C COMPLETED - LOC VERIFIED,0 NO,01 NOT AT INTERSECTION/RRX/BRIDGE,01 DAYLIGHT,01 CLEAR,01 DRY,01 LEVEL,1 STRAIGHT,"TWO-WAY, DIVIDED, POSITIVE MED","TWO-WAY, DIVIDED, POSITIVE MED",NO CONTROLS,NO CONTROLS,6,NONE,NOT CODED,NOT CODED,NONE,NOT CODED,NOT CODED,14 MOTOR VEHICLE IN TRANSPORT,01 FRONT TO REAR,00 NOT CODED,OTHER CONTRIBUTING ACTION,NO CONTRIBUTING ACTION,00 NOT CODED,00 NOT CODED,00 NOT CODED,00 NOT CODED,01 NO,0,0,0,0,2,0,2,2,N,N,N,N,N,N,N,N,N,N,N,N,N,N,N,N,N,N,N,N,N,N,N,N,N,N,26.13650071,-80.16086509,583883.2224,2891071.175,R,,ARBM15Q1R2,28-Feb-22,1528862,-8923466.982,3015997.58
2.01787E+12,2017,867508360,3.41702E+11,COUNTY SHERIFF'S OFFICE,04 FOURTH,BROWARD,5-Feb-17,1906,MONDAY,8638 FT. LAUDERDALE,1038,Y,US 1,SR 870,0.004,S,0,0,26.1894332,-80.1148861,86020000,5.741,1399,SR 5,US 1,R RIGHT,3 THRU LANE 3,N NORTH,30 URBAN 6+LN 2WY DIVD RASD,02 U.S.,01 NON-JUNCTION,01 ON ROADWAY,01 NOT AT INTERSECTION,01 PAVED,39,2-Oct-16,14 URBAN PRIN ART OTHER,33,PAVED,3,CURB&GUTTER,2,,0,30,44500,RCI,2.6,0D2700,45,1 NO INJURY,31 Q/C COMPLETED - LOC VERIFIED,0 NO,03 INFLUENCED BY INTERSECTION,01 DAYLIGHT,01 CLEAR,01 DRY,01 LEVEL,1 STRAIGHT,"TWO-WAY, DIVIDED, POSITIVE MED","TWO-WAY, DIVIDED, POSITIVE MED",NO CONTROLS,NO CONTROLS,6,NONE,NOT CODED,NOT CODED,NONE,NOT CODED,NOT CODED,14 MOTOR VEHICLE IN TRANSPORT,01 FRONT TO REAR,01 STRAIGHT AHEAD,OTHER CONTRIBUTING ACTION,NO CONTRIBUTING ACTION,00 NOT CODED,00 NOT CODED,00 NOT CODED,00 NOT CODED,01 NO,0,0,0,0,3,0,3,3,N,N,N,Y,N,N,N,N,N,N,N,N,N,N,N,N,N,N,N,N,N,Y,Y,N,N,N,26.18938107,-80.11489381,588439.0159,2896958.367,R,,ARBM15Q1R2,28-Feb-22,1528863,-8918349.481,3022556.165
2.01787E+12,2017,867509620,3.41702E+11,COUNTY SHERIFF'S OFFICE,04 FOURTH,BROWARD,9-Feb-17,1350,FRIDAY,8638 FT. LAUDERDALE,1038,Y,NE 4TH ST,NE 1ST AVE,0.022,E,0,0,26.235134,-80.123518,86A08185,0.063,,,,L LEFT,1 THRU LANE 1,N NORTH,,05 LOCAL,01 NON-JUNCTION,01 ON ROADWAY,01 NOT AT INTERSECTION,01 PAVED,0,31-Dec-00,,,,0,,0,,0,,,RCI,0,,,1 NO INJURY,33 Q/C VERIFIED AS OFF-SYSTEM,0 NO,01 NOT AT INTERSECTION/RRX/BRIDGE,01 DAYLIGHT,01 CLEAR,01 DRY,01 LEVEL,1 STRAIGHT,"TWO-WAY, NOT DIVIDED","TWO-WAY, NOT DIVIDED",NO CONTROLS,NO CONTROLS,,NONE,NOT CODED,NOT CODED,NONE,NOT CODED,NOT CODED,14 MOTOR VEHICLE IN TRANSPORT,06 REAR TO SIDE,04 BACKING,IMPROPER BACKING,NO CONTRIBUTING ACTION,00 NOT CODED,00 NOT CODED,00 NOT CODED,00 NOT CODED,01 NO,0,0,0,0,2,0,2,2,N,N,N,N,N,N,N,N,N,N,N,N,N,N,N,N,N,N,N,N,N,N,N,N,N,N,26.23513393,-80.123518,587543.0112,2902019.872,C,U,ARBM15Q1R2,28-Feb-22,1528864,-8919309.522,3028233.15
2.01787E+12,2017,867508240,3.41702E+11,COUNTY SHERIFF'S OFFICE,04 FOURTH,BROWARD,5-Feb-17,1510,MONDAY,8638 FT. LAUDERDALE,1038,Y,17TH ST SE,EISENHOWER BLVD,0.038,E,0,0,26.1004537,-80.1238426,86180000,0.803,4178,SR A1A,,L LEFT,1 THRU LANE 1,W WEST,30 URBAN 6+LN 2WY DIVD RASD,05 LOCAL,01 NON-JUNCTION,01 ON ROADWAY,01 NOT AT INTERSECTION,01 PAVED,30,6-Jul-15,16 URBAN MINOR ART,24,PAVED,4,CURB&GUTTER,2,,0,30,34000,RCI,3.1,,35,1 NO INJURY,31 Q/C COMPLETED - LOC VERIFIED,0 NO,03 INFLUENCED BY INTERSECTION,01 DAYLIGHT,01 CLEAR,01 DRY,01 LEVEL,1 STRAIGHT,"TWO-WAY, DIVIDED, POSITIVE MED","TWO-WAY, DIVIDED, POSITIVE MED",NO CONTROLS,NO CONTROLS,5,NONE,NOT CODED,NOT CODED,NONE,NOT CODED,NOT CODED,14 MOTOR VEHICLE IN TRANSPORT,01 FRONT TO REAR,01 STRAIGHT AHEAD,OPERATED MV IN CARLESS OR NEGL,NO CONTRIBUTING ACTION,00 NOT CODED,00 NOT CODED,00 NOT CODED,00 NOT CODED,01 NO,0,0,0,0,2,0,2,2,N,N,N,Y,N,N,N,N,N,N,N,N,N,N,N,N,N,N,N,N,N,N,N,N,N,N,26.10059207,-80.1239147,587603.8754,2887118.526,L,,ARBM15Q1R2,28-Feb-22,1528884,-8919353.682,3011545.637