Crash Id,Calendar Year,FDOT Crash Number,Reporting Agency Case Number,Reporting Agency Type,FDOT Managing District,County Name,Crash Date,Crash Time,Day,DHSMV City,Crash Report City Code,In Town,On Roadway Name,Int Roadway Name,Reference Distance (Miles),Reference Direction,Officer Latitude,Officer Longitude,FDOT Latitude,FDOT Longitude,FDOT Roadway,Nearest Inventory MP,Nearest Node From Crash,State Road #,US Highway,Crash Side of Road,Accident Lane Number,Travel Direction Vehicle 1,FDOT Road Category,DHSMV Road System Id,Relation to Junction,Crash Harmful Event Location,Intersection Type,Shoulder Type,FDOT Roadway SKID Test Result,FDOT Roadway SKID Test Date,Functional Class,RCI Surface Width,RCI Shoulder Type First,RCI Shoulder Width First,RCI Shoulder Type Second,RCI Shoulder Width Second,RCI Shoulder Type Third,RCI Shoulder Width Third,RCI Median Width,Avg Daily Traffic,AADT Source,RCI Avg Per Truck Traffic,RCI Horiz Curve Condition,Posted Speed Limit,Highest Injury in Crash,CAR Status Code,Alcohols/Drug Involved,Site Location,Lighting,Weather,Road Surface,Roadway Grade,Roadway Alignment,Traffic Way Vehicle 1,Traffic Way Vehicle 2,Traffic Control Vehicle 1,Traffic Control Vehicle 2,Count of Lanes,Road Condition 1,Road Condition 2,Road Condition 3,Environment Condition 1,Environment Condition 2,Environment Condition 3,Crash Harmful Event,Manner of Collision,Vehicle Movement,Driver Action Vehicle 1,Driver Action Vehicle 2,Location Within Workzone,Type of Workzone,Workers Present in Workzone,Law Enforcement Present in Workzone,School Bus Related,Count of Nonfatal Injuries,Count of Traffic Fatalities,Count of Serious Injuries,Count of Pedestrians,Count of Drivers,Count of Bicyclists,Count of Vehicles,Count of Persons,Wrong Way,Workzone Inv,Commercial Vehicle Inv,Intersection Inv,Lane Departure,Speeding,Agressive Driving,Impaired Driver,Impaired Pedestrian,Impaired Bicyclist,Distracted Driver,Speeding or Aggressive Driving,Pedestrian Related,Bicyclist Related,Pedestrian or Bicyclist Related,Motorcycle Inv,No Belt,No Belt - Ages 1-4,No Belt - Ages 5-12,No Belt - Ages 13-17,Driver - Ages Teen,Driver - Ages 65 plus,Driver - Ages 65-69,Driver - Ages 70-74,Driver - Ages 75-79,Driver - Ages 80 plus,ARBM Latitude,ARBM Longitude,UTM Zone 17N X,UTM Zone 17N Y,ARBM Side of Road,Urban Rural Indicator,GIS Street Source,Extract Date,OBJECTID,x,y
2.01787E+12,2017,867508650,3.41702E+11,COUNTY SHERIFF'S OFFICE,04 FOURTH,BROWARD,6-Feb-17,1721,TUESDAY,8638 FT. LAUDERDALE,1038,Y,SE 3RD AVE,SE 10TH CT,0,E,0,0,26.109988,-80.140147,86170500,0.629,,,,L LEFT,1 THRU LANE 1,E EAST,,05 LOCAL,03 INTERSECTION-RELATED,01 ON ROADWAY,02 FOUR-WAY INTERSECTION,03 CURB,0,31-Dec-00,,,,0,,0,,0,,,RCI,0,,,1 NO INJURY,33 Q/C VERIFIED AS OFF-SYSTEM,0 NO,03 INFLUENCED BY INTERSECTION,01 DAYLIGHT,01 CLEAR,01 DRY,01 LEVEL,1 STRAIGHT,"TWO-WAY, NOT DIV, W/CONT LTURN","TWO-WAY, NOT DIV, W/CONT LTURN",STOP SIGN,NO CONTROLS,,NONE,NOT CODED,NOT CODED,NONE,NOT CODED,NOT CODED,14 MOTOR VEHICLE IN TRANSPORT,03 ANGLE,01 STRAIGHT AHEAD,DISREGARDED OTHER ROAD MARKING,NO CONTRIBUTING ACTION,00 NOT CODED,00 NOT CODED,00 NOT CODED,00 NOT CODED,01 NO,0,0,0,0,2,0,2,2,N,N,N,Y,N,N,N,N,N,N,N,N,N,N,N,N,N,N,N,N,N,N,N,N,N,N,26.10998523,-80.14014733,585973.7527,2888148.026,C,U,ARBM15Q1R2,28-Feb-22,1539484,-8921160.69,3012710.066
2.01787E+12,2017,867508680,3.41702E+11,COUNTY SHERIFF'S OFFICE,04 FOURTH,BROWARD,6-Feb-17,1643,TUESDAY,8638 FT. LAUDERDALE,1038,Y,FEDERAL HWY,12TH ST,0.019,N,0,0,26.1079416,-80.136916,86010000,9.331,7526,SR 5,US 1,L LEFT,1 THRU LANE 1,S SOUTH,30 URBAN 6+LN 2WY DIVD RASD,02 U.S.,01 NON-JUNCTION,01 ON ROADWAY,01 NOT AT INTERSECTION,03 CURB,43,19-Jun-17,14 URBAN PRIN ART OTHER,32,CURB&GUTTER,2,,0,,0,19,50500,RCI,2.3,,40,1 NO INJURY,31 Q/C COMPLETED - LOC VERIFIED,0 NO,03 INFLUENCED BY INTERSECTION,01 DAYLIGHT,01 CLEAR,01 DRY,01 LEVEL,1 STRAIGHT,"TWO-WAY, DIVIDED, POSITIVE MED","TWO-WAY, DIVIDED, POSITIVE MED",NO CONTROLS,NO CONTROLS,6,NONE,NOT CODED,NOT CODED,NONE,NOT CODED,NOT CODED,14 MOTOR VEHICLE IN TRANSPORT,"04 SIDESWIPE, SAME DIRECTION",06 CHANGING LANES,FAILED TO YIELD RIGHT-OF-WAY,NO CONTRIBUTING ACTION,00 NOT CODED,00 NOT CODED,00 NOT CODED,00 NOT CODED,01 NO,0,0,0,0,2,0,2,2,N,N,N,Y,N,N,N,N,N,N,Y,N,N,N,N,N,N,N,N,N,N,Y,N,Y,N,N,26.10795896,-80.13704456,586285.4899,2887925.665,L,,ARBM15Q1R2,28-Feb-22,1539485,-8920815.292,3012458.871
2.01787E+12,2017,867502230,3.41701E+11,COUNTY SHERIFF'S OFFICE,04 FOURTH,BROWARD,16-Jan-17,1237,TUESDAY,8638 FT. LAUDERDALE,1038,Y,SE 3RD AVE,SE 6TH ST,0.514,N,0,0,26.122277,-80.140501,86170500,1.478,,,,R RIGHT,1 THRU LANE 1,N NORTH,,05 LOCAL,01 NON-JUNCTION,01 ON ROADWAY,01 NOT AT INTERSECTION,03 CURB,0,31-Dec-00,,,,0,,0,,0,,,RCI,0,,,3 NO-INCAPACITATING INJURY,33 Q/C VERIFIED AS OFF-SYSTEM,0 NO,01 NOT AT INTERSECTION/RRX/BRIDGE,01 DAYLIGHT,01 CLEAR,01 DRY,03 UPHILL,1 STRAIGHT,"TWO-WAY, NOT DIV, W/CONT LTURN","TWO-WAY, NOT DIV, W/CONT LTURN",NO CONTROLS,NO CONTROLS,,NONE,NOT CODED,NOT CODED,NONE,NOT CODED,NOT CODED,14 MOTOR VEHICLE IN TRANSPORT,01 FRONT TO REAR,01 STRAIGHT AHEAD,OTHER CONTRIBUTING ACTION,NO CONTRIBUTING ACTION,00 NOT CODED,00 NOT CODED,00 NOT CODED,00 NOT CODED,01 NO,1,0,0,0,2,0,2,2,N,N,N,N,N,N,N,N,N,N,N,N,N,N,N,N,N,N,N,N,N,N,N,N,N,N,26.12227522,-80.14049733,585929.7669,2889508.951,C,U,ARBM15Q1R2,28-Feb-22,1539503,-8921199.652,3014233.744
2.01787E+12,2017,867502240,3.41701E+11,COUNTY SHERIFF'S OFFICE,04 FOURTH,BROWARD,16-Jan-17,1238,TUESDAY,8638 FT. LAUDERDALE,1038,Y,COMMERCIAL BLVD W,POWERLINE RD,0.019,E,0,0,26.1883625,-80.1549138,86014000,6.267,2159,SR 870,,L LEFT,R RIGHT TURN,W WEST,30 URBAN 6+LN 2WY DIVD RASD,05 LOCAL,01 NON-JUNCTION,01 ON ROADWAY,02 FOUR-WAY INTERSECTION,01 PAVED,41,18-Jun-17,14 URBAN PRIN ART OTHER,36,CURB&GUTTER,2,,0,,0,27,61000,RCI,5,5D0000,45,1 NO INJURY,31 Q/C COMPLETED - LOC VERIFIED,0 NO,03 INFLUENCED BY INTERSECTION,01 DAYLIGHT,01 CLEAR,01 DRY,01 LEVEL,1 STRAIGHT,"TWO-WAY, DIVIDED, UNPROTECTED","TWO-WAY, DIVIDED, UNPROTECTED",TRAFFIC CONTROL SIGNAL,TRAFFIC CONTROL SIGNAL,6,NONE,NOT CODED,NOT CODED,ALL OTHER (SEE NARRTIVE),NOT CODED,NOT CODED,14 MOTOR VEHICLE IN TRANSPORT,01 FRONT TO REAR,01 STRAIGHT AHEAD,FOLLOWED TOO CLOSELY,NO CONTRIBUTING ACTION,00 NOT CODED,00 NOT CODED,00 NOT CODED,00 NOT CODED,01 NO,0,0,0,0,2,0,2,2,N,N,N,Y,N,N,N,N,N,N,N,N,N,N,N,N,N,N,N,N,N,N,N,N,N,N,26.18850817,-80.1549395,584438.1334,2896835.023,L,,ARBM15Q1R2,28-Feb-22,1539504,-8922807.348,3022447.877
2.01787E+12,2017,867500940,3.41701E+11,COUNTY SHERIFF'S OFFICE,04 FOURTH,BROWARD,12-Jan-17,1417,FRIDAY,8638 FT. LAUDERDALE,1038,Y,SUNRISE BLVD E,BIRCH RD N,0.019,W,0,0,26.1380221,-80.1055854,86005000,1.027,7964,SR 838,,R RIGHT,2 THRU LANE 2,E EAST,30 URBAN 6+LN 2WY DIVD RASD,03 STATE,01 NON-JUNCTION,01 ON ROADWAY,02 FOUR-WAY INTERSECTION,03 CURB,46,9-Jul-17,16 URBAN MINOR ART,33,PAVED,7,CURB&GUTTER,2,,0,24,22500,RCI,10,,35,1 NO INJURY,31 Q/C COMPLETED - LOC VERIFIED,0 NO,03 INFLUENCED BY INTERSECTION,01 DAYLIGHT,01 CLEAR,01 DRY,01 LEVEL,1 STRAIGHT,"TWO-WAY, DIVIDED, POSITIVE MED","TWO-WAY, DIVIDED, POSITIVE MED",NO CONTROLS,NO CONTROLS,6,NONE,NOT CODED,NOT CODED,NONE,NOT CODED,NOT CODED,14 MOTOR VEHICLE IN TRANSPORT,01 FRONT TO REAR,01 STRAIGHT AHEAD,FOLLOWED TOO CLOSELY,NO CONTRIBUTING ACTION,00 NOT CODED,00 NOT CODED,00 NOT CODED,00 NOT CODED,01 NO,0,0,0,0,3,0,3,3,N,N,N,Y,N,N,N,N,N,N,Y,N,N,N,N,N,N,N,N,N,N,N,N,N,N,N,26.13799833,-80.1056278,589404.0866,2891273.843,R,,ARBM15Q1R2,28-Feb-22,1539505,-8917317.993,3016183.284
2.01787E+12,2017,867502350,3.41701E+11,COUNTY SHERIFF'S OFFICE,04 FOURTH,BROWARD,16-Jan-17,1530,TUESDAY,8638 FT. LAUDERDALE,1038,Y,NE 20TH AVE,NE 49TH ST,0,E,0,0,26.188458,-80.118253,86A03133,0.137,,,,I INTERSECTION,M MIDDLE,W WEST,,05 LOCAL,01 NON-JUNCTION,01 ON ROADWAY,02 FOUR-WAY INTERSECTION,03 CURB,0,31-Dec-00,,,,0,,0,,0,,,RCI,0,,,1 NO INJURY,33 Q/C VERIFIED AS OFF-SYSTEM,0 NO,01 NOT AT INTERSECTION/RRX/BRIDGE,01 DAYLIGHT,02 CLOUDY,01 DRY,01 LEVEL,1 STRAIGHT,"TWO-WAY, NOT DIVIDED","TWO-WAY, NOT DIVIDED",STOP SIGN,NO CONTROLS,,NONE,NOT CODED,NOT CODED,NONE,NOT CODED,NOT CODED,14 MOTOR VEHICLE IN TRANSPORT,03 ANGLE,03 TURNING LEFT,NO CONTRIBUTING ACTION,NO CONTRIBUTING ACTION,00 NOT CODED,00 NOT CODED,00 NOT CODED,00 NOT CODED,01 NO,0,0,0,0,2,0,2,3,N,N,N,N,N,N,N,N,N,N,N,N,N,N,N,N,N,N,N,N,N,Y,N,N,N,Y,26.18845521,-80.11825733,588103.6163,2896853.536,C,U,ARBM15Q1R2,28-Feb-22,1539506,-8918723.906,3022441.307
2.01787E+12,2017,867499640,3.41701E+11,COUNTY SHERIFF'S OFFICE,04 FOURTH,BROWARD,7-Jan-17,1355,SUNDAY,8638 FT. LAUDERDALE,1038,Y,SW 13TH CT,SW 29TH AVE,0.074,W,0,0,26.104027,-80.183953,86A17395,0.399,,,,R RIGHT,S SIDE OF ROAD,E EAST,,77 ALL OTHER,01 NON-JUNCTION,02 OFF ROADWAY,01 NOT AT INTERSECTION,02 UNPAVED,0,31-Dec-00,,,,0,,0,,0,,,RCI,0,,,0 UNKNOWN/NOT CODED,33 Q/C VERIFIED AS OFF-SYSTEM,0 NO,01 NOT AT INTERSECTION/RRX/BRIDGE,01 DAYLIGHT,01 CLEAR,01 DRY,01 LEVEL,3 CURVE LEFT,"TWO-WAY, NOT DIVIDED",,NO CONTROLS,NOT CODED,,NONE,NOT CODED,NOT CODED,NONE,NOT CODED,NOT CODED,15 PARKED MOTOR VEHICLE,02 FRONT TO FRONT,08 PARKED,NOT CODED,NOT CODED,00 NOT CODED,00 NOT CODED,00 NOT CODED,00 NOT CODED,01 NO,0,0,0,0,0,0,1,0,N,N,N,N,Y,N,N,N,N,N,N,N,N,N,N,N,N,N,N,N,N,N,N,N,N,N,26.10402527,-80.18395368,581597.6536,2887459.753,C,U,ARBM15Q1R2,28-Feb-22,1539507,-8926037.193,3011971.224
2.01787E+12,2017,867498410,3.41701E+11,COUNTY SHERIFF'S OFFICE,04 FOURTH,BROWARD,2-Jan-17,1250,TUESDAY,8638 FT. LAUDERDALE,1038,Y,BROWARD BLVD W,22ND AVE SW,0.01,W,0,0,26.1216207,-80.1728862,86006000,4.949,1998,SR 842,,R RIGHT,3 THRU LANE 3,E EAST,30 URBAN 6+LN 2WY DIVD RASD,03 STATE,03 INTERSECTION-RELATED,01 ON ROADWAY,02 FOUR-WAY INTERSECTION,03 CURB,37,19-Jun-17,14 URBAN PRIN ART OTHER,35,CURB&GUTTER,2,CURB&GUTTER,2,,0,16,45000,RCI,4.1,,40,2 POSSIBLE INJURY,31 Q/C COMPLETED - LOC VERIFIED,0 NO,03 INFLUENCED BY INTERSECTION,01 DAYLIGHT,02 CLOUDY,02 WET,00 NOT CODED,0 NOT CODED,NOT CODED,"TWO-WAY, DIVIDED, POSITIVE MED",NOT CODED,TRAFFIC CONTROL SIGNAL,6,"RD SURFC (WET, ICY, SNOW, ETC)",NOT CODED,NOT CODED,WEATHER CONDITIONS,NOT CODED,NOT CODED,14 MOTOR VEHICLE IN TRANSPORT,01 FRONT TO REAR,00 NOT CODED,NOT CODED,NO CONTRIBUTING ACTION,00 NOT CODED,00 NOT CODED,00 NOT CODED,00 NOT CODED,01 NO,1,0,0,0,2,0,3,3,N,N,N,Y,N,N,N,N,N,N,N,N,N,N,N,N,N,N,N,N,Y,Y,Y,N,N,N,26.12160523,-80.17287217,582693.3846,2889413.769,R,,ARBM15Q1R2,28-Feb-22,1539514,-8924803.605,3014150.676
2.01787E+12,2017,867506990,3.41702E+11,COUNTY SHERIFF'S OFFICE,04 FOURTH,BROWARD,31-Jan-17,1646,WEDNESDAY,8638 FT. LAUDERDALE,1038,Y,NE 16TH TER,NE 9TH ST,0.025,E,0,0,26.135509,-80.126701,86A16229,0.373,,,,R RIGHT,1 THRU LANE 1,0,,05 LOCAL,01 NON-JUNCTION,01 ON ROADWAY,01 NOT AT INTERSECTION,02 UNPAVED,0,31-Dec-00,,,,0,,0,,0,,,RCI,0,,,0 UNKNOWN/NOT CODED,33 Q/C VERIFIED AS OFF-SYSTEM,0 NO,01 NOT AT INTERSECTION/RRX/BRIDGE,01 DAYLIGHT,01 CLEAR,01 DRY,00 NOT CODED,0 NOT CODED,NOT CODED,"TWO-WAY, NOT DIVIDED",NOT CODED,NO CONTROLS,,NONE,NOT CODED,NOT CODED,NONE,NOT CODED,NOT CODED,15 PARKED MOTOR VEHICLE,03 ANGLE,00 NOT CODED,NOT CODED,NOT CODED,00 NOT CODED,00 NOT CODED,00 NOT CODED,00 NOT CODED,01 NO,0,0,0,0,0,0,2,0,N,N,N,N,Y,N,N,N,N,N,N,N,N,N,N,N,N,N,N,N,N,N,N,N,N,N,26.13550522,-80.12669733,587299.6664,2890983.408,C,U,ARBM15Q1R2,28-Feb-22,1539526,-8919663.443,3015874.14
2.01787E+12,2017,867507010,3.41702E+11,COUNTY SHERIFF'S OFFICE,04 FOURTH,BROWARD,31-Jan-17,1645,WEDNESDAY,8638 FT. LAUDERDALE,1038,Y,SR A1A,HARBOR DR,0.009,E,0,0,26.1085026,-80.1070655,86180000,2.193,707,SR A1A,,L LEFT,2 THRU LANE 2,S SOUTH,21 URBAN 4-5LN 2WY DIVD PAVD,03 STATE,01 NON-JUNCTION,01 ON ROADWAY,03 T-INTERSECTION,03 CURB,46,9-Jul-17,16 URBAN MINOR ART,20,PAVED,4,CURB&GUTTER,2,,0,10,34000,RCI,3.1,,35,1 NO INJURY,31 Q/C COMPLETED - LOC VERIFIED,0 NO,03 INFLUENCED BY INTERSECTION,01 DAYLIGHT,01 CLEAR,01 DRY,01 LEVEL,1 STRAIGHT,"TWO-WAY, DIVIDED, UNPROTECTED","TWO-WAY, DIVIDED, UNPROTECTED",NO CONTROLS,NO CONTROLS,4,NONE,NOT CODED,NOT CODED,NONE,NOT CODED,NOT CODED,14 MOTOR VEHICLE IN TRANSPORT,01 FRONT TO REAR,01 STRAIGHT AHEAD,NOT CODED,NO CONTRIBUTING ACTION,00 NOT CODED,00 NOT CODED,00 NOT CODED,00 NOT CODED,01 NO,0,0,0,0,1,0,2,2,N,N,N,Y,N,N,N,N,N,N,N,N,N,N,N,N,N,N,N,N,N,N,N,N,N,N,26.10849679,-80.10706393,589282.9421,2888005.448,C,,ARBM15Q1R2,28-Feb-22,1539527,-8917477.862,3012525.545
2.01787E+12,2017,867503090,3.41701E+11,COUNTY SHERIFF'S OFFICE,04 FOURTH,BROWARD,19-Jan-17,920,FRIDAY,8638 FT. LAUDERDALE,1038,Y,BROWARD BLVD W,14TH AVE SW R,0.013,E,0,0,26.1218724,-80.1603222,86006000,5.731,463,SR 842,,R RIGHT,3 THRU LANE 3,E EAST,30 URBAN 6+LN 2WY DIVD RASD,03 STATE,01 NON-JUNCTION,01 ON ROADWAY,01 NOT AT INTERSECTION,03 CURB,40,19-Jun-17,14 URBAN PRIN ART OTHER,33,PAVED,3,CURB&GUTTER,2,,0,16,76000,RCI,4,,40,1 NO INJURY,31 Q/C COMPLETED - LOC VERIFIED,0 NO,01 NOT AT INTERSECTION/RRX/BRIDGE,01 DAYLIGHT,01 CLEAR,01 DRY,01 LEVEL,1 STRAIGHT,"TWO-WAY, DIVIDED, POSITIVE MED","TWO-WAY, NOT DIVIDED",NO CONTROLS,NO CONTROLS,6,NONE,NOT CODED,NOT CODED,NONE,NOT CODED,NOT CODED,14 MOTOR VEHICLE IN TRANSPORT,"04 SIDESWIPE, SAME DIRECTION",06 CHANGING LANES,FAILED TO YIELD RIGHT-OF-WAY,NO CONTRIBUTING ACTION,00 NOT CODED,00 NOT CODED,00 NOT CODED,00 NOT CODED,01 NO,0,0,0,0,2,0,2,2,N,N,N,N,Y,N,N,N,N,N,N,N,N,N,N,N,N,N,N,N,N,N,N,N,N,N,26.12185882,-80.16029224,583950.9567,2889449.911,R,,ARBM15Q1R2,28-Feb-22,1539528,-8923403.212,3014182.117
2.01787E+12,2017,867504400,3.41701E+11,COUNTY SHERIFF'S OFFICE,04 FOURTH,BROWARD,23-Jan-17,1714,TUESDAY,8638 FT. LAUDERDALE,1038,Y,FEDERAL HWY,2ND ST SE,0.038,S,0,0,26.1202693,-80.137182,86010000,10.181,1346,SR 5,US 1,R RIGHT,1 THRU LANE 1,N NORTH,20 URBAN 4-5LN 2WY DIVD RASD,02 U.S.,01 NON-JUNCTION,01 ON ROADWAY,01 NOT AT INTERSECTION,03 CURB,35,19-Jun-17,14 URBAN PRIN ART OTHER,22,RAISED CURB,0,,0,,0,7,60000,RCI,3.6,,35,1 NO INJURY,31 Q/C COMPLETED - LOC VERIFIED,0 NO,03 INFLUENCED BY INTERSECTION,01 DAYLIGHT,01 CLEAR,01 DRY,03 UPHILL,1 STRAIGHT,"TWO-WAY, DIVIDED, POSITIVE MED","TWO-WAY, DIVIDED, POSITIVE MED",NO CONTROLS,NO CONTROLS,4,NONE,NOT CODED,NOT CODED,NONE,NOT CODED,NOT CODED,14 MOTOR VEHICLE IN TRANSPORT,01 FRONT TO REAR,01 STRAIGHT AHEAD,OTHER CONTRIBUTING ACTION,NO CONTRIBUTING ACTION,00 NOT CODED,00 NOT CODED,00 NOT CODED,00 NOT CODED,01 NO,0,0,0,0,2,0,2,3,N,N,N,Y,N,N,N,N,N,N,N,N,N,N,N,N,N,N,N,N,N,N,N,N,N,N,26.12031335,-80.13717159,586263.7173,2889293.868,R,,ARBM15Q1R2,28-Feb-22,1539529,-8920829.433,3013990.506
2.01787E+12,2017,867499060,3.41701E+11,COUNTY SHERIFF'S OFFICE,04 FOURTH,BROWARD,4-Jan-17,2315,THURSDAY,8638 FT. LAUDERDALE,1038,Y,SR A1A,LAS OLAS BLVD,0.047,S,0,0,26.1185401,-80.1058399,86050100,0.54,747,SR A1A,,R RIGHT,1 THRU LANE 1,N NORTH,40 URBAN ONE WAY,03 STATE,02 INTERSECTION,01 ON ROADWAY,02 FOUR-WAY INTERSECTION,03 CURB,44,9-Jul-17,16 URBAN MINOR ART,21,CURB&GUTTER,2,CURB&GUTTER,2,,0,,13500,RCI,2.9,,30,1 NO INJURY,31 Q/C COMPLETED - LOC VERIFIED,0 NO,03 INFLUENCED BY INTERSECTION,04 DARK-LIGHTED,01 CLEAR,01 DRY,01 LEVEL,1 STRAIGHT,ONE-WAY TRAFFICWAY,ONE-WAY TRAFFICWAY,TRAFFIC CONTROL SIGNAL,TRAFFIC CONTROL SIGNAL,2,NONE,NONE,NOT CODED,NONE,NOT CODED,NOT CODED,14 MOTOR VEHICLE IN TRANSPORT,02 FRONT TO FRONT,01 STRAIGHT AHEAD,OTHER CONTRIBUTING ACTION,NO CONTRIBUTING ACTION,00 NOT CODED,00 NOT CODED,00 NOT CODED,00 NOT CODED,01 NO,0,0,0,0,2,0,2,2,N,N,N,Y,N,N,N,N,N,N,N,N,N,N,N,N,N,N,N,N,N,N,N,N,N,N,26.11853496,-80.10582101,589399.588,2889118.065,O,,ARBM15Q1R2,28-Feb-22,1539542,-8917339.501,3013770.02
2.01787E+12,2017,867500370,3.41701E+11,COUNTY SHERIFF'S OFFICE,04 FOURTH,BROWARD,6-Jan-17,1840,SATURDAY,8638 FT. LAUDERDALE,1038,Y,NW 17TH ST,NW 16TH ST,0.045,E,0,0,26.148664,-80.163841,86A15636,0.325,,,,L LEFT,S SIDE OF ROAD,S SOUTH,,77 ALL OTHER,01 NON-JUNCTION,02 OFF ROADWAY,01 NOT AT INTERSECTION,02 UNPAVED,0,31-Dec-00,,,,0,,0,,0,,,RCI,0,,,3 NO-INCAPACITATING INJURY,33 Q/C VERIFIED AS OFF-SYSTEM,1 ALC,01 NOT AT INTERSECTION/RRX/BRIDGE,04 DARK-LIGHTED,02 CLOUDY,01 DRY,01 LEVEL,3 CURVE LEFT,"TWO-WAY, NOT DIVIDED","TWO-WAY, NOT DIVIDED",NO CONTROLS,NO CONTROLS,,NONE,NOT CODED,NOT CODED,NONE,NOT CODED,NOT CODED,14 MOTOR VEHICLE IN TRANSPORT,01 FRONT TO REAR,01 STRAIGHT AHEAD,OTHER CONTRIBUTING ACTION,NOT CODED,00 NOT CODED,00 NOT CODED,00 NOT CODED,00 NOT CODED,01 NO,1,0,0,0,1,0,2,1,N,N,N,N,Y,N,N,Y,N,N,N,N,N,N,N,N,N,N,N,N,N,N,N,N,N,N,26.14866548,-80.16384273,583576.8892,2892416.544,C,U,ARBM15Q1R2,28-Feb-22,1539543,-8923798.451,3017506.074
2.01787E+12,2017,867510000,3.41702E+11,COUNTY SHERIFF'S OFFICE,04 FOURTH,BROWARD,10-Feb-17,2027,SATURDAY,8638 FT. LAUDERDALE,1038,Y,FEDERAL HWY N,OAKLAND PARK BLVD E,0,,0,0,26.1671847,-80.1167921,86020000,4.093,587,SR 5,US 1,L LEFT,1 THRU LANE 1,W WEST,30 URBAN 6+LN 2WY DIVD RASD,02 U.S.,02 INTERSECTION,01 ON ROADWAY,02 FOUR-WAY INTERSECTION,03 CURB,39,2-Oct-16,14 URBAN PRIN ART OTHER,33,CURB&GUTTER,2,,0,,0,29,54500,RCI,1.5,2D5700,45,2 POSSIBLE INJURY,31 Q/C COMPLETED - LOC VERIFIED,0 NO,02 AT INTERSECTION,04 DARK-LIGHTED,02 CLOUDY,01 DRY,01 LEVEL,1 STRAIGHT,"TWO-WAY, DIVIDED, POSITIVE MED","TWO-WAY, DIVIDED, POSITIVE MED",TRAFFIC CONTROL SIGNAL,TRAFFIC CONTROL SIGNAL,6,NONE,NOT CODED,NOT CODED,NONE,NOT CODED,NOT CODED,14 MOTOR VEHICLE IN TRANSPORT,77 OTHER (SEE NARRATIVE),01 STRAIGHT AHEAD,OTHER CONTRIBUTING ACTION,NO CONTRIBUTING ACTION,00 NOT CODED,00 NOT CODED,00 NOT CODED,00 NOT CODED,01 NO,1,0,0,0,3,0,3,7,N,N,N,Y,N,N,N,N,N,N,Y,N,N,N,N,N,N,N,N,N,Y,Y,N,N,N,Y,26.1672393,-80.11703279,588241.9548,2894504.61,L,,ARBM15Q1R2,28-Feb-22,1539544,-8918587.591,3019809.628
2.01787E+12,2017,867510010,3.41702E+11,COUNTY SHERIFF'S OFFICE,04 FOURTH,BROWARD,10-Feb-17,2027,SATURDAY,8638 FT. LAUDERDALE,1038,Y,US 1,SR 84,0.104,S,0,0,26.0912605,-80.1364654,86010001,2.443,4386,SR 5,US 1,R RIGHT,2 THRU LANE 2,S SOUTH,30 URBAN 6+LN 2WY DIVD RASD,03 STATE,01 NON-JUNCTION,01 ON ROADWAY,01 NOT AT INTERSECTION,01 PAVED,31,14-Jun-15,14 URBAN PRIN ART OTHER,33,CURB&GUTTER,2,,0,,0,20,65000,RCI,8.7,,40,3 NO-INCAPACITATING INJURY,31 Q/C COMPLETED - LOC VERIFIED,0 NO,01 NOT AT INTERSECTION/RRX/BRIDGE,04 DARK-LIGHTED,01 CLEAR,01 DRY,01 LEVEL,1 STRAIGHT,"TWO-WAY, DIVIDED, POSITIVE MED","TWO-WAY, DIVIDED, POSITIVE MED",NO CONTROLS,NO CONTROLS,6,NONE,NONE,NONE,NONE,NONE,NONE,14 MOTOR VEHICLE IN TRANSPORT,01 FRONT TO REAR,01 STRAIGHT AHEAD,FOLLOWED TOO CLOSELY,NO CONTRIBUTING ACTION,00 NOT CODED,00 NOT CODED,00 NOT CODED,00 NOT CODED,01 NO,2,0,0,0,2,0,2,3,N,N,N,N,N,N,N,N,N,N,N,N,N,N,N,N,N,N,N,N,N,N,N,N,N,N,26.09134086,-80.13644723,586357.423,2886085.557,R,,ARBM15Q1R2,28-Feb-22,1539545,-8920748.797,3010398.897
2.01787E+12,2017,867511320,3.41702E+11,COUNTY SHERIFF'S OFFICE,04 FOURTH,BROWARD,14-Feb-17,1601,WEDNESDAY,8638 FT. LAUDERDALE,1038,Y,SR A1A,10TH AVE SE,0,,0,0,26.1002708,-80.1327023,86180000,0.253,692,SR A1A,,R RIGHT,3 THRU LANE 3,E EAST,30 URBAN 6+LN 2WY DIVD RASD,03 STATE,01 NON-JUNCTION,01 ON ROADWAY,02 FOUR-WAY INTERSECTION,01 PAVED,31,6-Jul-15,16 URBAN MINOR ART,34,CURB&GUTTER,2,,0,,0,16,42500,RCI,3.7,1D1145,35,2 POSSIBLE INJURY,31 Q/C COMPLETED - LOC VERIFIED,0 NO,02 AT INTERSECTION,01 DAYLIGHT,01 CLEAR,01 DRY,01 LEVEL,1 STRAIGHT,"TWO-WAY, DIVIDED, POSITIVE MED","TWO-WAY, DIVIDED, POSITIVE MED",TRAFFIC CONTROL SIGNAL,TRAFFIC CONTROL SIGNAL,6,NONE,NOT CODED,NOT CODED,NONE,NOT CODED,NOT CODED,14 MOTOR VEHICLE IN TRANSPORT,01 FRONT TO REAR,01 STRAIGHT AHEAD,OPERATED MV IN CARLESS OR NEGL,NO CONTRIBUTING ACTION,00 NOT CODED,00 NOT CODED,00 NOT CODED,00 NOT CODED,01 NO,1,0,0,0,2,0,2,2,N,N,N,Y,N,N,N,N,N,N,N,N,N,N,N,N,N,N,N,N,N,N,N,N,N,N,26.10026483,-80.13277861,586717.7312,2887076.35,R,,ARBM15Q1R2,28-Feb-22,1539546,-8920340.408,3011505.073