Crash Id,Calendar Year,FDOT Crash Number,Reporting Agency Case Number,Reporting Agency Type,FDOT Managing District,County Name,Crash Date,Crash Time,Day,DHSMV City,Crash Report City Code,In Town,On Roadway Name,Int Roadway Name,Reference Distance (Miles),Reference Direction,Officer Latitude,Officer Longitude,FDOT Latitude,FDOT Longitude,FDOT Roadway,Nearest Inventory MP,Nearest Node From Crash,State Road #,US Highway,Crash Side of Road,Accident Lane Number,Travel Direction Vehicle 1,FDOT Road Category,DHSMV Road System Id,Relation to Junction,Crash Harmful Event Location,Intersection Type,Shoulder Type,FDOT Roadway SKID Test Result,FDOT Roadway SKID Test Date,Functional Class,RCI Surface Width,RCI Shoulder Type First,RCI Shoulder Width First,RCI Shoulder Type Second,RCI Shoulder Width Second,RCI Shoulder Type Third,RCI Shoulder Width Third,RCI Median Width,Avg Daily Traffic,AADT Source,RCI Avg Per Truck Traffic,RCI Horiz Curve Condition,Posted Speed Limit,Highest Injury in Crash,CAR Status Code,Alcohols/Drug Involved,Site Location,Lighting,Weather,Road Surface,Roadway Grade,Roadway Alignment,Traffic Way Vehicle 1,Traffic Way Vehicle 2,Traffic Control Vehicle 1,Traffic Control Vehicle 2,Count of Lanes,Road Condition 1,Road Condition 2,Road Condition 3,Environment Condition 1,Environment Condition 2,Environment Condition 3,Crash Harmful Event,Manner of Collision,Vehicle Movement,Driver Action Vehicle 1,Driver Action Vehicle 2,Location Within Workzone,Type of Workzone,Workers Present in Workzone,Law Enforcement Present in Workzone,School Bus Related,Count of Nonfatal Injuries,Count of Traffic Fatalities,Count of Serious Injuries,Count of Pedestrians,Count of Drivers,Count of Bicyclists,Count of Vehicles,Count of Persons,Wrong Way,Workzone Inv,Commercial Vehicle Inv,Intersection Inv,Lane Departure,Speeding,Agressive Driving,Impaired Driver,Impaired Pedestrian,Impaired Bicyclist,Distracted Driver,Speeding or Aggressive Driving,Pedestrian Related,Bicyclist Related,Pedestrian or Bicyclist Related,Motorcycle Inv,No Belt,No Belt - Ages 1-4,No Belt - Ages 5-12,No Belt - Ages 13-17,Driver - Ages Teen,Driver - Ages 65 plus,Driver - Ages 65-69,Driver - Ages 70-74,Driver - Ages 75-79,Driver - Ages 80 plus,ARBM Latitude,ARBM Longitude,UTM Zone 17N X,UTM Zone 17N Y,ARBM Side of Road,Urban Rural Indicator,GIS Street Source,Extract Date,OBJECTID,x,y
2.01787E+12,2017,867501170,3.41701E+11,COUNTY SHERIFF'S OFFICE,04 FOURTH,BROWARD,13-Jan-17,905,SATURDAY,8638 FT. LAUDERDALE,1038,Y,9TH ST NE,SR A1A,0.019,W,0,0,26.1368159,-80.1031136,86050000,3.254,764,SR A1A,,T SIDE RD LEFT,1 THRU LANE 1,E EAST,20 URBAN 4-5LN 2WY DIVD RASD,05 LOCAL,03 INTERSECTION-RELATED,01 ON ROADWAY,03 T-INTERSECTION,01 PAVED,41,15-Jun-15,16 URBAN MINOR ART,20,PAVED,5,CURB&GUTTER,2,,0,14,25500,RCI,2,,30,1 NO INJURY,31 Q/C COMPLETED - LOC VERIFIED,0 NO,03 INFLUENCED BY INTERSECTION,01 DAYLIGHT,02 CLOUDY,01 DRY,01 LEVEL,1 STRAIGHT,"TWO-WAY, NOT DIV, W/CONT LTURN","TWO-WAY, NOT DIV, W/CONT LTURN",TRAFFIC CONTROL SIGNAL,TRAFFIC CONTROL SIGNAL,4,NONE,NOT CODED,NOT CODED,NONE,NOT CODED,NOT CODED,14 MOTOR VEHICLE IN TRANSPORT,01 FRONT TO REAR,04 BACKING,IMPROPER BACKING,NO CONTRIBUTING ACTION,00 NOT CODED,00 NOT CODED,00 NOT CODED,00 NOT CODED,01 NO,0,0,0,0,2,0,2,2,N,N,Y,Y,N,N,N,N,N,N,N,N,N,N,N,N,N,N,N,N,N,N,N,N,N,N,26.13682888,-80.10309734,589657.945,2891146.064,C,,ARBM15Q1R2,28-Feb-22,1540633,-8917036.303,3016038.272
2.01787E+12,2017,867499920,3.41701E+11,COUNTY SHERIFF'S OFFICE,04 FOURTH,BROWARD,8-Jan-17,1458,MONDAY,8638 FT. LAUDERDALE,1038,Y,DAVIE BLVD,RIVERLAND RD,0.338,W,0,0,26.1058909,-80.1830703,86210000,1.148,343,SR 736,,R RIGHT,3 THRU LANE 3,E EAST,20 URBAN 4-5LN 2WY DIVD RASD,03 STATE,01 NON-JUNCTION,01 ON ROADWAY,01 NOT AT INTERSECTION,01 PAVED,33,17-Jun-15,16 URBAN MINOR ART,22,PAVED,3,CURB&GUTTER,2,,0,12,29000,RCI,3.7,,40,1 NO INJURY,31 Q/C COMPLETED - LOC VERIFIED,0 NO,01 NOT AT INTERSECTION/RRX/BRIDGE,01 DAYLIGHT,01 CLEAR,01 DRY,03 UPHILL,1 STRAIGHT,"TWO-WAY, DIVIDED, POSITIVE MED","TWO-WAY, DIVIDED, POSITIVE MED",NO CONTROLS,TRAFFIC CONTROL SIGNAL,4,NONE,NOT CODED,NOT CODED,NONE,NOT CODED,NOT CODED,14 MOTOR VEHICLE IN TRANSPORT,01 FRONT TO REAR,01 STRAIGHT AHEAD,FOLLOWED TOO CLOSELY,NO CONTRIBUTING ACTION,00 NOT CODED,00 NOT CODED,00 NOT CODED,00 NOT CODED,01 NO,0,0,0,0,2,0,2,4,N,N,N,N,N,N,N,N,N,N,N,N,N,N,N,N,N,N,N,N,N,N,N,N,N,N,26.10595462,-80.18307162,581684.5151,2887673.986,C,,ARBM15Q1R2,28-Feb-22,1540634,-8925939.002,3012210.398
2.01787E+12,2017,867499980,3.41701E+11,COUNTY SHERIFF'S OFFICE,04 FOURTH,BROWARD,8-Jan-17,1710,MONDAY,8638 FT. LAUDERDALE,1038,Y,62ND ST NW,9TH AVE NW,0.005,W,0,0,26.2031588,-80.1556864,86065000,4.594,1984,SR 845,,T SIDE RD LEFT,3 THRU LANE 3,W WEST,30 URBAN 6+LN 2WY DIVD RASD,05 LOCAL,01 NON-JUNCTION,01 ON ROADWAY,02 FOUR-WAY INTERSECTION,01 PAVED,33,6-Jul-15,14 URBAN PRIN ART OTHER,33,CURB&GUTTER,2,,0,,0,27,32500,RCI,4.7,,45,2 POSSIBLE INJURY,31 Q/C COMPLETED - LOC VERIFIED,0 NO,03 INFLUENCED BY INTERSECTION,01 DAYLIGHT,01 CLEAR,01 DRY,01 LEVEL,1 STRAIGHT,"TWO-WAY, DIVIDED, POSITIVE MED","TWO-WAY, DIVIDED, POSITIVE MED",TRAFFIC CONTROL SIGNAL,TRAFFIC CONTROL SIGNAL,6,NONE,NOT CODED,NOT CODED,NONE,NOT CODED,NOT CODED,14 MOTOR VEHICLE IN TRANSPORT,01 FRONT TO REAR,01 STRAIGHT AHEAD,FAILED TO YIELD RIGHT-OF-WAY,NO CONTRIBUTING ACTION,00 NOT CODED,00 NOT CODED,00 NOT CODED,00 NOT CODED,01 NO,1,0,0,0,2,0,2,3,N,N,N,Y,N,N,N,N,N,N,N,N,N,N,N,N,N,N,N,N,N,N,N,N,N,N,26.20309618,-80.15584613,584337.0299,2898450.115,L,,ARBM15Q1R2,28-Feb-22,1540645,-8922908.274,3024257.692
2.01787E+12,2017,867505540,3.41701E+11,COUNTY SHERIFF'S OFFICE,04 FOURTH,BROWARD,26-Jan-17,2032,FRIDAY,8638 FT. LAUDERDALE,1038,Y,SR 842,9TH AVE SW,0.007,W,0,0,26.1220459,-80.1536817,86006000,6.144,468,SR 842,,L LEFT,3 THRU LANE 3,E EAST,30 URBAN 6+LN 2WY DIVD RASD,05 LOCAL,01 NON-JUNCTION,01 ON ROADWAY,01 NOT AT INTERSECTION,03 CURB,40,19-Jun-17,14 URBAN PRIN ART OTHER,33,PAVED,3,CURB&GUTTER,2,,0,16,76000,RCI,4,,35,1 NO INJURY,31 Q/C COMPLETED - LOC VERIFIED,0 NO,03 INFLUENCED BY INTERSECTION,04 DARK-LIGHTED,01 CLEAR,01 DRY,01 LEVEL,1 STRAIGHT,"TWO-WAY, DIVIDED, POSITIVE MED","TWO-WAY, DIVIDED, POSITIVE MED",NO CONTROLS,NO CONTROLS,6,NONE,NOT CODED,NOT CODED,NONE,NOT CODED,NOT CODED,14 MOTOR VEHICLE IN TRANSPORT,01 FRONT TO REAR,01 STRAIGHT AHEAD,OTHER CONTRIBUTING ACTION,NO CONTRIBUTING ACTION,00 NOT CODED,00 NOT CODED,00 NOT CODED,00 NOT CODED,01 NO,0,0,0,0,2,0,2,4,N,N,N,Y,N,N,N,N,N,N,N,N,N,N,N,N,N,N,N,N,N,N,N,N,N,N,26.12217049,-80.15363827,584616.0021,2889488.74,L,,ARBM15Q1R2,28-Feb-22,1541105,-8922662.495,3014220.759
2.01787E+12,2017,867501510,3.41701E+11,COUNTY SHERIFF'S OFFICE,04 FOURTH,BROWARD,14-Jan-17,1556,SUNDAY,8638 FT. LAUDERDALE,1038,Y,S ANDREWS AVE,SE 5TH ST,0,E,0,0,26.116234,-80.143316,86033500,2.024,,,,I INTERSECTION,M MIDDLE,N NORTH,,05 LOCAL,01 NON-JUNCTION,01 ON ROADWAY,02 FOUR-WAY INTERSECTION,03 CURB,0,31-Dec-00,,,,0,,0,,0,,,RCI,0,,,1 NO INJURY,33 Q/C VERIFIED AS OFF-SYSTEM,0 NO,01 NOT AT INTERSECTION/RRX/BRIDGE,01 DAYLIGHT,02 CLOUDY,01 DRY,01 LEVEL,1 STRAIGHT,"TWO-WAY, NOT DIVIDED","TWO-WAY, NOT DIVIDED",NO CONTROLS,NO CONTROLS,,NONE,NOT CODED,NOT CODED,NONE,NOT CODED,NOT CODED,14 MOTOR VEHICLE IN TRANSPORT,03 ANGLE,06 CHANGING LANES,FAILED TO KEEP IN PROPER LANE,NO CONTRIBUTING ACTION,00 NOT CODED,00 NOT CODED,00 NOT CODED,00 NOT CODED,01 NO,0,0,0,0,2,0,2,2,N,N,N,N,Y,N,N,N,N,N,N,N,N,N,N,N,N,N,N,N,N,N,N,N,N,N,26.11623396,-80.14331728,585652.2301,2888838.003,C,U,ARBM15Q1R2,28-Feb-22,1541106,-8921513.568,3013484.746
2.01787E+12,2017,867501570,3.41701E+11,COUNTY SHERIFF'S OFFICE,04 FOURTH,BROWARD,14-Jan-17,1710,SUNDAY,8638 FT. LAUDERDALE,1038,Y,SUNRISE BLVD E,10TH AVE NE,0.019,W,0,0,26.137051,-80.1338104,86020000,1.185,1360,SR 5,US 1,L LEFT,3 THRU LANE 3,W WEST,30 URBAN 6+LN 2WY DIVD RASD,03 STATE,04 DRIVEWAY/ALLEY ACCESS RELATED,01 ON ROADWAY,03 T-INTERSECTION,03 CURB,34,1-Aug-16,14 URBAN PRIN ART OTHER,36,CURB&GUTTER,2,,0,,0,16,58000,RCI,7.5,,35,2 POSSIBLE INJURY,31 Q/C COMPLETED - LOC VERIFIED,0 NO,03 INFLUENCED BY INTERSECTION,01 DAYLIGHT,01 CLEAR,01 DRY,01 LEVEL,1 STRAIGHT,"TWO-WAY, DIVIDED, POSITIVE MED","TWO-WAY, DIVIDED, POSITIVE MED",NO CONTROLS,NO CONTROLS,6,NONE,NOT CODED,NOT CODED,NONE,NOT CODED,NOT CODED,14 MOTOR VEHICLE IN TRANSPORT,01 FRONT TO REAR,01 STRAIGHT AHEAD,FOLLOWED TOO CLOSELY,NO CONTRIBUTING ACTION,00 NOT CODED,00 NOT CODED,00 NOT CODED,00 NOT CODED,01 NO,2,0,0,0,3,0,3,7,N,N,N,Y,N,N,N,N,N,N,N,N,N,N,N,N,N,N,N,N,N,N,N,N,N,N,26.13717377,-80.13400779,586567.612,2891163.319,L,,ARBM15Q1R2,28-Feb-22,1541107,-8920477.24,3016081.038
2.01787E+12,2017,867502880,3.41701E+11,COUNTY SHERIFF'S OFFICE,04 FOURTH,BROWARD,18-Jan-17,1140,THURSDAY,8638 FT. LAUDERDALE,1038,Y,SR A1A,BELMAR ST,0,,0,0,26.1325387,-80.1032615,86050000,2.959,762,SR A1A,,L LEFT,2 THRU LANE 2,N NORTH,20 URBAN 4-5LN 2WY DIVD RASD,03 STATE,02 INTERSECTION,01 ON ROADWAY,03 T-INTERSECTION,03 CURB,47,9-Jul-17,16 URBAN MINOR ART,21,PAVED,5,CURB&GUTTER,2,,0,14,25500,RCI,2,,30,1 NO INJURY,31 Q/C COMPLETED - LOC VERIFIED,0 NO,02 AT INTERSECTION,01 DAYLIGHT,01 CLEAR,01 DRY,01 LEVEL,1 STRAIGHT,"TWO-WAY, DIVIDED, POSITIVE MED","TWO-WAY, NOT DIVIDED",OTHER (SEE NARRATIVE),OTHER (SEE NARRATIVE),4,NONE,NONE,NOT CODED,NONE,NONE,NOT CODED,14 MOTOR VEHICLE IN TRANSPORT,01 FRONT TO REAR,01 STRAIGHT AHEAD,FOLLOWED TOO CLOSELY,NO CONTRIBUTING ACTION,00 NOT CODED,00 NOT CODED,00 NOT CODED,00 NOT CODED,01 NO,0,0,0,0,2,0,2,4,N,N,N,Y,N,N,N,N,N,N,N,N,N,N,N,N,N,N,N,N,N,N,N,N,N,N,26.13254617,-80.10330776,589640.1796,2890671.591,C,,ARBM15Q1R2,28-Feb-22,1541108,-8917059.727,3015507.229
2.01787E+12,2017,867500000,3.41701E+11,COUNTY SHERIFF'S OFFICE,04 FOURTH,BROWARD,7-Jan-17,603,SUNDAY,8638 FT. LAUDERDALE,1038,Y,FEDERAL HWY S,20TH ST SE,0,,0,0,26.0965702,-80.1366104,86010000,8.547,1321,SR 5,US 1,R RIGHT,2 THRU LANE 2,N NORTH,30 URBAN 6+LN 2WY DIVD RASD,02 U.S.,01 NON-JUNCTION,01 ON ROADWAY,01 NOT AT INTERSECTION,01 PAVED,38,19-Jun-17,14 URBAN PRIN ART OTHER,32,CURB&GUTTER,2,,0,,0,19,54000,RCI,4.4,,40,1 NO INJURY,31 Q/C COMPLETED - LOC VERIFIED,0 NO,02 AT INTERSECTION,04 DARK-LIGHTED,01 CLEAR,01 DRY,01 LEVEL,1 STRAIGHT,"TWO-WAY, DIVIDED, POSITIVE MED","TWO-WAY, DIVIDED, POSITIVE MED",NO CONTROLS,NO CONTROLS,6,NONE,NOT CODED,NOT CODED,NONE,NOT CODED,NOT CODED,14 MOTOR VEHICLE IN TRANSPORT,01 FRONT TO REAR,01 STRAIGHT AHEAD,NOT CODED,NO CONTRIBUTING ACTION,00 NOT CODED,00 NOT CODED,00 NOT CODED,00 NOT CODED,01 NO,0,0,0,0,1,0,2,1,N,N,N,Y,N,N,N,N,N,N,N,N,N,N,N,N,N,N,N,N,N,N,N,N,N,N,26.09656865,-80.13658841,586339.4667,2886664.456,R,,ARBM15Q1R2,28-Feb-22,1541201,-8920764.513,3011046.9
2.01787E+12,2017,867501310,3.41701E+11,COUNTY SHERIFF'S OFFICE,04 FOURTH,BROWARD,13-Jan-17,2014,SATURDAY,8638 FT. LAUDERDALE,1038,Y,62ND ST,18TH AVE,0.019,W,0,0,26.20371,-80.1233,86530500,2.014,,,,R RIGHT,R RIGHT TURN,E EAST,,05 LOCAL,01 NON-JUNCTION,01 ON ROADWAY,01 NOT AT INTERSECTION,01 PAVED,0,31-Dec-00,,,,0,,0,,0,,,RCI,0,,,1 NO INJURY,33 Q/C VERIFIED AS OFF-SYSTEM,0 NO,01 NOT AT INTERSECTION/RRX/BRIDGE,05 DARK-NOT LIGHTED,01 CLEAR,01 DRY,01 LEVEL,1 STRAIGHT,NOT CODED,"TWO-WAY, DIVIDED, POSITIVE MED",TRAFFIC CONTROL SIGNAL,TRAFFIC CONTROL SIGNAL,,NONE,NOT CODED,NOT CODED,NONE,NOT CODED,NOT CODED,14 MOTOR VEHICLE IN TRANSPORT,01 FRONT TO REAR,14 SLOWING,NOT CODED,NO CONTRIBUTING ACTION,00 NOT CODED,00 NOT CODED,00 NOT CODED,00 NOT CODED,01 NO,0,0,0,0,1,0,2,1,N,N,N,N,N,N,N,N,N,N,N,N,N,N,N,N,N,N,N,N,N,N,N,N,N,N,26.20370744,-80.12329992,587588.3259,2898539.379,C,U,ARBM15Q1R2,28-Feb-22,1541202,-8919285.245,3024333.532
2.01787E+12,2017,867498700,3.41701E+11,COUNTY SHERIFF'S OFFICE,04 FOURTH,BROWARD,3-Jan-17,808,WEDNESDAY,8638 FT. LAUDERDALE,1038,Y,NE 4TH AVE,NE 8TH ST,0,E,0,0,26.133367,-80.139924,86A08898,0.496,,,,I INTERSECTION,M MIDDLE,N NORTH,,05 LOCAL,02 INTERSECTION,01 ON ROADWAY,02 FOUR-WAY INTERSECTION,01 PAVED,0,31-Dec-00,,,,0,,0,,0,,,RCI,0,,,4 INCAPACITATING INJURY,33 Q/C VERIFIED AS OFF-SYSTEM,0 NO,02 AT INTERSECTION,01 DAYLIGHT,02 CLOUDY,01 DRY,01 LEVEL,1 STRAIGHT,"TWO-WAY, NOT DIVIDED","TWO-WAY, NOT DIVIDED",STOP SIGN,NO CONTROLS,,NONE,NONE,NOT CODED,WEATHER CONDITIONS,WEATHER CONDITIONS,NOT CODED,14 MOTOR VEHICLE IN TRANSPORT,03 ANGLE,14 SLOWING,RAN STOP SIGN,NO CONTRIBUTING ACTION,00 NOT CODED,00 NOT CODED,00 NOT CODED,00 NOT CODED,01 NO,1,0,1,0,2,0,2,2,N,N,N,Y,N,N,N,N,N,N,N,N,N,N,N,Y,N,N,N,N,N,N,N,N,N,N,26.13336522,-80.13992733,585978.636,2890737.582,C,U,ARBM15Q1R2,28-Feb-22,1541205,-8921136.2,3015608.788
2.01787E+12,2017,867498740,3.41701E+11,COUNTY SHERIFF'S OFFICE,04 FOURTH,BROWARD,3-Jan-17,1334,WEDNESDAY,8638 FT. LAUDERDALE,1038,Y,SE 17TH ST,SE 10TH AVE,0.015,E,0,0,26.100389,-80.132442,86180000,0.274,,,,L LEFT,2 THRU LANE 2,W WEST,,05 LOCAL,01 NON-JUNCTION,01 ON ROADWAY,01 NOT AT INTERSECTION,03 CURB,0,31-Dec-00,,,,0,,0,,0,,,RCI,0,,,1 NO INJURY,33 Q/C VERIFIED AS OFF-SYSTEM,0 NO,01 NOT AT INTERSECTION/RRX/BRIDGE,01 DAYLIGHT,01 CLEAR,01 DRY,01 LEVEL,1 STRAIGHT,"TWO-WAY, DIVIDED, POSITIVE MED","TWO-WAY, DIVIDED, POSITIVE MED",TRAFFIC CONTROL SIGNAL,TRAFFIC CONTROL SIGNAL,,NONE,NOT CODED,NOT CODED,NONE,NOT CODED,NOT CODED,14 MOTOR VEHICLE IN TRANSPORT,01 FRONT TO REAR,01 STRAIGHT AHEAD,FOLLOWED TOO CLOSELY,OTHER CONTRIBUTING ACTION,00 NOT CODED,00 NOT CODED,00 NOT CODED,00 NOT CODED,01 NO,0,0,0,0,2,0,2,2,N,N,N,N,N,N,N,N,N,N,N,N,N,N,N,N,N,N,N,N,N,Y,N,Y,N,N,26.10039093,-80.13244206,586751.2931,2887090.54,L,U,ARBM15Q1R2,28-Feb-22,1541207,-8920302.943,3011520.704
2.01787E+12,2017,867505320,3.41701E+11,COUNTY SHERIFF'S OFFICE,04 FOURTH,BROWARD,26-Jan-17,1307,FRIDAY,8638 FT. LAUDERDALE,1038,Y,NW 19TH ST,NW 29TH AVE,0.019,W,0,0,26.150916,-80.183089,86570500,1.221,,,,L LEFT,1 THRU LANE 1,S SOUTH,,05 LOCAL,04 DRIVEWAY/ALLEY ACCESS RELATED,01 ON ROADWAY,01 NOT AT INTERSECTION,03 CURB,0,31-Dec-00,,,,0,,0,,0,,,RCI,0,,,3 NO-INCAPACITATING INJURY,33 Q/C VERIFIED AS OFF-SYSTEM,0 NO,04 DRIVEWAY ACCESS,01 DAYLIGHT,01 CLEAR,01 DRY,01 LEVEL,1 STRAIGHT,"TWO-WAY, NOT DIV, W/CONT LTURN","TWO-WAY, NOT DIV, W/CONT LTURN",NO CONTROLS,NO CONTROLS,,NONE,NOT CODED,NOT CODED,NONE,NOT CODED,NOT CODED,14 MOTOR VEHICLE IN TRANSPORT,03 ANGLE,03 TURNING LEFT,FAILED TO YIELD RIGHT-OF-WAY,NO CONTRIBUTING ACTION,00 NOT CODED,00 NOT CODED,00 NOT CODED,00 NOT CODED,01 NO,2,0,0,0,2,0,2,2,N,N,N,N,N,N,N,N,N,N,Y,N,N,N,N,N,N,N,N,N,N,Y,N,N,Y,N,26.15091339,-80.18308887,581651.523,2892653.275,C,U,ARBM15Q1R2,28-Feb-22,1541625,-8925940.923,3017784.844
2.01787E+12,2017,867501340,3.41701E+11,COUNTY SHERIFF'S OFFICE,04 FOURTH,BROWARD,13-Jan-17,2235,SATURDAY,8638 FT. LAUDERDALE,1038,Y,FEDERAL HWY S,BROWARD BLVD,0.013,S,0,0,26.1222407,-80.1372154,86010000,10.317,482,SR 5,US 1,R RIGHT,2 THRU LANE 2,N NORTH,20 URBAN 4-5LN 2WY DIVD RASD,02 U.S.,01 NON-JUNCTION,01 ON ROADWAY,01 NOT AT INTERSECTION,01 PAVED,35,19-Jun-17,14 URBAN PRIN ART OTHER,22,CURB&GUTTER,2,,0,,0,7,60000,RCI,3.6,,35,1 NO INJURY,31 Q/C COMPLETED - LOC VERIFIED,0 NO,03 INFLUENCED BY INTERSECTION,04 DARK-LIGHTED,01 CLEAR,01 DRY,01 LEVEL,1 STRAIGHT,"TWO-WAY, DIVIDED, POSITIVE MED","TWO-WAY, DIVIDED, POSITIVE MED",NO CONTROLS,NO CONTROLS,4,NONE,NONE,NONE,NONE,NONE,NONE,14 MOTOR VEHICLE IN TRANSPORT,01 FRONT TO REAR,01 STRAIGHT AHEAD,FOLLOWED TOO CLOSELY,NO CONTRIBUTING ACTION,00 NOT CODED,00 NOT CODED,00 NOT CODED,00 NOT CODED,01 NO,0,0,0,0,2,0,2,3,N,N,N,Y,N,N,N,N,N,N,N,N,N,N,N,N,N,N,N,N,N,N,N,N,N,N,26.12229032,-80.13720414,586259.0117,2889512.802,R,,ARBM15Q1R2,28-Feb-22,1541626,-8920833.055,3014235.615
2.01787E+12,2017,867502740,3.41701E+11,COUNTY SHERIFF'S OFFICE,04 FOURTH,BROWARD,18-Jan-17,659,THURSDAY,8638 FT. LAUDERDALE,1038,Y,DAVIE BLVD,RIVERLAND RD,0.545,E,0,0,26.1065842,-80.1688891,86210000,2.031,362,SR 736,,R RIGHT,2 THRU LANE 2,S SOUTH,23 SUBURBAN 4-5LN 2WY DIVD RASD,03 STATE,02 INTERSECTION,01 ON ROADWAY,02 FOUR-WAY INTERSECTION,03 CURB,37,11-Jan-12,16 URBAN MINOR ART,23,PAVED,6,,0,,0,51,38000,RCI,2.6,,40,1 NO INJURY,31 Q/C COMPLETED - LOC VERIFIED,0 NO,01 NOT AT INTERSECTION/RRX/BRIDGE,01 DAYLIGHT,01 CLEAR,01 DRY,01 LEVEL,1 STRAIGHT,"TWO-WAY, NOT DIVIDED","TWO-WAY, DIVIDED, POSITIVE MED",TRAFFIC CONTROL SIGNAL,TRAFFIC CONTROL SIGNAL,4,NONE,NOT CODED,NOT CODED,NONE,NOT CODED,NOT CODED,14 MOTOR VEHICLE IN TRANSPORT,03 ANGLE,01 STRAIGHT AHEAD,FAILED TO YIELD RIGHT-OF-WAY,NO CONTRIBUTING ACTION,00 NOT CODED,00 NOT CODED,00 NOT CODED,00 NOT CODED,01 NO,0,0,0,0,2,0,2,3,N,N,Y,N,N,N,N,N,N,N,N,N,N,N,N,N,N,N,N,N,N,N,N,N,N,N,26.10659078,-80.16889527,583101.6164,2887753.413,R,,ARBM15Q1R2,28-Feb-22,1541627,-8924360.898,3012289.26
2.01787E+12,2017,867502750,3.41701E+11,COUNTY SHERIFF'S OFFICE,04 FOURTH,BROWARD,18-Jan-17,850,THURSDAY,8638 FT. LAUDERDALE,1038,Y,NE 62ND ST,21ST WAY,0.045,E,0,0,26.204017,-80.115362,86530500,2.51,,,,R RIGHT,1 THRU LANE 1,E EAST,,05 LOCAL,01 NON-JUNCTION,01 ON ROADWAY,01 NOT AT INTERSECTION,01 PAVED,0,31-Dec-00,,,,0,,0,,0,,,RCI,0,,,1 NO INJURY,33 Q/C VERIFIED AS OFF-SYSTEM,0 NO,01 NOT AT INTERSECTION/RRX/BRIDGE,01 DAYLIGHT,01 CLEAR,01 DRY,01 LEVEL,1 STRAIGHT,"TWO-WAY, NOT DIVIDED","TWO-WAY, NOT DIVIDED",NO CONTROLS,NO CONTROLS,,NONE,NONE,NONE,NONE,NONE,NONE,14 MOTOR VEHICLE IN TRANSPORT,01 FRONT TO REAR,01 STRAIGHT AHEAD,FOLLOWED TOO CLOSELY,NO CONTRIBUTING ACTION,00 NOT CODED,00 NOT CODED,00 NOT CODED,00 NOT CODED,01 NO,0,0,0,0,2,0,2,2,N,N,N,N,N,N,N,N,N,N,N,N,N,N,N,N,N,N,N,N,N,N,N,N,N,N,26.2040152,-80.11535733,588381.6509,2898578.851,C,U,ARBM15Q1R2,28-Feb-22,1541628,-8918401.08,3024371.715
2.01787E+12,2017,867502770,3.41701E+11,COUNTY SHERIFF'S OFFICE,04 FOURTH,BROWARD,17-Jan-17,1213,WEDNESDAY,8638 FT. LAUDERDALE,1038,Y,NW 19TH ST,NW 31ST AVE,0.019,W,0,0,26.150766,-80.187091,86570500,0.974,,,,R RIGHT,2 THRU LANE 2,E EAST,,05 LOCAL,01 NON-JUNCTION,01 ON ROADWAY,01 NOT AT INTERSECTION,02 UNPAVED,0,31-Dec-00,,,,0,,0,,0,,,RCI,0,,,1 NO INJURY,33 Q/C VERIFIED AS OFF-SYSTEM,0 NO,01 NOT AT INTERSECTION/RRX/BRIDGE,01 DAYLIGHT,01 CLEAR,01 DRY,01 LEVEL,1 STRAIGHT,"TWO-WAY, NOT DIVIDED","TWO-WAY, NOT DIVIDED",NO CONTROLS,NO CONTROLS,,NONE,NOT CODED,NOT CODED,NONE,NOT CODED,NOT CODED,14 MOTOR VEHICLE IN TRANSPORT,03 ANGLE,10 MAKING U-TURN,NOT CODED,NO CONTRIBUTING ACTION,00 NOT CODED,00 NOT CODED,00 NOT CODED,00 NOT CODED,01 NO,0,0,0,0,1,0,2,1,N,N,N,N,N,N,N,N,N,N,N,N,N,N,N,N,N,N,N,N,N,N,N,N,N,N,26.15076522,-80.187091,581251.5905,2892634.357,C,U,ARBM15Q1R2,28-Feb-22,1541630,-8926386.438,3017766.468
2.01787E+12,2017,867500090,3.41701E+11,COUNTY SHERIFF'S OFFICE,04 FOURTH,BROWARD,9-Jan-17,1744,TUESDAY,8638 FT. LAUDERDALE,1038,Y,W MCNAB RD,SW 31ST AVE,0.142,E,0,0,26.210297,-80.164043,86000180,1.509,,,,R RIGHT,1 THRU LANE 1,E EAST,,05 LOCAL,01 NON-JUNCTION,01 ON ROADWAY,01 NOT AT INTERSECTION,02 UNPAVED,0,31-Dec-00,,,,0,,0,,0,,,RCI,0,,,1 NO INJURY,33 Q/C VERIFIED AS OFF-SYSTEM,0 NO,01 NOT AT INTERSECTION/RRX/BRIDGE,02 DUSK,01 CLEAR,01 DRY,01 LEVEL,1 STRAIGHT,"TWO-WAY, DIVIDED, POSITIVE MED","TWO-WAY, DIVIDED, POSITIVE MED",NO CONTROLS,NO CONTROLS,,NONE,NOT CODED,NOT CODED,NONE,NOT CODED,NOT CODED,14 MOTOR VEHICLE IN TRANSPORT,01 FRONT TO REAR,01 STRAIGHT AHEAD,OTHER CONTRIBUTING ACTION,NO CONTRIBUTING ACTION,00 NOT CODED,00 NOT CODED,00 NOT CODED,00 NOT CODED,01 NO,0,0,0,0,2,0,2,2,N,N,N,N,N,N,N,N,N,N,N,N,N,N,N,N,N,N,N,N,N,Y,Y,N,N,N,26.21029661,-80.16404297,583512.9328,2899242.29,R,U,ARBM15Q1R2,28-Feb-22,1541631,-8923820.742,3025151.074