Crash Id,Calendar Year,FDOT Crash Number,Reporting Agency Case Number,Reporting Agency Type,FDOT Managing District,County Name,Crash Date,Crash Time,Day,DHSMV City,Crash Report City Code,In Town,On Roadway Name,Int Roadway Name,Reference Distance (Miles),Reference Direction,Officer Latitude,Officer Longitude,FDOT Latitude,FDOT Longitude,FDOT Roadway,Nearest Inventory MP,Nearest Node From Crash,State Road #,US Highway,Crash Side of Road,Accident Lane Number,Travel Direction Vehicle 1,FDOT Road Category,DHSMV Road System Id,Relation to Junction,Crash Harmful Event Location,Intersection Type,Shoulder Type,FDOT Roadway SKID Test Result,FDOT Roadway SKID Test Date,Functional Class,RCI Surface Width,RCI Shoulder Type First,RCI Shoulder Width First,RCI Shoulder Type Second,RCI Shoulder Width Second,RCI Shoulder Type Third,RCI Shoulder Width Third,RCI Median Width,Avg Daily Traffic,AADT Source,RCI Avg Per Truck Traffic,RCI Horiz Curve Condition,Posted Speed Limit,Highest Injury in Crash,CAR Status Code,Alcohols/Drug Involved,Site Location,Lighting,Weather,Road Surface,Roadway Grade,Roadway Alignment,Traffic Way Vehicle 1,Traffic Way Vehicle 2,Traffic Control Vehicle 1,Traffic Control Vehicle 2,Count of Lanes,Road Condition 1,Road Condition 2,Road Condition 3,Environment Condition 1,Environment Condition 2,Environment Condition 3,Crash Harmful Event,Manner of Collision,Vehicle Movement,Driver Action Vehicle 1,Driver Action Vehicle 2,Location Within Workzone,Type of Workzone,Workers Present in Workzone,Law Enforcement Present in Workzone,School Bus Related,Count of Nonfatal Injuries,Count of Traffic Fatalities,Count of Serious Injuries,Count of Pedestrians,Count of Drivers,Count of Bicyclists,Count of Vehicles,Count of Persons,Wrong Way,Workzone Inv,Commercial Vehicle Inv,Intersection Inv,Lane Departure,Speeding,Agressive Driving,Impaired Driver,Impaired Pedestrian,Impaired Bicyclist,Distracted Driver,Speeding or Aggressive Driving,Pedestrian Related,Bicyclist Related,Pedestrian or Bicyclist Related,Motorcycle Inv,No Belt,No Belt - Ages 1-4,No Belt - Ages 5-12,No Belt - Ages 13-17,Driver - Ages Teen,Driver - Ages 65 plus,Driver - Ages 65-69,Driver - Ages 70-74,Driver - Ages 75-79,Driver - Ages 80 plus,ARBM Latitude,ARBM Longitude,UTM Zone 17N X,UTM Zone 17N Y,ARBM Side of Road,Urban Rural Indicator,GIS Street Source,Extract Date,OBJECTID,x,y
2.01787E+12,2017,867507670,3.41702E+11,COUNTY SHERIFF'S OFFICE,04 FOURTH,BROWARD,2-Feb-17,1704,FRIDAY,8638 FT. LAUDERDALE,1038,Y,8TH ST NE,FEDERAL HWY,0.005,E,0,0,26.133468,-80.1375637,86020000,0.761,1355,SR 5,US 1,S SIDE RD RIGHT,M MIDDLE,N NORTH,30 URBAN 6+LN 2WY DIVD RASD,02 U.S.,01 NON-JUNCTION,01 ON ROADWAY,02 FOUR-WAY INTERSECTION,03 CURB,37,1-Aug-16,14 URBAN PRIN ART OTHER,30,CURB&GUTTER,2,,0,,0,18,38000,RCI,2.8,,35,4 INCAPACITATING INJURY,31 Q/C COMPLETED - LOC VERIFIED,0 NO,02 AT INTERSECTION,01 DAYLIGHT,02 CLOUDY,01 DRY,01 LEVEL,1 STRAIGHT,"TWO-WAY, DIVIDED, POSITIVE MED",,TRAFFIC CONTROL SIGNAL,NOT CODED,6,NONE,NOT CODED,NOT CODED,NONE,NOT CODED,NOT CODED,35 TRAFFIC SIGNAL SUPPORT,77 OTHER (SEE NARRATIVE),77 OTHER (SEE NARRATIVE),OTHER CONTRIBUTING ACTION,NOT CODED,00 NOT CODED,00 NOT CODED,00 NOT CODED,00 NOT CODED,01 NO,1,0,1,0,1,0,1,1,N,N,N,Y,N,N,N,N,N,N,N,N,N,N,N,N,N,N,N,N,N,N,N,N,N,N,26.13339891,-80.13755733,586215.5433,2890742.882,R,,ARBM15Q1R2,28-Feb-22,1545008,-8920872.373,3015612.965
2.01787E+12,2017,867507690,3.41702E+11,COUNTY SHERIFF'S OFFICE,04 FOURTH,BROWARD,2-Feb-17,1716,FRIDAY,8638 FT. LAUDERDALE,1038,Y,1ST AVE SW,BROWARD BLVD,0.019,S,0,0,26.1221799,-80.1446659,86006000,6.705,477,SR 842,,S SIDE RD RIGHT,1 THRU LANE 1,S SOUTH,30 URBAN 6+LN 2WY DIVD RASD,04 COUNTY,01 NON-JUNCTION,01 ON ROADWAY,01 NOT AT INTERSECTION,03 CURB,40,19-Jun-17,14 URBAN PRIN ART OTHER,33,PAVED,3,CURB&GUTTER,2,,0,16,33000,RCI,2.9,,35,1 NO INJURY,31 Q/C COMPLETED - LOC VERIFIED,0 NO,03 INFLUENCED BY INTERSECTION,01 DAYLIGHT,01 CLEAR,01 DRY,01 LEVEL,1 STRAIGHT,"TWO-WAY, NOT DIVIDED","TWO-WAY, NOT DIVIDED",NO CONTROLS,NO CONTROLS,6,NONE,NOT CODED,NOT CODED,NONE,NOT CODED,NOT CODED,14 MOTOR VEHICLE IN TRANSPORT,"05 SIDESWIPE, OPPOSITE DIRECTION",10 MAKING U-TURN,IMPROPER TURN,NO CONTRIBUTING ACTION,00 NOT CODED,00 NOT CODED,00 NOT CODED,00 NOT CODED,01 NO,0,0,0,0,2,0,2,2,N,N,N,Y,N,N,N,N,N,N,N,N,N,N,N,N,N,N,N,N,N,Y,Y,N,N,N,26.12216455,-80.14461953,585517.7067,2889493.977,R,,ARBM15Q1R2,28-Feb-22,1545009,-8921658.533,3014220.022
2.01787E+12,2017,867500560,3.41701E+11,COUNTY SHERIFF'S OFFICE,04 FOURTH,BROWARD,11-Jan-17,1220,THURSDAY,8638 FT. LAUDERDALE,1038,Y,NE 62ND ST,CORAL RIDGE ISLES DR,0.019,E,0,0,26.203671,-80.126369,86530500,1.824,,,,R RIGHT,2 THRU LANE 2,W WEST,,05 LOCAL,01 NON-JUNCTION,01 ON ROADWAY,01 NOT AT INTERSECTION,03 CURB,0,31-Dec-00,,,,0,,0,,0,,,RCI,0,,,2 POSSIBLE INJURY,33 Q/C VERIFIED AS OFF-SYSTEM,0 NO,01 NOT AT INTERSECTION/RRX/BRIDGE,01 DAYLIGHT,01 CLEAR,01 DRY,01 LEVEL,1 STRAIGHT,"TWO-WAY, DIVIDED, POSITIVE MED","TWO-WAY, DIVIDED, POSITIVE MED",TRAFFIC CONTROL SIGNAL,TRAFFIC CONTROL SIGNAL,,NONE,NOT CODED,NOT CODED,NONE,NOT CODED,NOT CODED,14 MOTOR VEHICLE IN TRANSPORT,01 FRONT TO REAR,06 CHANGING LANES,OTHER CONTRIBUTING ACTION,NO CONTRIBUTING ACTION,00 NOT CODED,00 NOT CODED,00 NOT CODED,00 NOT CODED,01 NO,2,0,0,0,4,0,4,4,N,N,N,N,N,N,N,N,N,N,N,N,N,N,N,N,N,N,N,N,N,N,N,N,N,N,26.2036689,-80.12636896,587281.7222,2898533.042,C,U,ARBM15Q1R2,28-Feb-22,1545010,-8919626.889,3024328.75
2.01787E+12,2017,867500570,3.41701E+11,COUNTY SHERIFF'S OFFICE,04 FOURTH,BROWARD,11-Jan-17,1245,THURSDAY,8638 FT. LAUDERDALE,1038,Y,BROWARD BLVD W,9TH AVE SW,0.009,W,0,0,26.122045,-80.1537139,86006000,6.142,468,SR 842,,R RIGHT,3 THRU LANE 3,E EAST,30 URBAN 6+LN 2WY DIVD RASD,05 LOCAL,01 NON-JUNCTION,01 ON ROADWAY,01 NOT AT INTERSECTION,03 CURB,40,19-Jun-17,14 URBAN PRIN ART OTHER,33,PAVED,3,CURB&GUTTER,2,,0,16,76000,RCI,4,,35,1 NO INJURY,31 Q/C COMPLETED - LOC VERIFIED,0 NO,02 AT INTERSECTION,01 DAYLIGHT,01 CLEAR,01 DRY,01 LEVEL,1 STRAIGHT,"TWO-WAY, DIVIDED, POSITIVE MED","TWO-WAY, DIVIDED, POSITIVE MED",NO CONTROLS,NO CONTROLS,6,NONE,NOT CODED,NOT CODED,NONE,NOT CODED,NOT CODED,14 MOTOR VEHICLE IN TRANSPORT,"04 SIDESWIPE, SAME DIRECTION",06 CHANGING LANES,IMPROPER PASSING,NO CONTRIBUTING ACTION,00 NOT CODED,00 NOT CODED,00 NOT CODED,00 NOT CODED,01 NO,0,0,0,0,2,0,2,3,N,N,N,Y,N,N,N,N,N,N,N,N,N,N,N,N,N,N,N,N,N,N,N,N,N,N,26.12202907,-80.15367822,584612.1101,2889473.051,R,,ARBM15Q1R2,28-Feb-22,1545011,-8922666.942,3014203.225
2.01787E+12,2017,867509020,3.41702E+11,COUNTY SHERIFF'S OFFICE,04 FOURTH,BROWARD,7-Feb-17,1716,WEDNESDAY,8638 FT. LAUDERDALE,1038,Y,17TH ST SE,MIAMI RD,0.002,E,0,0,26.1002633,-80.1342178,86180000,0.159,691,SR A1A,,L LEFT,1 THRU LANE 1,W WEST,30 URBAN 6+LN 2WY DIVD RASD,03 STATE,01 NON-JUNCTION,01 ON ROADWAY,01 NOT AT INTERSECTION,03 CURB,31,6-Jul-15,16 URBAN MINOR ART,34,CURB&GUTTER,2,,0,,0,16,42500,RCI,3.7,,35,1 NO INJURY,31 Q/C COMPLETED - LOC VERIFIED,0 NO,03 INFLUENCED BY INTERSECTION,01 DAYLIGHT,01 CLEAR,01 DRY,01 LEVEL,1 STRAIGHT,"TWO-WAY, DIVIDED, POSITIVE MED","TWO-WAY, DIVIDED, POSITIVE MED",NO CONTROLS,NO CONTROLS,6,NONE,NOT CODED,NOT CODED,NONE,NOT CODED,NOT CODED,14 MOTOR VEHICLE IN TRANSPORT,01 FRONT TO REAR,01 STRAIGHT AHEAD,NOT CODED,NO CONTRIBUTING ACTION,00 NOT CODED,00 NOT CODED,00 NOT CODED,00 NOT CODED,01 NO,0,0,0,0,1,0,2,1,N,N,N,Y,N,N,N,N,N,N,N,N,N,N,N,N,N,N,N,N,N,N,N,N,N,N,26.10038436,-80.13429407,586566.0969,2887088.58,L,,ARBM15Q1R2,28-Feb-22,1545019,-8920509.109,3011519.89
2.01787E+12,2017,867510320,3.41702E+11,COUNTY SHERIFF'S OFFICE,04 FOURTH,BROWARD,11-Feb-17,2230,SUNDAY,8638 FT. LAUDERDALE,1038,Y,3RD AVE NE,BROWARD BLVD E,0.009,N,0,0,26.1222671,-80.1406489,86006000,6.955,481,SR 842,,S SIDE RD RIGHT,2 THRU LANE 2,S SOUTH,30 URBAN 6+LN 2WY DIVD RASD,04 COUNTY,02 INTERSECTION,01 ON ROADWAY,02 FOUR-WAY INTERSECTION,03 CURB,40,19-Jun-17,14 URBAN PRIN ART OTHER,33,PAVED,3,CURB&GUTTER,2,,0,16,33000,RCI,2.9,,35,1 NO INJURY,31 Q/C COMPLETED - LOC VERIFIED,0 NO,03 INFLUENCED BY INTERSECTION,04 DARK-LIGHTED,01 CLEAR,01 DRY,01 LEVEL,1 STRAIGHT,"TWO-WAY, NOT DIV, W/CONT LTURN","TWO-WAY, NOT DIV, W/CONT LTURN",TRAFFIC CONTROL SIGNAL,TRAFFIC CONTROL SIGNAL,6,NONE,NOT CODED,NOT CODED,NONE,NOT CODED,NOT CODED,14 MOTOR VEHICLE IN TRANSPORT,01 FRONT TO REAR,01 STRAIGHT AHEAD,OTHER CONTRIBUTING ACTION,NO CONTRIBUTING ACTION,00 NOT CODED,00 NOT CODED,00 NOT CODED,00 NOT CODED,01 NO,0,0,0,0,2,0,2,3,N,N,N,Y,N,N,N,N,N,N,Y,N,N,N,N,N,N,N,N,N,N,N,N,N,N,N,26.12227522,-80.14059716,585919.7858,2889508.885,R,,ARBM15Q1R2,28-Feb-22,1545020,-8921210.765,3014233.744
2.01787E+12,2017,867511660,3.41702E+11,COUNTY SHERIFF'S OFFICE,04 FOURTH,BROWARD,15-Feb-17,1210,THURSDAY,8638 FT. LAUDERDALE,1038,Y,EISENHOWER BLVD,SE 18TH ST,0,S,0,0,26.09938,-80.124442,86000135,1.366,,,,I INTERSECTION,M MIDDLE,E EAST,,05 LOCAL,01 NON-JUNCTION,01 ON ROADWAY,03 T-INTERSECTION,03 CURB,0,31-Dec-00,,,,0,,0,,0,,,RCI,0,,,1 NO INJURY,33 Q/C VERIFIED AS OFF-SYSTEM,0 NO,01 NOT AT INTERSECTION/RRX/BRIDGE,01 DAYLIGHT,01 CLEAR,01 DRY,01 LEVEL,1 STRAIGHT,"TWO-WAY, NOT DIV, W/CONT LTURN","TWO-WAY, NOT DIV, W/CONT LTURN",STOP SIGN,NO CONTROLS,,NONE,NOT CODED,NOT CODED,NONE,NOT CODED,NOT CODED,14 MOTOR VEHICLE IN TRANSPORT,03 ANGLE,01 STRAIGHT AHEAD,RAN STOP SIGN,NO CONTRIBUTING ACTION,00 NOT CODED,00 NOT CODED,00 NOT CODED,00 NOT CODED,01 NO,0,0,0,0,2,0,2,2,N,N,N,N,N,N,N,N,N,N,N,N,N,N,N,N,N,N,N,N,N,Y,N,N,Y,N,26.09938008,-80.12444022,587552.2264,2886983.94,C,U,ARBM15Q1R2,28-Feb-22,1545021,-8919412.182,3011395.398
2.01787E+12,2017,867511680,3.41702E+11,COUNTY SHERIFF'S OFFICE,04 FOURTH,BROWARD,15-Feb-17,1205,THURSDAY,8638 FT. LAUDERDALE,1038,Y,W SISTRUNK BLVD,NW 14TH AVE,0.007,E,0,0,26.129334,-80.159298,86000152,0.949,,,,L LEFT,1 THRU LANE 1,W WEST,,05 LOCAL,01 NON-JUNCTION,01 ON ROADWAY,01 NOT AT INTERSECTION,03 CURB,0,31-Dec-00,,,,0,,0,,0,,,RCI,0,,,2 POSSIBLE INJURY,33 Q/C VERIFIED AS OFF-SYSTEM,0 NO,01 NOT AT INTERSECTION/RRX/BRIDGE,01 DAYLIGHT,01 CLEAR,01 DRY,01 LEVEL,1 STRAIGHT,"TWO-WAY, NOT DIVIDED","TWO-WAY, NOT DIVIDED",NO CONTROLS,NO CONTROLS,,NONE,NOT CODED,NOT CODED,NONE,NOT CODED,NOT CODED,14 MOTOR VEHICLE IN TRANSPORT,01 FRONT TO REAR,01 STRAIGHT AHEAD,NO CONTRIBUTING ACTION,NO CONTRIBUTING ACTION,00 NOT CODED,00 NOT CODED,00 NOT CODED,00 NOT CODED,01 NO,1,0,0,0,2,0,2,2,N,N,N,N,N,N,N,N,N,N,Y,N,N,N,N,N,N,N,N,N,N,N,N,N,N,N,26.12933522,-80.159298,584045.0113,2890278.587,C,U,ARBM15Q1R2,28-Feb-22,1545022,-8923292.534,3015109.095
2.01787E+12,2017,867509060,3.41702E+11,COUNTY SHERIFF'S OFFICE,04 FOURTH,BROWARD,7-Feb-17,2210,WEDNESDAY,8638 FT. LAUDERDALE,1038,Y,FEDERAL HWY,17TH ST SE,0.005,S,0,0,26.1002104,-80.1367091,86010000,8.798,690,SR 5,US 1,R RIGHT,1 THRU LANE 1,N NORTH,30 URBAN 6+LN 2WY DIVD RASD,02 U.S.,01 NON-JUNCTION,01 ON ROADWAY,01 NOT AT INTERSECTION,01 PAVED,38,19-Jun-17,14 URBAN PRIN ART OTHER,32,CURB&GUTTER,2,,0,,0,19,54000,RCI,4.4,,40,1 NO INJURY,31 Q/C COMPLETED - LOC VERIFIED,0 NO,03 INFLUENCED BY INTERSECTION,04 DARK-LIGHTED,01 CLEAR,01 DRY,01 LEVEL,1 STRAIGHT,"TWO-WAY, DIVIDED, POSITIVE MED","TWO-WAY, DIVIDED, POSITIVE MED",NO CONTROLS,NO CONTROLS,6,WORK ZONE (CONST/MNT/UTLTY)NTE,NOT CODED,NOT CODED,NONE,NOT CODED,NOT CODED,14 MOTOR VEHICLE IN TRANSPORT,01 FRONT TO REAR,01 STRAIGHT AHEAD,NOT CODED,NO CONTRIBUTING ACTION,00 NOT CODED,00 NOT CODED,00 NOT CODED,00 NOT CODED,01 NO,0,0,0,0,1,0,2,2,N,Y,N,Y,N,N,N,N,N,N,N,N,N,N,N,N,N,N,N,N,N,N,N,N,N,N,26.10021678,-80.13670733,586324.8959,2887068.417,R,,ARBM15Q1R2,28-Feb-22,1545023,-8920777.751,3011499.115
2.01787E+12,2017,867509100,3.41702E+11,COUNTY SHERIFF'S OFFICE,04 FOURTH,BROWARD,8-Feb-17,955,THURSDAY,8638 FT. LAUDERDALE,1038,Y,20TH AVE NE R,SUNRISE BLVD,0.006,S,0,0,26.1375797,-80.1194193,86005000,0.174,315,SR 838,,S SIDE RD RIGHT,P PARKING,S SOUTH,30 URBAN 6+LN 2WY DIVD RASD,02 U.S.,01 NON-JUNCTION,01 ON ROADWAY,01 NOT AT INTERSECTION,03 CURB,33,15-Jun-15,16 URBAN MINOR ART,33,CURB&GUTTER,2,CURB&GUTTER,2,,0,15,35500,RCI,3.5,7D5937,35,1 NO INJURY,31 Q/C COMPLETED - LOC VERIFIED,0 NO,01 NOT AT INTERSECTION/RRX/BRIDGE,01 DAYLIGHT,01 CLEAR,01 DRY,01 LEVEL,1 STRAIGHT,"TWO-WAY, NOT DIVIDED","TWO-WAY, NOT DIVIDED",NO CONTROLS,NO CONTROLS,6,NONE,NOT CODED,NOT CODED,NONE,NOT CODED,NOT CODED,14 MOTOR VEHICLE IN TRANSPORT,"04 SIDESWIPE, SAME DIRECTION",01 STRAIGHT AHEAD,OTHER CONTRIBUTING ACTION,NO CONTRIBUTING ACTION,00 NOT CODED,00 NOT CODED,00 NOT CODED,00 NOT CODED,01 NO,0,0,0,0,2,0,2,2,N,N,Y,N,Y,N,N,N,N,N,N,N,N,N,N,N,N,N,N,N,N,N,N,N,N,N,26.13747796,-80.11962668,588005.0388,2891206.662,R,,ARBM15Q1R2,28-Feb-22,1545024,-8918876.342,3016118.758
2.01787E+12,2017,867510360,3.41702E+11,COUNTY SHERIFF'S OFFICE,04 FOURTH,BROWARD,12-Feb-17,300,MONDAY,8638 FT. LAUDERDALE,1038,Y,SE 13TH ST,SE 15TH AVE,0.117,E,0,0,26.105685,-80.125927,86A17611,0.223,,,,R RIGHT,S SIDE OF ROAD,E EAST,,05 LOCAL,01 NON-JUNCTION,02 OFF ROADWAY,01 NOT AT INTERSECTION,02 UNPAVED,0,31-Dec-00,,,,0,,0,,0,,,RCI,0,,,0 UNKNOWN/NOT CODED,33 Q/C VERIFIED AS OFF-SYSTEM,0 NO,01 NOT AT INTERSECTION/RRX/BRIDGE,88 UNKNOWN,01 CLEAR,01 DRY,01 LEVEL,1 STRAIGHT,"TWO-WAY, NOT DIVIDED","TWO-WAY, NOT DIVIDED",NO CONTROLS,NO CONTROLS,,NONE,NOT CODED,NOT CODED,NONE,NOT CODED,NOT CODED,18 OTHER NON-FIXED OBJECT,03 ANGLE,01 STRAIGHT AHEAD,NOT CODED,NOT CODED,00 NOT CODED,00 NOT CODED,00 NOT CODED,00 NOT CODED,01 NO,0,0,0,0,0,0,2,0,N,N,N,N,Y,N,N,N,N,N,N,N,N,N,N,N,N,N,N,N,N,N,N,N,N,N,26.10568182,-80.12592692,587398.87,2887680.879,C,U,ARBM15Q1R2,28-Feb-22,1545025,-8919577.682,3012176.579
2.01787E+12,2017,867510640,3.41702E+11,COUNTY SHERIFF'S OFFICE,04 FOURTH,BROWARD,12-Feb-17,1105,MONDAY,8638 FT. LAUDERDALE,1038,Y,NE 25TH AVE,NE 40TH ST,0.076,N,0,0,26.178284,-80.110409,86A14024,0.246,,,,L LEFT,1 THRU LANE 1,S SOUTH,,05 LOCAL,01 NON-JUNCTION,01 ON ROADWAY,01 NOT AT INTERSECTION,03 CURB,0,31-Dec-00,,,,0,,0,,0,,,RCI,0,,,0 UNKNOWN/NOT CODED,33 Q/C VERIFIED AS OFF-SYSTEM,0 NO,01 NOT AT INTERSECTION/RRX/BRIDGE,01 DAYLIGHT,01 CLEAR,01 DRY,01 LEVEL,1 STRAIGHT,"TWO-WAY, NOT DIVIDED","TWO-WAY, NOT DIVIDED",NO CONTROLS,NO CONTROLS,,NONE,NOT CODED,NOT CODED,NONE,NOT CODED,NOT CODED,15 PARKED MOTOR VEHICLE,"04 SIDESWIPE, SAME DIRECTION",01 STRAIGHT AHEAD,NOT CODED,NOT CODED,00 NOT CODED,00 NOT CODED,00 NOT CODED,00 NOT CODED,01 NO,0,0,0,0,0,0,2,0,N,N,N,N,Y,N,N,N,N,N,N,N,N,N,N,N,N,N,N,N,N,N,N,N,N,N,26.17828521,-80.11040733,588895.7429,2895732.512,C,U,ARBM15Q1R2,28-Feb-22,1545532,-8917850.048,3021179.733
2.01787E+12,2017,867510690,3.41702E+11,COUNTY SHERIFF'S OFFICE,04 FOURTH,BROWARD,12-Feb-17,2017,MONDAY,8638 FT. LAUDERDALE,1038,Y,OCEAN BLVD N,41ST ST NE,0,,0,0,26.1791248,-80.098377,86050000,6.195,791,SR A1A,,L LEFT,1 THRU LANE 1,N NORTH,20 URBAN 4-5LN 2WY DIVD RASD,03 STATE,01 NON-JUNCTION,01 ON ROADWAY,03 T-INTERSECTION,01 PAVED,36,15-Jun-15,16 URBAN MINOR ART,24,PAVED,11,CURB&GUTTER,2,,0,16,24500,RCI,3.2,,35,1 NO INJURY,31 Q/C COMPLETED - LOC VERIFIED,0 NO,02 AT INTERSECTION,04 DARK-LIGHTED,01 CLEAR,01 DRY,01 LEVEL,1 STRAIGHT,"TWO-WAY, NOT DIVIDED","TWO-WAY, NOT DIVIDED",NO CONTROLS,NO CONTROLS,4,NONE,NOT CODED,NOT CODED,NONE,NOT CODED,NOT CODED,14 MOTOR VEHICLE IN TRANSPORT,77 OTHER (SEE NARRATIVE),03 TURNING LEFT,NO CONTRIBUTING ACTION,NO CONTRIBUTING ACTION,00 NOT CODED,00 NOT CODED,00 NOT CODED,00 NOT CODED,01 NO,0,0,0,0,2,0,2,2,N,N,N,Y,N,N,N,N,N,N,N,N,N,N,N,N,N,N,N,N,N,Y,Y,N,N,N,26.17919118,-80.09849441,590085.5481,2895841.062,L,,ARBM15Q1R2,28-Feb-22,1545533,-8916523.907,3021292.113
2.01787E+12,2017,867510700,3.41702E+11,COUNTY SHERIFF'S OFFICE,04 FOURTH,BROWARD,12-Feb-17,1856,MONDAY,8638 FT. LAUDERDALE,1038,Y,N ANDREWS AVE,NW 11TH ST,0,E,0,0,26.138592,-80.144292,86033501,0.613,,,,I INTERSECTION,M MIDDLE,W WEST,,05 LOCAL,02 INTERSECTION,01 ON ROADWAY,02 FOUR-WAY INTERSECTION,03 CURB,0,31-Dec-00,,,,0,,0,,0,,,RCI,0,,,4 INCAPACITATING INJURY,33 Q/C VERIFIED AS OFF-SYSTEM,0 NO,02 AT INTERSECTION,04 DARK-LIGHTED,01 CLEAR,01 DRY,01 LEVEL,1 STRAIGHT,"TWO-WAY, NOT DIVIDED","TWO-WAY, NOT DIV, W/CONT LTURN",STOP SIGN,NO CONTROLS,,NONE,NOT CODED,NOT CODED,NONE,NOT CODED,NOT CODED,14 MOTOR VEHICLE IN TRANSPORT,03 ANGLE,01 STRAIGHT AHEAD,RAN STOP SIGN,NO CONTRIBUTING ACTION,00 NOT CODED,00 NOT CODED,00 NOT CODED,00 NOT CODED,01 NO,1,0,1,0,2,0,2,2,N,N,N,Y,N,N,N,N,N,N,N,N,N,N,N,N,N,N,N,N,N,N,N,N,N,N,26.13859214,-80.14428721,585538.9638,2891313.606,C,U,ARBM15Q1R2,28-Feb-22,1545534,-8921621.54,3016256.917
2.01787E+12,2017,867510720,3.41702E+11,COUNTY SHERIFF'S OFFICE,04 FOURTH,BROWARD,13-Feb-17,820,TUESDAY,8638 FT. LAUDERDALE,1038,Y,COMMERCIAL BLVD W,PROSPECT RD,0.011,W,0,0,26.1879989,-80.1753728,86014000,4.996,7215,SR 870,,L LEFT,1 THRU LANE 1,W WEST,30 URBAN 6+LN 2WY DIVD RASD,03 STATE,01 NON-JUNCTION,01 ON ROADWAY,01 NOT AT INTERSECTION,03 CURB,40,18-Jun-17,14 URBAN PRIN ART OTHER,36,PAVED,4,CURB&GUTTER,2,,0,28,54000,RCI,5.1,,45,2 POSSIBLE INJURY,31 Q/C COMPLETED - LOC VERIFIED,0 NO,01 NOT AT INTERSECTION/RRX/BRIDGE,01 DAYLIGHT,01 CLEAR,01 DRY,01 LEVEL,1 STRAIGHT,"TWO-WAY, DIVIDED, POSITIVE MED","TWO-WAY, DIVIDED, POSITIVE MED",NO CONTROLS,NO CONTROLS,6,NONE,NOT CODED,NOT CODED,NONE,NOT CODED,NOT CODED,14 MOTOR VEHICLE IN TRANSPORT,"04 SIDESWIPE, SAME DIRECTION",06 CHANGING LANES,IMPROPER TURN,NO CONTRIBUTING ACTION,00 NOT CODED,00 NOT CODED,00 NOT CODED,00 NOT CODED,01 NO,1,0,0,0,2,0,2,2,N,N,Y,N,Y,N,N,N,N,N,N,N,N,N,N,N,N,N,N,N,N,N,N,N,N,N,26.18816014,-80.17540973,582392.9124,2896783.323,L,,ARBM15Q1R2,28-Feb-22,1545535,-8925086.084,3022404.702
2.01787E+12,2017,867512000,3.41702E+11,COUNTY SHERIFF'S OFFICE,04 FOURTH,BROWARD,16-Feb-17,1355,FRIDAY,8638 FT. LAUDERDALE,1038,Y,SW 38TH AVE,SW 16TH ST,0.133,N,0,0,26.102428,-80.198828,86A17927,0.132,,,,R RIGHT,1 THRU LANE 1,E EAST,,05 LOCAL,01 NON-JUNCTION,01 ON ROADWAY,01 NOT AT INTERSECTION,01 PAVED,0,31-Dec-00,,,,0,,0,,0,,,RCI,0,,,1 NO INJURY,33 Q/C VERIFIED AS OFF-SYSTEM,0 NO,01 NOT AT INTERSECTION/RRX/BRIDGE,01 DAYLIGHT,01 CLEAR,01 DRY,01 LEVEL,1 STRAIGHT,"TWO-WAY, NOT DIVIDED","TWO-WAY, NOT DIVIDED",NO CONTROLS,NO CONTROLS,,NONE,NOT CODED,NOT CODED,NONE,NOT CODED,NOT CODED,14 MOTOR VEHICLE IN TRANSPORT,06 REAR TO SIDE,04 BACKING,IMPROPER BACKING,NO CONTRIBUTING ACTION,00 NOT CODED,00 NOT CODED,00 NOT CODED,00 NOT CODED,"02 YES, SCHOOL BUS DIRECTLY INVOL",0,0,0,0,2,0,2,2,N,N,Y,N,N,N,N,N,N,N,N,N,N,N,N,N,N,N,N,N,N,N,N,N,N,N,26.10242789,-80.19883161,580111.0155,2887273.601,C,U,ARBM15Q1R2,28-Feb-22,1545536,-8927693.397,3011773.208
2.01787E+12,2017,867508080,3.41702E+11,COUNTY SHERIFF'S OFFICE,04 FOURTH,BROWARD,4-Feb-17,1424,SUNDAY,8638 FT. LAUDERDALE,1038,Y,SEABREEZE BLVD,5TH ST SE,0.057,S,0,0,26.1158823,-80.1055789,86050100,0.734,4690,SR A1A,,R RIGHT,2 THRU LANE 2,N NORTH,40 URBAN ONE WAY,03 STATE,01 NON-JUNCTION,01 ON ROADWAY,01 NOT AT INTERSECTION,01 PAVED,44,9-Jul-17,16 URBAN MINOR ART,21,CURB&GUTTER,2,CURB&GUTTER,2,,0,,13500,RCI,2.9,4D2400,30,0 UNKNOWN/NOT CODED,31 Q/C COMPLETED - LOC VERIFIED,0 NO,01 NOT AT INTERSECTION/RRX/BRIDGE,01 DAYLIGHT,01 CLEAR,01 DRY,01 LEVEL,1 STRAIGHT,ONE-WAY TRAFFICWAY,ONE-WAY TRAFFICWAY,NO CONTROLS,NO CONTROLS,2,NONE,NOT CODED,NOT CODED,NONE,NOT CODED,NOT CODED,14 MOTOR VEHICLE IN TRANSPORT,01 FRONT TO REAR,01 STRAIGHT AHEAD,NOT CODED,NOT CODED,00 NOT CODED,00 NOT CODED,00 NOT CODED,00 NOT CODED,01 NO,0,0,0,0,0,0,2,0,N,N,N,N,N,N,N,N,N,N,N,N,N,N,N,Y,N,N,N,N,N,N,N,N,N,N,26.11577991,-80.10553399,589430.3827,2888813.13,O,,ARBM15Q1R2,28-Feb-22,1545537,-8917307.55,3013428.454