Crash Id,Calendar Year,FDOT Crash Number,Reporting Agency Case Number,Reporting Agency Type,FDOT Managing District,County Name,Crash Date,Crash Time,Day,DHSMV City,Crash Report City Code,In Town,On Roadway Name,Int Roadway Name,Reference Distance (Miles),Reference Direction,Officer Latitude,Officer Longitude,FDOT Latitude,FDOT Longitude,FDOT Roadway,Nearest Inventory MP,Nearest Node From Crash,State Road #,US Highway,Crash Side of Road,Accident Lane Number,Travel Direction Vehicle 1,FDOT Road Category,DHSMV Road System Id,Relation to Junction,Crash Harmful Event Location,Intersection Type,Shoulder Type,FDOT Roadway SKID Test Result,FDOT Roadway SKID Test Date,Functional Class,RCI Surface Width,RCI Shoulder Type First,RCI Shoulder Width First,RCI Shoulder Type Second,RCI Shoulder Width Second,RCI Shoulder Type Third,RCI Shoulder Width Third,RCI Median Width,Avg Daily Traffic,AADT Source,RCI Avg Per Truck Traffic,RCI Horiz Curve Condition,Posted Speed Limit,Highest Injury in Crash,CAR Status Code,Alcohols/Drug Involved,Site Location,Lighting,Weather,Road Surface,Roadway Grade,Roadway Alignment,Traffic Way Vehicle 1,Traffic Way Vehicle 2,Traffic Control Vehicle 1,Traffic Control Vehicle 2,Count of Lanes,Road Condition 1,Road Condition 2,Road Condition 3,Environment Condition 1,Environment Condition 2,Environment Condition 3,Crash Harmful Event,Manner of Collision,Vehicle Movement,Driver Action Vehicle 1,Driver Action Vehicle 2,Location Within Workzone,Type of Workzone,Workers Present in Workzone,Law Enforcement Present in Workzone,School Bus Related,Count of Nonfatal Injuries,Count of Traffic Fatalities,Count of Serious Injuries,Count of Pedestrians,Count of Drivers,Count of Bicyclists,Count of Vehicles,Count of Persons,Wrong Way,Workzone Inv,Commercial Vehicle Inv,Intersection Inv,Lane Departure,Speeding,Agressive Driving,Impaired Driver,Impaired Pedestrian,Impaired Bicyclist,Distracted Driver,Speeding or Aggressive Driving,Pedestrian Related,Bicyclist Related,Pedestrian or Bicyclist Related,Motorcycle Inv,No Belt,No Belt - Ages 1-4,No Belt - Ages 5-12,No Belt - Ages 13-17,Driver - Ages Teen,Driver - Ages 65 plus,Driver - Ages 65-69,Driver - Ages 70-74,Driver - Ages 75-79,Driver - Ages 80 plus,ARBM Latitude,ARBM Longitude,UTM Zone 17N X,UTM Zone 17N Y,ARBM Side of Road,Urban Rural Indicator,GIS Street Source,Extract Date,OBJECTID,x,y
2.01787E+12,2017,869466330,3.41706E+11,COUNTY SHERIFF'S OFFICE,04 FOURTH,BROWARD,17-Jun-17,159,SUNDAY,8638 FT. LAUDERDALE,1038,Y,SR 5,SR 84,0.038,S,0,0,26.0922284,-80.1364928,86010001,2.509,4627,SR 5,US 1,R RIGHT,3 THRU LANE 3,N NORTH,30 URBAN 6+LN 2WY DIVD RASD,02 U.S.,01 NON-JUNCTION,01 ON ROADWAY,01 NOT AT INTERSECTION,03 CURB,31,14-Jun-15,14 URBAN PRIN ART OTHER,33,CURB&GUTTER,2,,0,,0,20,65000,RCI,8.7,,40,1 NO INJURY,31 Q/C COMPLETED - LOC VERIFIED,0 NO,01 NOT AT INTERSECTION/RRX/BRIDGE,04 DARK-LIGHTED,01 CLEAR,01 DRY,01 LEVEL,1 STRAIGHT,"TWO-WAY, DIVIDED, POSITIVE MED","TWO-WAY, DIVIDED, POSITIVE MED",NO CONTROLS,NO CONTROLS,6,NONE,NOT CODED,NOT CODED,NONE,NOT CODED,NOT CODED,14 MOTOR VEHICLE IN TRANSPORT,01 FRONT TO REAR,77 OTHER (SEE NARRATIVE),OTHER CONTRIBUTING ACTION,NO CONTRIBUTING ACTION,00 NOT CODED,00 NOT CODED,00 NOT CODED,00 NOT CODED,01 NO,0,0,0,0,2,0,2,4,N,N,N,N,N,N,N,N,N,N,N,N,N,N,N,N,N,N,N,N,N,N,N,N,N,N,26.09230332,-80.13647649,586353.791,2886192.132,R,,ARBM15Q1R2,28-Feb-22,1569353,-8920752.054,3010518.195
2.01787E+12,2017,869459370,3.41705E+11,COUNTY SHERIFF'S OFFICE,04 FOURTH,BROWARD,25-May-17,2120,FRIDAY,8638 FT. LAUDERDALE,1038,Y,NW 7TH AVE,NW 11TH ST,0,E,0,0,26.138439,-80.151013,86025501,0.612,,,,I INTERSECTION,M MIDDLE,W WEST,,05 LOCAL,02 INTERSECTION,01 ON ROADWAY,02 FOUR-WAY INTERSECTION,02 UNPAVED,0,31-Dec-00,14 URBAN PRIN ART OTHER,,,0,,0,,0,,,RCI,0,,,3 NO-INCAPACITATING INJURY,33 Q/C VERIFIED AS OFF-SYSTEM,0 NO,02 AT INTERSECTION,04 DARK-LIGHTED,01 CLEAR,01 DRY,01 LEVEL,1 STRAIGHT,"TWO-WAY, NOT DIVIDED","TWO-WAY, NOT DIVIDED",STOP SIGN,NO CONTROLS,4,NONE,NOT CODED,NOT CODED,NONE,NOT CODED,NOT CODED,14 MOTOR VEHICLE IN TRANSPORT,03 ANGLE,01 STRAIGHT AHEAD,NOT CODED,NO CONTRIBUTING ACTION,00 NOT CODED,00 NOT CODED,00 NOT CODED,00 NOT CODED,01 NO,2,0,0,0,1,0,2,2,N,N,N,Y,N,N,N,N,N,N,N,N,N,N,N,N,N,N,N,N,N,N,N,N,N,N,26.13843522,-80.15101732,584866.2898,2891291.817,C,U,ARBM15Q1R2,28-Feb-22,1569388,-8922370.733,3016237.458
2.01787E+12,2017,869459380,3.41705E+11,COUNTY SHERIFF'S OFFICE,04 FOURTH,BROWARD,25-May-17,2000,FRIDAY,8638 FT. LAUDERDALE,1038,Y,SR 5,17TH ST SE,0.019,S,0,0,26.1000077,-80.1367036,86010000,8.784,690,SR 5,US 1,R RIGHT,L LEFT TURN,N NORTH,30 URBAN 6+LN 2WY DIVD RASD,02 U.S.,01 NON-JUNCTION,01 ON ROADWAY,01 NOT AT INTERSECTION,03 CURB,38,19-Jun-17,14 URBAN PRIN ART OTHER,32,CURB&GUTTER,2,,0,,0,19,54000,RCI,4.4,,40,1 NO INJURY,31 Q/C COMPLETED - LOC VERIFIED,0 NO,03 INFLUENCED BY INTERSECTION,04 DARK-LIGHTED,01 CLEAR,01 DRY,01 LEVEL,1 STRAIGHT,"TWO-WAY, DIVIDED, POSITIVE MED","TWO-WAY, DIVIDED, POSITIVE MED",NO CONTROLS,NO CONTROLS,6,NONE,NOT CODED,NOT CODED,NONE,NOT CODED,NOT CODED,14 MOTOR VEHICLE IN TRANSPORT,01 FRONT TO REAR,77 OTHER (SEE NARRATIVE),OTHER CONTRIBUTING ACTION,NO CONTRIBUTING ACTION,00 NOT CODED,00 NOT CODED,00 NOT CODED,00 NOT CODED,01 NO,0,0,0,0,2,0,2,3,N,N,N,Y,N,N,N,N,N,N,N,N,N,N,N,N,N,N,N,N,N,Y,N,Y,N,N,26.10001282,-80.13670285,586325.4931,2887045.832,R,,ARBM15Q1R2,28-Feb-22,1569389,-8920777.253,3011473.833
2.01787E+12,2017,869474290,3.41707E+11,COUNTY SHERIFF'S OFFICE,04 FOURTH,BROWARD,13-Jul-17,1752,FRIDAY,8638 FT. LAUDERDALE,1038,Y,BAYVIEW DR,OAKLAND PARK BLVD,0.019,N,0,0,26.1673381,-80.1088154,86090000,9.197,592,SR 816,,T SIDE RD LEFT,1 THRU LANE 1,S SOUTH,30 URBAN 6+LN 2WY DIVD RASD,05 LOCAL,01 NON-JUNCTION,01 ON ROADWAY,01 NOT AT INTERSECTION,03 CURB,32,16-May-17,14 URBAN PRIN ART OTHER,30,CURB&GUTTER,2,,0,,0,18,25500,RCI,3.4,,35,1 NO INJURY,31 Q/C COMPLETED - LOC VERIFIED,0 NO,03 INFLUENCED BY INTERSECTION,01 DAYLIGHT,01 CLEAR,01 DRY,01 LEVEL,1 STRAIGHT,"TWO-WAY, DIVIDED, POSITIVE MED","TWO-WAY, DIVIDED, POSITIVE MED",TRAFFIC CONTROL SIGNAL,TRAFFIC CONTROL SIGNAL,6,NONE,NOT CODED,NOT CODED,NONE,NOT CODED,NOT CODED,14 MOTOR VEHICLE IN TRANSPORT,01 FRONT TO REAR,01 STRAIGHT AHEAD,OTHER CONTRIBUTING ACTION,NO CONTRIBUTING ACTION,00 NOT CODED,00 NOT CODED,00 NOT CODED,00 NOT CODED,01 NO,0,0,0,0,2,0,2,2,N,N,N,Y,N,N,N,N,N,N,N,N,N,N,N,N,N,N,N,N,Y,N,N,N,N,N,26.16738657,-80.10876359,589068.2902,2894526.564,L,,ARBM15Q1R2,28-Feb-22,1569465,-8917667.068,3019827.895
2.01787E+12,2017,869465080,3.41706E+11,COUNTY SHERIFF'S OFFICE,04 FOURTH,BROWARD,13-Jun-17,952,WEDNESDAY,8638 FT. LAUDERDALE,1038,Y,BROWARD BLVD,3RD AVE SE,0,,0,0,26.1222671,-80.1406489,86006000,6.955,481,SR 842,,R RIGHT,2 THRU LANE 2,W WEST,30 URBAN 6+LN 2WY DIVD RASD,03 STATE,01 NON-JUNCTION,01 ON ROADWAY,02 FOUR-WAY INTERSECTION,03 CURB,40,19-Jun-17,14 URBAN PRIN ART OTHER,33,PAVED,3,CURB&GUTTER,2,,0,16,33000,RCI,2.9,,35,3 NO-INCAPACITATING INJURY,31 Q/C COMPLETED - LOC VERIFIED,0 NO,02 AT INTERSECTION,01 DAYLIGHT,02 CLOUDY,02 WET,01 LEVEL,1 STRAIGHT,"TWO-WAY, DIVIDED, UNPROTECTED","TWO-WAY, DIVIDED, UNPROTECTED",TRAFFIC CONTROL SIGNAL,TRAFFIC CONTROL SIGNAL,6,NONE,NOT CODED,NOT CODED,NONE,NOT CODED,NOT CODED,14 MOTOR VEHICLE IN TRANSPORT,03 ANGLE,03 TURNING LEFT,FAILED TO YIELD RIGHT-OF-WAY,NO CONTRIBUTING ACTION,00 NOT CODED,00 NOT CODED,00 NOT CODED,00 NOT CODED,01 NO,1,0,0,0,2,0,2,2,N,N,N,Y,N,N,N,N,N,N,N,N,N,N,N,N,N,N,N,N,N,N,N,N,N,N,26.12227522,-80.14059716,585919.7858,2889508.885,R,,ARBM15Q1R2,28-Feb-22,1569466,-8921210.765,3014233.744
2.01787E+12,2017,869465090,3.41706E+11,COUNTY SHERIFF'S OFFICE,04 FOURTH,BROWARD,13-Jun-17,1025,WEDNESDAY,8638 FT. LAUDERDALE,1038,Y,SR 870,NW 23RD AVE,0.047,W,0,0,26.1880318,-80.1739882,86014000,5.082,7048,SR 870,,R RIGHT,2 THRU LANE 2,E EAST,30 URBAN 6+LN 2WY DIVD RASD,03 STATE,01 NON-JUNCTION,01 ON ROADWAY,01 NOT AT INTERSECTION,03 CURB,40,18-Jun-17,14 URBAN PRIN ART OTHER,36,PAVED,4,CURB&GUTTER,2,,0,28,54500,RCI,4.1,,45,1 NO INJURY,31 Q/C COMPLETED - LOC VERIFIED,0 NO,01 NOT AT INTERSECTION/RRX/BRIDGE,01 DAYLIGHT,02 CLOUDY,02 WET,01 LEVEL,1 STRAIGHT,"TWO-WAY, DIVIDED, POSITIVE MED","TWO-WAY, DIVIDED, POSITIVE MED",NO CONTROLS,NO CONTROLS,6,NONE,NOT CODED,NOT CODED,NONE,NOT CODED,NOT CODED,14 MOTOR VEHICLE IN TRANSPORT,03 ANGLE,06 CHANGING LANES,OTHER CONTRIBUTING ACTION,NO CONTRIBUTING ACTION,00 NOT CODED,00 NOT CODED,00 NOT CODED,00 NOT CODED,01 NO,0,0,0,0,2,0,2,2,N,N,N,N,N,N,N,N,N,N,N,N,N,N,N,N,N,N,N,N,N,N,N,N,N,N,26.18801589,-80.17402672,582531.2097,2896768.225,R,,ARBM15Q1R2,28-Feb-22,1569467,-8924932.129,3022386.807
2.01787E+12,2017,869465120,3.41706E+11,COUNTY SHERIFF'S OFFICE,04 FOURTH,BROWARD,13-Jun-17,1220,WEDNESDAY,8638 FT. LAUDERDALE,1038,Y,SR 84,15TH AVE SW,0.009,E,0,0,26.0904012,-80.1607472,86080000,18.198,2955,SR 84,,R RIGHT,2 THRU LANE 2,E EAST,30 URBAN 6+LN 2WY DIVD RASD,02 U.S.,01 NON-JUNCTION,01 ON ROADWAY,01 NOT AT INTERSECTION,03 CURB,31,5-Jul-15,16 URBAN MINOR ART,44,CURB&GUTTER,2,,0,,0,81,63000,RCI,4.7,,45,1 NO INJURY,31 Q/C COMPLETED - LOC VERIFIED,0 NO,03 INFLUENCED BY INTERSECTION,01 DAYLIGHT,02 CLOUDY,02 WET,01 LEVEL,1 STRAIGHT,"TWO-WAY, DIVIDED, UNPROTECTED","TWO-WAY, DIVIDED, UNPROTECTED",NO CONTROLS,NO CONTROLS,8,NONE,NOT CODED,NOT CODED,NONE,NOT CODED,NOT CODED,14 MOTOR VEHICLE IN TRANSPORT,03 ANGLE,77 OTHER (SEE NARRATIVE),OTHER CONTRIBUTING ACTION,NO CONTRIBUTING ACTION,00 NOT CODED,00 NOT CODED,00 NOT CODED,00 NOT CODED,01 NO,0,0,0,0,2,0,2,2,N,N,N,Y,N,N,N,N,N,N,N,N,N,N,N,N,N,N,N,N,N,N,N,N,N,N,26.09037204,-80.16071181,583931.4878,2885962.396,R,,ARBM15Q1R2,28-Feb-22,1569468,-8923449.918,3010278.811
2.01787E+12,2017,869466430,3.41706E+11,COUNTY SHERIFF'S OFFICE,04 FOURTH,BROWARD,17-Jun-17,1438,SUNDAY,8638 FT. LAUDERDALE,1038,Y,SR A1A,SR 838,0.009,N,0,0,26.138318,-80.1029274,86050000,3.358,326,SR A1A,,L LEFT,1 THRU LANE 1,S SOUTH,10 URBAN 2-3LN 2WY DIVD RASD,03 STATE,01 NON-JUNCTION,01 ON ROADWAY,01 NOT AT INTERSECTION,03 CURB,43,1-Aug-16,16 URBAN MINOR ART,11,PAVED,5,CURB&GUTTER,2,,0,11,17300,RCI,4.1,,30,1 NO INJURY,31 Q/C COMPLETED - LOC VERIFIED,0 NO,03 INFLUENCED BY INTERSECTION,01 DAYLIGHT,02 CLOUDY,01 DRY,01 LEVEL,1 STRAIGHT,"TWO-WAY, DIVIDED, POSITIVE MED","TWO-WAY, DIVIDED, POSITIVE MED",NO CONTROLS,NO CONTROLS,2,NONE,NOT CODED,NOT CODED,NONE,NOT CODED,NOT CODED,15 PARKED MOTOR VEHICLE,03 ANGLE,06 CHANGING LANES,NOT CODED,NO CONTRIBUTING ACTION,00 NOT CODED,00 NOT CODED,00 NOT CODED,00 NOT CODED,01 NO,0,0,0,0,1,0,2,1,N,N,N,Y,N,N,N,N,N,N,N,N,N,N,N,N,N,N,N,N,N,N,N,N,N,N,26.13833041,-80.10292508,589674.0177,2891312.483,C,,ARBM15Q1R2,28-Feb-22,1569469,-8917017.128,3016224.462
2.01787E+12,2017,869473870,3.41707E+11,COUNTY SHERIFF'S OFFICE,04 FOURTH,BROWARD,12-Jul-17,1633,THURSDAY,8638 FT. LAUDERDALE,1038,Y,E CYPRESS CREEK RD,NE 9TH AVE,0.009,W,0,0,26.203633,-80.135364,86530500,1.266,,,,L LEFT,1 THRU LANE 1,W WEST,,05 LOCAL,01 NON-JUNCTION,01 ON ROADWAY,01 NOT AT INTERSECTION,03 CURB,0,31-Dec-00,,,,0,,0,,0,,,RCI,0,,,1 NO INJURY,33 Q/C VERIFIED AS OFF-SYSTEM,0 NO,01 NOT AT INTERSECTION/RRX/BRIDGE,01 DAYLIGHT,02 CLOUDY,01 DRY,01 LEVEL,1 STRAIGHT,"TWO-WAY, DIVIDED, POSITIVE MED","TWO-WAY, DIVIDED, POSITIVE MED",NO CONTROLS,NO CONTROLS,,NONE,NOT CODED,NOT CODED,NONE,NOT CODED,NOT CODED,14 MOTOR VEHICLE IN TRANSPORT,"04 SIDESWIPE, SAME DIRECTION",77 OTHER (SEE NARRATIVE),SWERVED OR AVOIDED:  DUE TO WI,NO CONTRIBUTING ACTION,00 NOT CODED,00 NOT CODED,00 NOT CODED,00 NOT CODED,01 NO,0,0,0,0,2,0,2,2,N,N,N,N,Y,N,N,N,N,N,N,N,N,N,N,N,N,N,N,N,Y,N,N,N,N,N,26.2036352,-80.135364,586383.0385,2898523.29,L,U,ARBM15Q1R2,28-Feb-22,1569869,-8920628.213,3024324.569
2.01787E+12,2017,869473880,3.41707E+11,COUNTY SHERIFF'S OFFICE,04 FOURTH,BROWARD,12-Jul-17,1644,THURSDAY,8638 FT. LAUDERDALE,1038,Y,N ANDREWS AVE,W CYPRESS CREEK RD,0.025,N,0,0,26.203793,-80.148635,86033503,1.092,,,,L LEFT,2 THRU LANE 2,S SOUTH,,04 COUNTY,03 INTERSECTION-RELATED,01 ON ROADWAY,01 NOT AT INTERSECTION,03 CURB,0,31-Dec-00,,,,0,,0,,0,,,RCI,0,,,1 NO INJURY,33 Q/C VERIFIED AS OFF-SYSTEM,0 NO,03 INFLUENCED BY INTERSECTION,01 DAYLIGHT,01 CLEAR,01 DRY,01 LEVEL,1 STRAIGHT,"TWO-WAY, DIVIDED, POSITIVE MED","TWO-WAY, DIVIDED, POSITIVE MED",TRAFFIC CONTROL SIGNAL,TRAFFIC CONTROL SIGNAL,,NONE,NOT CODED,NOT CODED,NONE,NOT CODED,NOT CODED,14 MOTOR VEHICLE IN TRANSPORT,01 FRONT TO REAR,01 STRAIGHT AHEAD,OTHER CONTRIBUTING ACTION,NO CONTRIBUTING ACTION,00 NOT CODED,00 NOT CODED,00 NOT CODED,00 NOT CODED,01 NO,0,0,0,0,2,0,2,2,N,N,N,Y,N,N,N,N,N,N,N,N,N,N,N,N,N,N,N,N,Y,N,N,N,N,N,26.20379211,-80.14863181,585057.3193,2898531.902,L,U,ARBM15Q1R2,28-Feb-22,1569870,-8922105.179,3024344.036
2.01787E+12,2017,869473890,3.41707E+11,COUNTY SHERIFF'S OFFICE,04 FOURTH,BROWARD,12-Jul-17,1700,THURSDAY,8638 FT. LAUDERDALE,1038,Y,SR A1A,VISTAMAR ST,0,,0,0,26.1332506,-80.1032382,86050000,3.008,763,SR A1A,,L LEFT,1 THRU LANE 1,E EAST,20 URBAN 4-5LN 2WY DIVD RASD,03 STATE,01 NON-JUNCTION,01 ON ROADWAY,02 FOUR-WAY INTERSECTION,03 CURB,47,9-Jul-17,16 URBAN MINOR ART,21,PAVED,5,CURB&GUTTER,2,,0,14,25500,RCI,2,,30,1 NO INJURY,31 Q/C COMPLETED - LOC VERIFIED,0 NO,02 AT INTERSECTION,01 DAYLIGHT,01 CLEAR,01 DRY,01 LEVEL,1 STRAIGHT,"TWO-WAY, DIVIDED, POSITIVE MED","TWO-WAY, DIVIDED, POSITIVE MED",TRAFFIC CONTROL SIGNAL,TRAFFIC CONTROL SIGNAL,4,NONE,NOT CODED,NOT CODED,NONE,NOT CODED,NOT CODED,14 MOTOR VEHICLE IN TRANSPORT,03 ANGLE,03 TURNING LEFT,OTHER CONTRIBUTING ACTION,OTHER CONTRIBUTING ACTION,00 NOT CODED,00 NOT CODED,00 NOT CODED,00 NOT CODED,01 NO,0,0,0,0,2,0,2,2,N,N,N,Y,N,N,N,N,N,N,N,N,N,N,N,N,N,N,N,N,N,N,N,N,N,N,26.13325845,-80.10328734,589641.6773,2890750.493,C,,ARBM15Q1R2,28-Feb-22,1569871,-8917057.454,3015595.548
2.01787E+12,2017,869473910,3.41707E+11,COUNTY SHERIFF'S OFFICE,04 FOURTH,BROWARD,12-Jul-17,1651,THURSDAY,8638 FT. LAUDERDALE,1038,Y,SR 838,10TH AVE NW,0.001,W,0,0,26.1364809,-80.1549669,86110000,6.985,403,SR 838,,R RIGHT,1 THRU LANE 1,E EAST,30 URBAN 6+LN 2WY DIVD RASD,05 LOCAL,01 NON-JUNCTION,01 ON ROADWAY,01 NOT AT INTERSECTION,03 CURB,35,19-Jun-17,14 URBAN PRIN ART OTHER,32,PAVED,3,CURB&GUTTER,2,,0,16,58000,RCI,7.7,0D1400,40,1 NO INJURY,31 Q/C COMPLETED - LOC VERIFIED,0 NO,03 INFLUENCED BY INTERSECTION,01 DAYLIGHT,01 CLEAR,01 DRY,01 LEVEL,1 STRAIGHT,"TWO-WAY, DIVIDED, UNPROTECTED","TWO-WAY, DIVIDED, UNPROTECTED",NO CONTROLS,NO CONTROLS,6,NONE,NOT CODED,NOT CODED,NONE,NOT CODED,NOT CODED,14 MOTOR VEHICLE IN TRANSPORT,01 FRONT TO REAR,77 OTHER (SEE NARRATIVE),OTHER CONTRIBUTING ACTION,NO CONTRIBUTING ACTION,00 NOT CODED,00 NOT CODED,00 NOT CODED,00 NOT CODED,01 NO,0,0,0,0,2,0,2,2,N,N,N,Y,N,N,N,N,N,N,N,N,N,N,N,N,N,N,N,N,N,N,N,N,N,N,26.13646634,-80.15468402,584501.1587,2891071.37,R,,ARBM15Q1R2,28-Feb-22,1569872,-8922778.908,3015993.318
2.01787E+12,2017,869476540,3.41707E+11,COUNTY SHERIFF'S OFFICE,04 FOURTH,BROWARD,22-Jul-17,352,SUNDAY,8638 FT. LAUDERDALE,1038,Y,SUNRISE BLVD W,7TH AVE NW,0.001,W,0,0,26.1365766,-80.1510417,86110000,7.229,3402,SR 838,,R RIGHT,2 THRU LANE 2,E EAST,30 URBAN 6+LN 2WY DIVD RASD,03 STATE,03 INTERSECTION-RELATED,01 ON ROADWAY,02 FOUR-WAY INTERSECTION,01 PAVED,35,19-Jun-17,14 URBAN PRIN ART OTHER,32,PAVED,3,CURB&GUTTER,2,,0,16,53500,RCI,6.8,,40,1 NO INJURY,31 Q/C COMPLETED - LOC VERIFIED,0 NO,03 INFLUENCED BY INTERSECTION,04 DARK-LIGHTED,01 CLEAR,01 DRY,01 LEVEL,1 STRAIGHT,"TWO-WAY, DIVIDED, POSITIVE MED","TWO-WAY, DIVIDED, POSITIVE MED",TRAFFIC CONTROL SIGNAL,TRAFFIC CONTROL SIGNAL,6,NONE,NOT CODED,NOT CODED,NONE,NOT CODED,NOT CODED,14 MOTOR VEHICLE IN TRANSPORT,01 FRONT TO REAR,01 STRAIGHT AHEAD,OPERATED MV IN CARLESS OR NEGL,NO CONTRIBUTING ACTION,00 NOT CODED,00 NOT CODED,00 NOT CODED,00 NOT CODED,01 NO,0,0,0,0,2,0,2,2,N,N,N,Y,N,N,N,N,N,N,N,N,N,N,N,N,N,N,N,N,N,N,N,N,N,N,26.13656976,-80.15074822,584894.5405,2891085.387,R,,ARBM15Q1R2,28-Feb-22,1569873,-8922340.776,3016006.141
2.01787E+12,2017,869476560,3.41707E+11,COUNTY SHERIFF'S OFFICE,04 FOURTH,BROWARD,22-Jul-17,1020,SUNDAY,8638 FT. LAUDERDALE,1038,Y,FEDERAL HWY S,7TH ST SE,0.028,S,0,0,26.04048,-80.1433719,86010000,4.624,7469,SR 5,US 1,R RIGHT,1 THRU LANE 1,N NORTH,21 URBAN 4-5LN 2WY DIVD PAVD,02 U.S.,01 NON-JUNCTION,01 ON ROADWAY,01 NOT AT INTERSECTION,01 PAVED,42,19-Jun-17,14 URBAN PRIN ART OTHER,23,PAVED,3,CURB&GUTTER,2,,0,12,31500,RCI,20.8,,35,3 NO-INCAPACITATING INJURY,31 Q/C COMPLETED - LOC VERIFIED,0 NO,03 INFLUENCED BY INTERSECTION,01 DAYLIGHT,01 CLEAR,01 DRY,01 LEVEL,1 STRAIGHT,"TWO-WAY, DIVIDED, POSITIVE MED","TWO-WAY, DIVIDED, POSITIVE MED",NO CONTROLS,NO CONTROLS,4,NONE,NOT CODED,NOT CODED,NONE,NOT CODED,NOT CODED,14 MOTOR VEHICLE IN TRANSPORT,01 FRONT TO REAR,01 STRAIGHT AHEAD,OTHER CONTRIBUTING ACTION,NO CONTRIBUTING ACTION,00 NOT CODED,00 NOT CODED,00 NOT CODED,00 NOT CODED,01 NO,1,0,0,0,2,0,2,2,N,N,N,Y,N,N,N,N,N,N,Y,N,N,N,N,N,N,N,N,N,N,N,N,N,N,N,26.04051011,-80.14336389,585702.6955,2880451.365,C,,ARBM15Q1R2,28-Feb-22,1569883,-8921518.756,3004099.749
2.01787E+12,2017,869476570,3.41707E+11,COUNTY SHERIFF'S OFFICE,04 FOURTH,BROWARD,21-Jul-17,1901,SATURDAY,8638 FT. LAUDERDALE,1038,Y,N FLAGLER DR,NE 9TH AVE,0,S,0,0,26.140573,-80.134788,86A15980,0.332,,,,I INTERSECTION,M MIDDLE,W WEST,,05 LOCAL,01 NON-JUNCTION,01 ON ROADWAY,77 OTHER (SEE NARRATIVE),03 CURB,0,31-Dec-00,,,,0,,0,,0,,,RCI,0,,,1 NO INJURY,33 Q/C VERIFIED AS OFF-SYSTEM,0 NO,01 NOT AT INTERSECTION/RRX/BRIDGE,01 DAYLIGHT,02 CLOUDY,01 DRY,01 LEVEL,1 STRAIGHT,"TWO-WAY, NOT DIVIDED","TWO-WAY, NOT DIVIDED",NO CONTROLS,NO CONTROLS,,NONE,NOT CODED,NOT CODED,NONE,NOT CODED,NOT CODED,14 MOTOR VEHICLE IN TRANSPORT,03 ANGLE,01 STRAIGHT AHEAD,OTHER CONTRIBUTING ACTION,NO CONTRIBUTING ACTION,00 NOT CODED,00 NOT CODED,00 NOT CODED,00 NOT CODED,01 NO,0,0,0,0,2,0,2,2,N,N,N,N,N,N,N,N,N,N,N,N,N,N,N,N,N,N,N,N,N,N,N,N,N,N,26.1405767,-80.13479125,586486.7833,2891539.685,C,U,ARBM15Q1R2,28-Feb-22,1569884,-8920564.454,3016503.006
2.01787E+12,2017,869477890,3.41707E+11,COUNTY SHERIFF'S OFFICE,04 FOURTH,BROWARD,27-Jul-17,1211,FRIDAY,8638 FT. LAUDERDALE,1038,Y,FEDERAL HWY S,11TH CT SE,0.019,N,0,0,26.1088547,-80.136935,86010000,9.394,2299,SR 5,US 1,L LEFT,1 THRU LANE 1,S SOUTH,30 URBAN 6+LN 2WY DIVD RASD,03 STATE,01 NON-JUNCTION,01 ON ROADWAY,01 NOT AT INTERSECTION,03 CURB,43,19-Jun-17,14 URBAN PRIN ART OTHER,32,CURB&GUTTER,2,,0,,0,19,50500,RCI,2.3,,40,2 POSSIBLE INJURY,31 Q/C COMPLETED - LOC VERIFIED,0 NO,03 INFLUENCED BY INTERSECTION,01 DAYLIGHT,01 CLEAR,01 DRY,01 LEVEL,1 STRAIGHT,"TWO-WAY, DIVIDED, POSITIVE MED","TWO-WAY, DIVIDED, POSITIVE MED",NO CONTROLS,NO CONTROLS,6,NONE,NOT CODED,NOT CODED,NONE,NOT CODED,NOT CODED,14 MOTOR VEHICLE IN TRANSPORT,01 FRONT TO REAR,01 STRAIGHT AHEAD,OTHER CONTRIBUTING ACTION,NO CONTRIBUTING ACTION,00 NOT CODED,00 NOT CODED,00 NOT CODED,00 NOT CODED,01 NO,2,0,0,0,2,0,2,2,N,N,N,Y,N,N,N,N,N,N,N,N,N,N,N,N,N,N,N,N,N,N,N,N,N,N,26.10887539,-80.13705765,586283.5082,2888027.153,L,,ARBM15Q1R2,28-Feb-22,1569886,-8920816.749,3012572.479