Crash Id,Calendar Year,FDOT Crash Number,Reporting Agency Case Number,Reporting Agency Type,FDOT Managing District,County Name,Crash Date,Crash Time,Day,DHSMV City,Crash Report City Code,In Town,On Roadway Name,Int Roadway Name,Reference Distance (Miles),Reference Direction,Officer Latitude,Officer Longitude,FDOT Latitude,FDOT Longitude,FDOT Roadway,Nearest Inventory MP,Nearest Node From Crash,State Road #,US Highway,Crash Side of Road,Accident Lane Number,Travel Direction Vehicle 1,FDOT Road Category,DHSMV Road System Id,Relation to Junction,Crash Harmful Event Location,Intersection Type,Shoulder Type,FDOT Roadway SKID Test Result,FDOT Roadway SKID Test Date,Functional Class,RCI Surface Width,RCI Shoulder Type First,RCI Shoulder Width First,RCI Shoulder Type Second,RCI Shoulder Width Second,RCI Shoulder Type Third,RCI Shoulder Width Third,RCI Median Width,Avg Daily Traffic,AADT Source,RCI Avg Per Truck Traffic,RCI Horiz Curve Condition,Posted Speed Limit,Highest Injury in Crash,CAR Status Code,Alcohols/Drug Involved,Site Location,Lighting,Weather,Road Surface,Roadway Grade,Roadway Alignment,Traffic Way Vehicle 1,Traffic Way Vehicle 2,Traffic Control Vehicle 1,Traffic Control Vehicle 2,Count of Lanes,Road Condition 1,Road Condition 2,Road Condition 3,Environment Condition 1,Environment Condition 2,Environment Condition 3,Crash Harmful Event,Manner of Collision,Vehicle Movement,Driver Action Vehicle 1,Driver Action Vehicle 2,Location Within Workzone,Type of Workzone,Workers Present in Workzone,Law Enforcement Present in Workzone,School Bus Related,Count of Nonfatal Injuries,Count of Traffic Fatalities,Count of Serious Injuries,Count of Pedestrians,Count of Drivers,Count of Bicyclists,Count of Vehicles,Count of Persons,Wrong Way,Workzone Inv,Commercial Vehicle Inv,Intersection Inv,Lane Departure,Speeding,Agressive Driving,Impaired Driver,Impaired Pedestrian,Impaired Bicyclist,Distracted Driver,Speeding or Aggressive Driving,Pedestrian Related,Bicyclist Related,Pedestrian or Bicyclist Related,Motorcycle Inv,No Belt,No Belt - Ages 1-4,No Belt - Ages 5-12,No Belt - Ages 13-17,Driver - Ages Teen,Driver - Ages 65 plus,Driver - Ages 65-69,Driver - Ages 70-74,Driver - Ages 75-79,Driver - Ages 80 plus,ARBM Latitude,ARBM Longitude,UTM Zone 17N X,UTM Zone 17N Y,ARBM Side of Road,Urban Rural Indicator,GIS Street Source,Extract Date,OBJECTID,x,y
2.01787E+12,2017,869446610,3.41704E+11,COUNTY SHERIFF'S OFFICE,04 FOURTH,BROWARD,16-Apr-17,1105,MONDAY,8638 FT. LAUDERDALE,1038,Y,SR 842,27TH AVE NW,0.095,E,0,0,26.1215421,-80.1764872,86006000,4.725,457,SR 842,,L LEFT,1 THRU LANE 1,W WEST,30 URBAN 6+LN 2WY DIVD RASD,03 STATE,01 NON-JUNCTION,01 ON ROADWAY,01 NOT AT INTERSECTION,03 CURB,37,19-Jun-17,14 URBAN PRIN ART OTHER,33,CURB&GUTTER,2,,0,,0,17,45000,RCI,4.1,,40,1 NO INJURY,31 Q/C COMPLETED - LOC VERIFIED,0 NO,01 NOT AT INTERSECTION/RRX/BRIDGE,01 DAYLIGHT,02 CLOUDY,01 DRY,01 LEVEL,1 STRAIGHT,"TWO-WAY, DIVIDED, POSITIVE MED","TWO-WAY, DIVIDED, POSITIVE MED",TRAFFIC CONTROL SIGNAL,TRAFFIC CONTROL SIGNAL,6,NONE,NOT CODED,NOT CODED,NONE,NOT CODED,NOT CODED,14 MOTOR VEHICLE IN TRANSPORT,01 FRONT TO REAR,01 STRAIGHT AHEAD,OTHER CONTRIBUTING ACTION,NO CONTRIBUTING ACTION,00 NOT CODED,00 NOT CODED,00 NOT CODED,00 NOT CODED,01 NO,0,0,0,0,3,0,3,4,N,N,N,N,N,N,N,N,N,N,N,N,N,N,N,N,N,N,N,N,N,N,N,N,N,N,26.12166809,-80.17647936,582332.6915,2889418.444,L,,ARBM15Q1R2,28-Feb-22,1594959,-8925205.154,3014158.469
2.01787E+12,2017,869446620,3.41704E+11,COUNTY SHERIFF'S OFFICE,04 FOURTH,BROWARD,17-Apr-17,700,TUESDAY,8638 FT. LAUDERDALE,1038,Y,NE 62ND ST,NE 19TH AVE,0,E,0,0,26.203606,-80.121553,86530500,2.123,,,,I INTERSECTION,M MIDDLE,E EAST,,05 LOCAL,03 INTERSECTION-RELATED,01 ON ROADWAY,02 FOUR-WAY INTERSECTION,01 PAVED,0,31-Dec-00,,,,0,,0,,0,,,RCI,0,,,1 NO INJURY,33 Q/C VERIFIED AS OFF-SYSTEM,0 NO,02 AT INTERSECTION,01 DAYLIGHT,01 CLEAR,01 DRY,01 LEVEL,1 STRAIGHT,"TWO-WAY, DIVIDED, UNPROTECTED","TWO-WAY, DIVIDED, UNPROTECTED",NO CONTROLS,NO CONTROLS,,NONE,NONE,NOT CODED,NONE,NOT CODED,NOT CODED,14 MOTOR VEHICLE IN TRANSPORT,77 OTHER (SEE NARRATIVE),01 STRAIGHT AHEAD,FOLLOWED TOO CLOSELY,NO CONTRIBUTING ACTION,00 NOT CODED,00 NOT CODED,00 NOT CODED,00 NOT CODED,01 NO,0,0,0,0,3,0,3,3,N,N,N,Y,N,N,N,N,N,N,N,N,N,N,N,N,N,N,N,N,N,N,N,N,N,N,26.20360453,-80.1215533,587762.9106,2898529.161,C,U,ARBM15Q1R2,28-Feb-22,1594960,-8919090.812,3024320.763
2.01787E+12,2017,869446630,3.41704E+11,COUNTY SHERIFF'S OFFICE,04 FOURTH,BROWARD,17-Apr-17,800,TUESDAY,8638 FT. LAUDERDALE,1038,Y,9TH AVE NW,SR 838,0.009,S,0,0,26.1365019,-80.1539208,86110000,7.05,3412,SR 838,,S SIDE RD RIGHT,1 THRU LANE 1,N NORTH,30 URBAN 6+LN 2WY DIVD RASD,05 LOCAL,01 NON-JUNCTION,01 ON ROADWAY,01 NOT AT INTERSECTION,02 UNPAVED,35,19-Jun-17,14 URBAN PRIN ART OTHER,32,PAVED,3,CURB&GUTTER,2,,0,16,53500,RCI,6.8,0D1400,40,2 POSSIBLE INJURY,31 Q/C COMPLETED - LOC VERIFIED,0 NO,03 INFLUENCED BY INTERSECTION,01 DAYLIGHT,02 CLOUDY,01 DRY,01 LEVEL,1 STRAIGHT,"TWO-WAY, DIVIDED, UNPROTECTED","TWO-WAY, DIVIDED, UNPROTECTED",TRAFFIC CONTROL SIGNAL,TRAFFIC CONTROL SIGNAL,6,NONE,NOT CODED,NOT CODED,NONE,NOT CODED,NOT CODED,14 MOTOR VEHICLE IN TRANSPORT,01 FRONT TO REAR,77 OTHER (SEE NARRATIVE),OTHER CONTRIBUTING ACTION,NO CONTRIBUTING ACTION,00 NOT CODED,00 NOT CODED,00 NOT CODED,00 NOT CODED,01 NO,1,0,0,0,2,0,2,3,N,N,N,Y,N,N,N,N,N,N,N,N,N,N,N,N,N,N,N,N,N,Y,N,Y,N,N,26.13648441,-80.15363536,584605.9789,2891074.052,R,,ARBM15Q1R2,28-Feb-22,1594961,-8922662.172,3015995.558
2.01787E+12,2017,869440430,3.41703E+11,COUNTY SHERIFF'S OFFICE,04 FOURTH,BROWARD,28-Mar-17,1751,WEDNESDAY,8638 FT. LAUDERDALE,1038,Y,W SISTRUNK BLVD,NW 22ND AVE,0.023,W,0,0,26.129025,-80.17251,86000152,0.126,,,,L LEFT,1 THRU LANE 1,W WEST,,05 LOCAL,01 NON-JUNCTION,01 ON ROADWAY,01 NOT AT INTERSECTION,03 CURB,0,31-Dec-00,,,,0,,0,,0,,,RCI,0,,,1 NO INJURY,33 Q/C VERIFIED AS OFF-SYSTEM,0 NO,01 NOT AT INTERSECTION/RRX/BRIDGE,01 DAYLIGHT,01 CLEAR,01 DRY,01 LEVEL,1 STRAIGHT,"TWO-WAY, NOT DIVIDED","TWO-WAY, NOT DIVIDED",NO CONTROLS,NO CONTROLS,,NONE,NOT CODED,NOT CODED,NONE,NOT CODED,NOT CODED,14 MOTOR VEHICLE IN TRANSPORT,"04 SIDESWIPE, SAME DIRECTION",06 CHANGING LANES,OTHER CONTRIBUTING ACTION,OTHER CONTRIBUTING ACTION,00 NOT CODED,00 NOT CODED,00 NOT CODED,00 NOT CODED,01 NO,0,0,0,0,2,0,2,6,N,N,N,N,Y,N,N,N,N,N,N,N,N,N,N,N,N,N,N,N,N,N,N,N,N,N,26.12902707,-80.17251006,582724.3615,2890235.989,C,U,ARBM15Q1R2,28-Feb-22,1594971,-8924763.294,3015070.887
2.01787E+12,2017,869452290,3.41705E+11,COUNTY SHERIFF'S OFFICE,04 FOURTH,BROWARD,4-May-17,1612,FRIDAY,8638 FT. LAUDERDALE,1038,Y,17TH WAY NE,COMMERCIAL BLVD W,0.002,S,0,0,26.1882251,-80.1657311,86014000,5.595,4128,SR 870,,S SIDE RD RIGHT,1 THRU LANE 1,N NORTH,30 URBAN 6+LN 2WY DIVD RASD,03 STATE,01 NON-JUNCTION,01 ON ROADWAY,03 T-INTERSECTION,01 PAVED,40,18-Jun-17,14 URBAN PRIN ART OTHER,36,PAVED,4,CURB&GUTTER,2,,0,28,54500,RCI,4.1,,45,1 NO INJURY,31 Q/C COMPLETED - LOC VERIFIED,0 NO,03 INFLUENCED BY INTERSECTION,01 DAYLIGHT,01 CLEAR,01 DRY,01 LEVEL,2 CURVE RIGHT,"TWO-WAY, DIVIDED, POSITIVE MED","TWO-WAY, DIVIDED, UNPROTECTED",STOP SIGN,STOP SIGN,6,NONE,NOT CODED,NOT CODED,NONE,NOT CODED,NOT CODED,14 MOTOR VEHICLE IN TRANSPORT,01 FRONT TO REAR,05 TURNING RIGHT,NO CONTRIBUTING ACTION,NO CONTRIBUTING ACTION,00 NOT CODED,00 NOT CODED,00 NOT CODED,00 NOT CODED,01 NO,0,0,0,0,2,0,2,2,N,N,N,Y,N,N,N,N,N,N,N,N,N,N,N,N,N,N,N,N,N,Y,Y,N,N,N,26.18819521,-80.16576452,583356.6772,2896793.365,R,,ARBM15Q1R2,28-Feb-22,1594972,-8924012.384,3022409.053
2.01787E+12,2017,869439140,3.41703E+11,COUNTY SHERIFF'S OFFICE,04 FOURTH,BROWARD,24-Mar-17,2027,SATURDAY,8638 FT. LAUDERDALE,1038,Y,DAVIE BLVD,26TH TERR SW L,0,,0,0,26.1064148,-80.1766857,86210000,1.546,349,SR 736,,R RIGHT,1 THRU LANE 1,E EAST,20 URBAN 4-5LN 2WY DIVD RASD,03 STATE,01 NON-JUNCTION,01 ON ROADWAY,03 T-INTERSECTION,03 CURB,33,17-Jun-15,16 URBAN MINOR ART,22,PAVED,3,CURB&GUTTER,2,,0,12,38000,RCI,2.6,,40,1 NO INJURY,31 Q/C COMPLETED - LOC VERIFIED,0 NO,02 AT INTERSECTION,04 DARK-LIGHTED,03 RAIN,02 WET,01 LEVEL,1 STRAIGHT,"TWO-WAY, NOT DIV, W/CONT LTURN","TWO-WAY, NOT DIV, W/CONT LTURN",NO CONTROLS,NO CONTROLS,4,NONE,NOT CODED,NOT CODED,WEATHER CONDITIONS,NOT CODED,NOT CODED,14 MOTOR VEHICLE IN TRANSPORT,01 FRONT TO REAR,01 STRAIGHT AHEAD,OTHER CONTRIBUTING ACTION,NO CONTRIBUTING ACTION,00 NOT CODED,00 NOT CODED,00 NOT CODED,00 NOT CODED,01 NO,0,0,0,0,2,0,2,2,N,N,N,Y,N,N,N,N,N,N,N,N,N,N,N,N,N,N,N,N,Y,N,N,N,N,N,26.10647789,-80.17668961,582322.3117,2887735.959,C,,ARBM15Q1R2,28-Feb-22,1594977,-8925228.56,3012275.265
2.01787E+12,2017,869439150,3.41703E+11,COUNTY SHERIFF'S OFFICE,04 FOURTH,BROWARD,24-Mar-17,2139,SATURDAY,8638 FT. LAUDERDALE,1038,Y,SUNRISE BLVD E,BIRCH RD,0.102,W,0,0,26.137985,-80.1070469,86005000,0.937,4939,SR 838,,R RIGHT,3 THRU LANE 3,E EAST,33 SUBURBAN 6+LN 2WY DIVD RASD,03 STATE,01 NON-JUNCTION,01 ON ROADWAY,01 NOT AT INTERSECTION,01 PAVED,46,9-Jul-17,16 URBAN MINOR ART,33,PAVED,5,,0,,0,24,22500,RCI,10,,35,3 NO-INCAPACITATING INJURY,31 Q/C COMPLETED - LOC VERIFIED,0 NO,01 NOT AT INTERSECTION/RRX/BRIDGE,04 DARK-LIGHTED,01 CLEAR,02 WET,04 DOWNHILL,1 STRAIGHT,"TWO-WAY, DIVIDED, UNPROTECTED","TWO-WAY, DIVIDED, UNPROTECTED",NO CONTROLS,NO CONTROLS,6,"RD SURFC (WET, ICY, SNOW, ETC)",NOT CODED,NOT CODED,WEATHER CONDITIONS,NOT CODED,NOT CODED,14 MOTOR VEHICLE IN TRANSPORT,"04 SIDESWIPE, SAME DIRECTION",01 STRAIGHT AHEAD,SWERVED OR AVOIDED:  DUE TO WI,NO CONTRIBUTING ACTION,00 NOT CODED,00 NOT CODED,00 NOT CODED,00 NOT CODED,01 NO,1,0,0,0,2,0,2,3,N,N,N,N,Y,N,N,N,N,N,N,N,N,N,N,Y,N,N,N,N,N,Y,N,Y,N,N,26.13795831,-80.1071076,589256.1846,2891268.394,R,,ARBM15Q1R2,28-Feb-22,1594978,-8917482.723,3016178.321
2.01787E+12,2017,869452330,3.41705E+11,COUNTY SHERIFF'S OFFICE,04 FOURTH,BROWARD,4-May-17,1714,FRIDAY,8638 FT. LAUDERDALE,1038,Y,NE 20TH AVE,NE 9TH PL,0.019,N,0,0,26.136587,-80.11951,86000447,0.481,,,,L LEFT,1 THRU LANE 1,S SOUTH,,05 LOCAL,01 NON-JUNCTION,01 ON ROADWAY,01 NOT AT INTERSECTION,03 CURB,0,31-Dec-00,,,,0,,0,,0,,,RCI,0,,,1 NO INJURY,33 Q/C VERIFIED AS OFF-SYSTEM,0 NO,01 NOT AT INTERSECTION/RRX/BRIDGE,01 DAYLIGHT,02 CLOUDY,01 DRY,01 LEVEL,1 STRAIGHT,"TWO-WAY, NOT DIVIDED","TWO-WAY, NOT DIVIDED",NO CONTROLS,NO CONTROLS,,NONE,NOT CODED,NOT CODED,NONE,NOT CODED,NOT CODED,14 MOTOR VEHICLE IN TRANSPORT,01 FRONT TO REAR,01 STRAIGHT AHEAD,FOLLOWED TOO CLOSELY,NO CONTRIBUTING ACTION,00 NOT CODED,00 NOT CODED,00 NOT CODED,00 NOT CODED,01 NO,0,0,0,0,2,0,2,2,N,N,N,N,N,N,N,N,N,N,N,N,N,N,N,N,N,N,N,N,N,N,N,N,N,N,26.13658672,-80.1195084,588017.531,2891108.033,C,U,ARBM15Q1R2,28-Feb-22,1594979,-8918863.175,3016008.244
2.01787E+12,2017,869452390,3.41705E+11,COUNTY SHERIFF'S OFFICE,04 FOURTH,BROWARD,4-May-17,2143,FRIDAY,8638 FT. LAUDERDALE,1038,Y,3RD AVE SE,BROWARD BLVD E,0.002,S,0,0,26.1222671,-80.1406489,86006000,6.955,481,SR 842,,S SIDE RD RIGHT,1 THRU LANE 1,N NORTH,30 URBAN 6+LN 2WY DIVD RASD,05 LOCAL,01 NON-JUNCTION,01 ON ROADWAY,01 NOT AT INTERSECTION,01 PAVED,40,19-Jun-17,14 URBAN PRIN ART OTHER,33,PAVED,3,CURB&GUTTER,2,,0,16,33000,RCI,2.9,,35,2 POSSIBLE INJURY,31 Q/C COMPLETED - LOC VERIFIED,0 NO,03 INFLUENCED BY INTERSECTION,04 DARK-LIGHTED,01 CLEAR,01 DRY,01 LEVEL,1 STRAIGHT,"TWO-WAY, DIVIDED, UNPROTECTED","TWO-WAY, DIVIDED, UNPROTECTED",TRAFFIC CONTROL SIGNAL,TRAFFIC CONTROL SIGNAL,6,NONE,NONE,NOT CODED,NONE,NOT CODED,NOT CODED,14 MOTOR VEHICLE IN TRANSPORT,01 FRONT TO REAR,01 STRAIGHT AHEAD,NO CONTRIBUTING ACTION,NO CONTRIBUTING ACTION,00 NOT CODED,00 NOT CODED,00 NOT CODED,00 NOT CODED,01 NO,1,0,0,0,2,0,2,2,N,N,N,Y,N,N,N,N,N,N,N,N,N,N,N,N,N,N,N,N,N,Y,Y,N,N,N,26.12227522,-80.14059716,585919.7858,2889508.885,R,,ARBM15Q1R2,28-Feb-22,1594980,-8921210.765,3014233.744
2.01787E+12,2017,869452410,3.41705E+11,COUNTY SHERIFF'S OFFICE,04 FOURTH,BROWARD,4-May-17,2336,FRIDAY,8638 FT. LAUDERDALE,1038,Y,SW 2ND ST,S ANDREWS AVE,0.038,W,0,0,26.120533,-80.144059,86000148,0.576,,,,L LEFT,1 THRU LANE 1,W WEST,,05 LOCAL,01 NON-JUNCTION,01 ON ROADWAY,01 NOT AT INTERSECTION,01 PAVED,0,31-Dec-00,,,,0,,0,,0,,,RCI,0,,,1 NO INJURY,33 Q/C VERIFIED AS OFF-SYSTEM,0 NO,01 NOT AT INTERSECTION/RRX/BRIDGE,04 DARK-LIGHTED,01 CLEAR,01 DRY,01 LEVEL,1 STRAIGHT,"TWO-WAY, NOT DIVIDED","TWO-WAY, NOT DIVIDED",NO CONTROLS,NO CONTROLS,,NONE,NOT CODED,NOT CODED,NONE,NOT CODED,NOT CODED,14 MOTOR VEHICLE IN TRANSPORT,01 FRONT TO REAR,01 STRAIGHT AHEAD,FOLLOWED TOO CLOSELY,NO CONTRIBUTING ACTION,00 NOT CODED,00 NOT CODED,00 NOT CODED,00 NOT CODED,01 NO,0,0,0,0,3,0,3,3,N,N,N,N,N,N,N,N,N,N,Y,N,N,N,N,N,N,N,N,N,N,N,N,N,N,N,26.12053368,-80.14405902,585574.9352,2889313.723,C,U,ARBM15Q1R2,28-Feb-22,1594981,-8921596.138,3014017.823
2.01787E+12,2017,869453880,3.41705E+11,COUNTY SHERIFF'S OFFICE,04 FOURTH,BROWARD,8-May-17,1715,TUESDAY,8638 FT. LAUDERDALE,1038,Y,OCEAN BLVD N,30TH ST NE,0.009,S,0,0,26.1651976,-80.1007311,86050000,5.22,784,SR A1A,,R RIGHT,U UNKNOWN,N NORTH,20 URBAN 4-5LN 2WY DIVD RASD,03 STATE,01 NON-JUNCTION,01 ON ROADWAY,01 NOT AT INTERSECTION,03 CURB,37,15-Jun-15,16 URBAN MINOR ART,20,PAVED,4,CURB&GUTTER,2,,0,18,19000,RCI,2.3,,35,1 NO INJURY,31 Q/C COMPLETED - LOC VERIFIED,0 NO,03 INFLUENCED BY INTERSECTION,01 DAYLIGHT,01 CLEAR,01 DRY,01 LEVEL,1 STRAIGHT,"TWO-WAY, DIVIDED, POSITIVE MED","TWO-WAY, DIVIDED, POSITIVE MED",NO CONTROLS,NO CONTROLS,4,NONE,NOT CODED,NOT CODED,NONE,NOT CODED,NOT CODED,14 MOTOR VEHICLE IN TRANSPORT,"04 SIDESWIPE, SAME DIRECTION",77 OTHER (SEE NARRATIVE),OTHER CONTRIBUTING ACTION,OTHER CONTRIBUTING ACTION,00 NOT CODED,00 NOT CODED,00 NOT CODED,00 NOT CODED,01 NO,0,0,0,0,2,0,2,3,N,N,N,Y,N,N,N,N,N,N,N,N,N,N,N,N,N,N,N,N,N,Y,N,N,N,Y,26.16520825,-80.10071355,589874.5046,2894290.85,R,,ARBM15Q1R2,28-Feb-22,1594991,-8916770.941,3019557.716
2.01787E+12,2017,869453930,3.41705E+11,COUNTY SHERIFF'S OFFICE,04 FOURTH,BROWARD,10-May-17,1100,THURSDAY,8638 FT. LAUDERDALE,1038,Y,OAKLAND PARK BLVD E,OCEAN BLVD,0.057,W,0,0,26.1674944,-80.1013189,86090000,9.663,7556,SR 816,,L LEFT,1 THRU LANE 1,W WEST,20 URBAN 4-5LN 2WY DIVD RASD,03 STATE,01 NON-JUNCTION,01 ON ROADWAY,01 NOT AT INTERSECTION,03 CURB,31,16-May-17,14 URBAN PRIN ART OTHER,21,CURB&GUTTER,2,,0,,0,4,28000,RCI,1.1,,35,1 NO INJURY,31 Q/C COMPLETED - LOC VERIFIED,0 NO,01 NOT AT INTERSECTION/RRX/BRIDGE,01 DAYLIGHT,01 CLEAR,01 DRY,00 NOT CODED,0 NOT CODED,NOT CODED,"TWO-WAY, DIVIDED, POSITIVE MED",NOT CODED,NO CONTROLS,4,NONE,NONE,NONE,NONE,NONE,NONE,14 MOTOR VEHICLE IN TRANSPORT,01 FRONT TO REAR,00 NOT CODED,NOT CODED,NO CONTRIBUTING ACTION,00 NOT CODED,00 NOT CODED,00 NOT CODED,00 NOT CODED,01 NO,0,0,0,0,1,0,2,1,N,N,N,N,N,N,N,N,N,N,N,N,N,N,N,N,N,N,N,N,N,N,N,N,N,N,26.16752714,-80.10126441,589817.6727,2894547.297,C,,ARBM15Q1R2,28-Feb-22,1594992,-8916832.263,3019845.33
2.01787E+12,2017,869455170,3.41705E+11,COUNTY SHERIFF'S OFFICE,04 FOURTH,BROWARD,13-May-17,1736,SUNDAY,8638 FT. LAUDERDALE,1038,Y,FEDERAL HWY S,2ND ST SE,0.006,S,0,0,26.1207341,-80.137194,86010000,10.213,1346,SR 5,US 1,R RIGHT,2 THRU LANE 2,N NORTH,20 URBAN 4-5LN 2WY DIVD RASD,05 LOCAL,01 NON-JUNCTION,01 ON ROADWAY,01 NOT AT INTERSECTION,03 CURB,35,19-Jun-17,14 URBAN PRIN ART OTHER,22,RAISED CURB,0,,0,,0,7,60000,RCI,3.6,,35,1 NO INJURY,31 Q/C COMPLETED - LOC VERIFIED,0 NO,03 INFLUENCED BY INTERSECTION,01 DAYLIGHT,01 CLEAR,01 DRY,04 DOWNHILL,1 STRAIGHT,"TWO-WAY, DIVIDED, POSITIVE MED","TWO-WAY, DIVIDED, POSITIVE MED",NO CONTROLS,NO CONTROLS,4,NONE,NOT CODED,NOT CODED,NONE,NOT CODED,NOT CODED,14 MOTOR VEHICLE IN TRANSPORT,01 FRONT TO REAR,01 STRAIGHT AHEAD,OTHER CONTRIBUTING ACTION,NO CONTRIBUTING ACTION,00 NOT CODED,00 NOT CODED,00 NOT CODED,00 NOT CODED,01 NO,0,0,0,0,2,0,2,3,N,N,N,Y,N,N,N,N,N,N,Y,N,N,N,N,N,N,N,N,N,Y,N,N,N,N,N,26.12077921,-80.13717714,586262.8207,2889345.46,R,,ARBM15Q1R2,28-Feb-22,1594993,-8920830.05,3014048.264
2.01787E+12,2017,869455190,3.41705E+11,COUNTY SHERIFF'S OFFICE,04 FOURTH,BROWARD,13-May-17,2003,SUNDAY,8638 FT. LAUDERDALE,1038,Y,SEABREEZE BLVD,HARBOR DR,0.004,E,0,0,26.1084909,-80.1070751,86180000,2.192,707,SR A1A,,L LEFT,2 THRU LANE 2,S SOUTH,21 URBAN 4-5LN 2WY DIVD PAVD,03 STATE,01 NON-JUNCTION,01 ON ROADWAY,01 NOT AT INTERSECTION,01 PAVED,46,9-Jul-17,16 URBAN MINOR ART,20,PAVED,4,CURB&GUTTER,2,,0,10,34000,RCI,3.1,,35,1 NO INJURY,31 Q/C COMPLETED - LOC VERIFIED,0 NO,03 INFLUENCED BY INTERSECTION,04 DARK-LIGHTED,01 CLEAR,01 DRY,01 LEVEL,1 STRAIGHT,"TWO-WAY, DIVIDED, UNPROTECTED","TWO-WAY, DIVIDED, UNPROTECTED",TRAFFIC CONTROL SIGNAL,TRAFFIC CONTROL SIGNAL,4,NONE,NOT CODED,NOT CODED,NONE,NOT CODED,NOT CODED,14 MOTOR VEHICLE IN TRANSPORT,01 FRONT TO REAR,01 STRAIGHT AHEAD,NOT CODED,NO CONTRIBUTING ACTION,00 NOT CODED,00 NOT CODED,00 NOT CODED,00 NOT CODED,01 NO,0,0,0,0,1,0,2,1,N,N,N,Y,N,N,N,N,N,N,N,N,N,N,N,N,N,N,N,N,N,N,N,N,N,N,26.10848517,-80.10707366,589281.978,2888004.154,C,,ARBM15Q1R2,28-Feb-22,1594995,-8917478.945,3012524.104
2.01787E+12,2017,869438070,3.41703E+11,COUNTY SHERIFF'S OFFICE,04 FOURTH,BROWARD,21-Mar-17,1747,WEDNESDAY,8638 FT. LAUDERDALE,1038,Y,9TH AVE NW,11TH ST NW,0,,0,0,26.1383454,-80.1539114,86065000,0.124,2623,SR 845,,I INTERSECTION,M MIDDLE,W WEST,20 URBAN 4-5LN 2WY DIVD RASD,03 STATE,02 INTERSECTION,01 ON ROADWAY,03 T-INTERSECTION,03 CURB,39,9-Jul-17,16 URBAN MINOR ART,22,PAVED WARN,11,CURB&GUTTER,2,,0,17,20200,RCI,5.5,,40,1 NO INJURY,31 Q/C COMPLETED - LOC VERIFIED,0 NO,02 AT INTERSECTION,01 DAYLIGHT,01 CLEAR,01 DRY,01 LEVEL,1 STRAIGHT,"TWO-WAY, NOT DIVIDED","TWO-WAY, DIVIDED, POSITIVE MED",STOP SIGN,NO CONTROLS,6,NONE,NOT CODED,NOT CODED,NONE,NOT CODED,NOT CODED,14 MOTOR VEHICLE IN TRANSPORT,03 ANGLE,01 STRAIGHT AHEAD,OTHER CONTRIBUTING ACTION,OTHER CONTRIBUTING ACTION,00 NOT CODED,00 NOT CODED,00 NOT CODED,00 NOT CODED,01 NO,0,0,0,0,2,0,2,2,N,N,N,Y,N,N,N,N,N,N,N,N,N,N,N,N,N,N,N,N,N,N,N,N,N,N,26.13827,-80.15388406,584579.8301,2891271.651,R,,ARBM15Q1R2,28-Feb-22,1595031,-8922689.857,3016216.971
2.01787E+12,2017,869438090,3.41703E+11,COUNTY SHERIFF'S OFFICE,04 FOURTH,BROWARD,21-Mar-17,1823,WEDNESDAY,8638 FT. LAUDERDALE,1038,Y,ATLANTIC BLVD N,14TH CT NE,0.005,S,0,0,26.1457985,-80.1018279,86050000,3.878,766,SR A1A,,L LEFT,1 THRU LANE 1,S SOUTH,11 URBAN 2-3LN 2WY DIVD PAVD,03 STATE,01 NON-JUNCTION,01 ON ROADWAY,01 NOT AT INTERSECTION,03 CURB,43,1-Aug-16,16 URBAN MINOR ART,11,PAVED,12,CURB&GUTTER,2,,0,11,17300,RCI,4.1,,30,1 NO INJURY,31 Q/C COMPLETED - LOC VERIFIED,0 NO,01 NOT AT INTERSECTION/RRX/BRIDGE,01 DAYLIGHT,01 CLEAR,01 DRY,01 LEVEL,1 STRAIGHT,"TWO-WAY, DIVIDED, POSITIVE MED","TWO-WAY, DIVIDED, POSITIVE MED",TRAFFIC CONTROL SIGNAL,TRAFFIC CONTROL SIGNAL,2,NONE,NOT CODED,NOT CODED,NONE,NOT CODED,NOT CODED,14 MOTOR VEHICLE IN TRANSPORT,01 FRONT TO REAR,01 STRAIGHT AHEAD,OTHER CONTRIBUTING ACTION,NO CONTRIBUTING ACTION,00 NOT CODED,00 NOT CODED,00 NOT CODED,00 NOT CODED,01 NO,0,0,0,0,2,0,2,2,N,N,N,N,N,N,N,N,N,N,N,N,N,N,N,N,N,N,N,N,Y,N,N,N,N,N,26.14580473,-80.10182072,589778.7001,2892141.058,C,,ARBM15Q1R2,28-Feb-22,1595032,-8916894.191,3017151.313