Crash Id,Calendar Year,FDOT Crash Number,Reporting Agency Case Number,Reporting Agency Type,FDOT Managing District,County Name,Crash Date,Crash Time,Day,DHSMV City,Crash Report City Code,In Town,On Roadway Name,Int Roadway Name,Reference Distance (Miles),Reference Direction,Officer Latitude,Officer Longitude,FDOT Latitude,FDOT Longitude,FDOT Roadway,Nearest Inventory MP,Nearest Node From Crash,State Road #,US Highway,Crash Side of Road,Accident Lane Number,Travel Direction Vehicle 1,FDOT Road Category,DHSMV Road System Id,Relation to Junction,Crash Harmful Event Location,Intersection Type,Shoulder Type,FDOT Roadway SKID Test Result,FDOT Roadway SKID Test Date,Functional Class,RCI Surface Width,RCI Shoulder Type First,RCI Shoulder Width First,RCI Shoulder Type Second,RCI Shoulder Width Second,RCI Shoulder Type Third,RCI Shoulder Width Third,RCI Median Width,Avg Daily Traffic,AADT Source,RCI Avg Per Truck Traffic,RCI Horiz Curve Condition,Posted Speed Limit,Highest Injury in Crash,CAR Status Code,Alcohols/Drug Involved,Site Location,Lighting,Weather,Road Surface,Roadway Grade,Roadway Alignment,Traffic Way Vehicle 1,Traffic Way Vehicle 2,Traffic Control Vehicle 1,Traffic Control Vehicle 2,Count of Lanes,Road Condition 1,Road Condition 2,Road Condition 3,Environment Condition 1,Environment Condition 2,Environment Condition 3,Crash Harmful Event,Manner of Collision,Vehicle Movement,Driver Action Vehicle 1,Driver Action Vehicle 2,Location Within Workzone,Type of Workzone,Workers Present in Workzone,Law Enforcement Present in Workzone,School Bus Related,Count of Nonfatal Injuries,Count of Traffic Fatalities,Count of Serious Injuries,Count of Pedestrians,Count of Drivers,Count of Bicyclists,Count of Vehicles,Count of Persons,Wrong Way,Workzone Inv,Commercial Vehicle Inv,Intersection Inv,Lane Departure,Speeding,Agressive Driving,Impaired Driver,Impaired Pedestrian,Impaired Bicyclist,Distracted Driver,Speeding or Aggressive Driving,Pedestrian Related,Bicyclist Related,Pedestrian or Bicyclist Related,Motorcycle Inv,No Belt,No Belt - Ages 1-4,No Belt - Ages 5-12,No Belt - Ages 13-17,Driver - Ages Teen,Driver - Ages 65 plus,Driver - Ages 65-69,Driver - Ages 70-74,Driver - Ages 75-79,Driver - Ages 80 plus,ARBM Latitude,ARBM Longitude,UTM Zone 17N X,UTM Zone 17N Y,ARBM Side of Road,Urban Rural Indicator,GIS Street Source,Extract Date,OBJECTID,x,y
2.01787E+12,2017,874050130,3.4171E+11,COUNTY SHERIFF'S OFFICE,04 FOURTH,BROWARD,12-Oct-17,810,FRIDAY,8638 FT. LAUDERDALE,1038,Y,SR 842,29TH AVE SW,0.019,W,0,0,26.1213389,-80.1834625,86006000,4.291,450,SR 842,,R RIGHT,2 THRU LANE 2,W WEST,30 URBAN 6+LN 2WY DIVD RASD,03 STATE,01 NON-JUNCTION,01 ON ROADWAY,01 NOT AT INTERSECTION,03 CURB,37,19-Jun-17,14 URBAN PRIN ART OTHER,33,CURB&GUTTER,2,,0,,0,17,41500,RCI,5.4,,40,1 NO INJURY,31 Q/C COMPLETED - LOC VERIFIED,0 NO,03 INFLUENCED BY INTERSECTION,01 DAYLIGHT,03 RAIN,02 WET,01 LEVEL,1 STRAIGHT,"TWO-WAY, DIVIDED, POSITIVE MED","TWO-WAY, DIVIDED, POSITIVE MED",NO CONTROLS,NO CONTROLS,6,NONE,NOT CODED,NOT CODED,NONE,NOT CODED,NOT CODED,14 MOTOR VEHICLE IN TRANSPORT,01 FRONT TO REAR,01 STRAIGHT AHEAD,OTHER CONTRIBUTING ACTION,OTHER CONTRIBUTING ACTION,00 NOT CODED,00 NOT CODED,00 NOT CODED,00 NOT CODED,01 NO,0,0,0,0,2,0,2,2,N,N,N,Y,N,N,N,N,N,N,N,N,N,N,N,N,N,N,N,N,N,N,N,N,N,N,26.12133395,-80.18346082,581634.9124,2889377.038,R,,ARBM15Q1R2,28-Feb-22,1671940,-8925982.328,3014117.041
2.01787E+12,2017,874062510,3.41711E+11,COUNTY SHERIFF'S OFFICE,04 FOURTH,BROWARD,21-Nov-17,1510,WEDNESDAY,8638 FT. LAUDERDALE,1038,Y,SUNRISE BLVD W,9TH AVE NW,0,,0,0,26.1365019,-80.1539208,86110000,7.05,3412,SR 838,,L LEFT,3 THRU LANE 3,W WEST,30 URBAN 6+LN 2WY DIVD RASD,03 STATE,02 INTERSECTION,01 ON ROADWAY,02 FOUR-WAY INTERSECTION,03 CURB,35,19-Jun-17,14 URBAN PRIN ART OTHER,32,PAVED,3,CURB&GUTTER,2,,0,16,53500,RCI,6.8,0D1400,40,3 NO-INCAPACITATING INJURY,31 Q/C COMPLETED - LOC VERIFIED,0 NO,02 AT INTERSECTION,01 DAYLIGHT,01 CLEAR,01 DRY,01 LEVEL,1 STRAIGHT,"TWO-WAY, DIVIDED, POSITIVE MED","TWO-WAY, DIVIDED, POSITIVE MED",TRAFFIC CONTROL SIGNAL,TRAFFIC CONTROL SIGNAL,6,NONE,NOT CODED,NOT CODED,NONE,NOT CODED,NOT CODED,14 MOTOR VEHICLE IN TRANSPORT,01 FRONT TO REAR,01 STRAIGHT AHEAD,OTHER CONTRIBUTING ACTION,NO CONTRIBUTING ACTION,00 NOT CODED,00 NOT CODED,00 NOT CODED,00 NOT CODED,01 NO,1,0,0,0,2,0,2,4,N,N,N,Y,N,N,N,N,N,N,N,N,N,N,N,N,N,N,N,N,N,N,N,N,N,N,26.13663015,-80.15364514,584604.8959,2891090.187,L,,ARBM15Q1R2,28-Feb-22,1672031,-8922663.261,3016013.629
2.01787E+12,2017,874062530,3.41711E+11,COUNTY SHERIFF'S OFFICE,04 FOURTH,BROWARD,21-Nov-17,1724,WEDNESDAY,8638 FT. LAUDERDALE,1038,Y,9TH AVE NW,58TH CT NW,0.009,N,0,0,26.1998951,-80.1555795,86065000,4.369,2646,SR 845,,M MEDIAN,M MIDDLE,S SOUTH,30 URBAN 6+LN 2WY DIVD RASD,03 STATE,01 NON-JUNCTION,04 MEDIAN,01 NOT AT INTERSECTION,03 CURB,33,6-Jul-15,14 URBAN PRIN ART OTHER,33,CURB&GUTTER,2,,0,,0,18,32500,RCI,4.7,,45,1 NO INJURY,31 Q/C COMPLETED - LOC VERIFIED,0 NO,03 INFLUENCED BY INTERSECTION,02 DUSK,01 CLEAR,01 DRY,01 LEVEL,1 STRAIGHT,"TWO-WAY, DIVIDED, POSITIVE MED",,NO CONTROLS,NOT CODED,6,NONE,NOT CODED,NOT CODED,NONE,NOT CODED,NOT CODED,30 CONCRETE TRAFFIC BARRIER,77 OTHER (SEE NARRATIVE),77 OTHER (SEE NARRATIVE),OTHER CONTRIBUTING ACTION,NOT CODED,00 NOT CODED,00 NOT CODED,00 NOT CODED,00 NOT CODED,01 NO,0,0,0,0,1,0,1,1,N,N,N,Y,N,N,N,N,N,N,N,N,N,N,N,N,N,N,N,N,N,N,N,N,N,N,26.19984339,-80.15556894,584367.069,2898090.035,R,,ARBM15Q1R2,28-Feb-22,1672032,-8922877.417,3023854.125
2.01787E+12,2017,874067850,3.41712E+11,COUNTY SHERIFF'S OFFICE,04 FOURTH,BROWARD,10-Dec-17,1115,MONDAY,8638 FT. LAUDERDALE,1038,Y,DAVIE BLVD,15TH AVE SW,0.038,E,0,0,26.1071663,-80.1608271,86210000,2.535,372,SR 736,,L LEFT,1 THRU LANE 1,W WEST,21 URBAN 4-5LN 2WY DIVD PAVD,03 STATE,01 NON-JUNCTION,01 ON ROADWAY,01 NOT AT INTERSECTION,03 CURB,31,17-Jun-15,16 URBAN MINOR ART,23,CURB&GUTTER,2,,0,,0,13,42500,RCI,5.8,,40,2 POSSIBLE INJURY,31 Q/C COMPLETED - LOC VERIFIED,0 NO,03 INFLUENCED BY INTERSECTION,01 DAYLIGHT,01 CLEAR,01 DRY,03 UPHILL,1 STRAIGHT,"TWO-WAY, NOT DIVIDED","TWO-WAY, NOT DIVIDED",NO CONTROLS,NO CONTROLS,4,WORK ZONE (CONST/MNT/UTLTY)NTE,NOT CODED,NOT CODED,NONE,NOT CODED,NOT CODED,14 MOTOR VEHICLE IN TRANSPORT,01 FRONT TO REAR,01 STRAIGHT AHEAD,FOLLOWED TOO CLOSELY,NO CONTRIBUTING ACTION,03 TRANSITION AREA,01 LANE CLOSURE,02 YES,01 NO,01 NO,2,0,0,0,2,0,2,4,N,Y,N,Y,N,N,N,N,N,N,N,N,N,N,N,N,N,N,N,N,N,N,N,N,N,N,26.10718969,-80.16082487,583908.1785,2887824.921,C,,ARBM15Q1R2,28-Feb-22,1672033,-8923462.505,3012363.505
2.01787E+12,2017,874067860,3.41712E+11,COUNTY SHERIFF'S OFFICE,04 FOURTH,BROWARD,10-Dec-17,1003,MONDAY,8638 FT. LAUDERDALE,1038,Y,E CYPRESS CREEK RD,,0.002,E,0,0,26.203624,-80.137547,86530500,1.131,,,,L LEFT,3 THRU LANE 3,W WEST,,03 STATE,03 INTERSECTION-RELATED,01 ON ROADWAY,02 FOUR-WAY INTERSECTION,01 PAVED,0,31-Dec-00,,,,0,,0,,0,,,RCI,0,,,1 NO INJURY,33 Q/C VERIFIED AS OFF-SYSTEM,0 NO,03 INFLUENCED BY INTERSECTION,01 DAYLIGHT,01 CLEAR,01 DRY,01 LEVEL,1 STRAIGHT,"TWO-WAY, DIVIDED, POSITIVE MED","TWO-WAY, DIVIDED, POSITIVE MED",TRAFFIC CONTROL SIGNAL,TRAFFIC CONTROL SIGNAL,,NONE,NOT CODED,NOT CODED,NONE,NOT CODED,NOT CODED,14 MOTOR VEHICLE IN TRANSPORT,01 FRONT TO REAR,01 STRAIGHT AHEAD,FOLLOWED TOO CLOSELY,NO CONTRIBUTING ACTION,00 NOT CODED,00 NOT CODED,00 NOT CODED,00 NOT CODED,01 NO,0,0,0,0,2,0,2,2,N,N,N,Y,N,N,N,N,N,N,Y,N,N,N,N,N,N,N,N,N,N,Y,N,N,N,Y,26.20375202,-80.13753513,586166.032,2898534.784,L,U,ARBM15Q1R2,28-Feb-22,1672034,-8920869.902,3024339.062
2.01787E+12,2017,874069130,3.41712E+11,COUNTY SHERIFF'S OFFICE,04 FOURTH,BROWARD,13-Dec-17,2050,THURSDAY,8638 FT. LAUDERDALE,1038,Y,NW 19TH ST,NW 31ST AVE,0.019,E,0,0,26.150774,-80.186472,86570500,1.012,,,,L LEFT,1 THRU LANE 1,W WEST,,05 LOCAL,01 NON-JUNCTION,01 ON ROADWAY,01 NOT AT INTERSECTION,03 CURB,0,31-Dec-00,,,,0,,0,,0,,,RCI,0,,,1 NO INJURY,33 Q/C VERIFIED AS OFF-SYSTEM,0 NO,01 NOT AT INTERSECTION/RRX/BRIDGE,04 DARK-LIGHTED,01 CLEAR,01 DRY,01 LEVEL,1 STRAIGHT,"TWO-WAY, DIVIDED, UNPROTECTED","TWO-WAY, DIVIDED, UNPROTECTED",NO CONTROLS,NO CONTROLS,,NONE,NOT CODED,NOT CODED,NONE,NOT CODED,NOT CODED,14 MOTOR VEHICLE IN TRANSPORT,77 OTHER (SEE NARRATIVE),01 STRAIGHT AHEAD,OTHER CONTRIBUTING ACTION,NOT CODED,00 NOT CODED,00 NOT CODED,00 NOT CODED,00 NOT CODED,01 NO,0,0,0,0,1,0,2,2,N,N,N,N,N,N,N,N,N,N,N,N,N,N,N,N,N,N,N,N,N,N,N,N,N,N,26.15077696,-80.18647214,581313.441,2892636.044,C,U,ARBM15Q1R2,28-Feb-22,1672035,-8926317.546,3017767.924
2.01787E+12,2017,874053070,3.4171E+11,COUNTY SHERIFF'S OFFICE,04 FOURTH,BROWARD,23-Oct-17,1252,TUESDAY,8638 FT. LAUDERDALE,1038,Y,FEDERAL HWY N,59TH ST NE,0.028,N,0,0,26.2012292,-80.1093516,86020000,6.624,7403,SR 5,US 1,L LEFT,L LEFT TURN,S SOUTH,30 URBAN 6+LN 2WY DIVD RASD,02 U.S.,01 NON-JUNCTION,01 ON ROADWAY,01 NOT AT INTERSECTION,01 PAVED,38,2-Oct-16,14 URBAN PRIN ART OTHER,33,PAVED,3,CURB&GUTTER,2,,0,21,43000,RCI,6.1,1D0000,45,1 NO INJURY,31 Q/C COMPLETED - LOC VERIFIED,0 NO,01 NOT AT INTERSECTION/RRX/BRIDGE,01 DAYLIGHT,03 RAIN,02 WET,01 LEVEL,1 STRAIGHT,"TWO-WAY, DIVIDED, POSITIVE MED","TWO-WAY, DIVIDED, POSITIVE MED",NO CONTROLS,NO CONTROLS,6,NONE,NOT CODED,NOT CODED,WEATHER CONDITIONS,NOT CODED,NOT CODED,14 MOTOR VEHICLE IN TRANSPORT,01 FRONT TO REAR,13 STOPPED IN TRAFFIC,FOLLOWED TOO CLOSELY,NO CONTRIBUTING ACTION,00 NOT CODED,00 NOT CODED,00 NOT CODED,00 NOT CODED,01 NO,0,0,0,0,2,0,2,3,N,N,N,N,N,N,N,N,N,N,N,N,N,N,N,N,N,N,N,N,N,N,N,N,N,N,26.20130272,-80.1094906,588969.8666,2898282.44,L,,ARBM15Q1R2,28-Feb-22,1672047,-8917747.998,3024035.18
2.01787E+12,2017,874059250,3.41711E+11,COUNTY SHERIFF'S OFFICE,04 FOURTH,BROWARD,11-Nov-17,2001,SUNDAY,8638 FT. LAUDERDALE,1038,Y,FEDERAL HWY S,2ND ST SE,0.009,N,0,0,26.23009,-80.102706,86020000,8.667,1427,SR 5,US 1,L LEFT,2 THRU LANE 2,S SOUTH,30 URBAN 6+LN 2WY DIVD RASD,02 U.S.,02 INTERSECTION,01 ON ROADWAY,77 OTHER (SEE NARRATIVE),03 CURB,38,2-Oct-16,14 URBAN PRIN ART OTHER,35,CURB&GUTTER,2,,0,,0,21,42500,RCI,4.1,0D0700,45,3 NO-INCAPACITATING INJURY,31 Q/C COMPLETED - LOC VERIFIED,0 NO,02 AT INTERSECTION,04 DARK-LIGHTED,03 RAIN,02 WET,01 LEVEL,1 STRAIGHT,"TWO-WAY, DIVIDED, POSITIVE MED","TWO-WAY, DIVIDED, POSITIVE MED",NO CONTROLS,NO CONTROLS,6,"RD SURFC (WET, ICY, SNOW, ETC)",NOT CODED,NOT CODED,WEATHER CONDITIONS,NOT CODED,NOT CODED,14 MOTOR VEHICLE IN TRANSPORT,01 FRONT TO REAR,01 STRAIGHT AHEAD,SWERVED OR AVOIDED:  DUE TO WI,NO CONTRIBUTING ACTION,00 NOT CODED,00 NOT CODED,00 NOT CODED,00 NOT CODED,01 NO,1,0,0,0,2,0,2,2,N,N,N,Y,N,N,N,N,N,N,N,N,N,N,N,N,N,N,N,N,N,Y,N,Y,N,Y,26.2301534,-80.1028207,589614.1774,2901482.397,L,,ARBM15Q1R2,28-Feb-22,1672065,-8917005.509,3027615.061
2.01787E+12,2017,874060500,3.41711E+11,COUNTY SHERIFF'S OFFICE,04 FOURTH,BROWARD,15-Nov-17,1536,THURSDAY,8638 FT. LAUDERDALE,1038,Y,FEDERAL HWY N,65TH ST NE,0.019,S,0,0,26.2084298,-80.1075353,86020000,7.133,1412,SR 5,US 1,R RIGHT,1 THRU LANE 1,N NORTH,30 URBAN 6+LN 2WY DIVD RASD,02 U.S.,03 INTERSECTION-RELATED,01 ON ROADWAY,02 FOUR-WAY INTERSECTION,03 CURB,38,2-Oct-16,14 URBAN PRIN ART OTHER,33,PAVED,3,CURB&GUTTER,2,,0,21,40000,RCI,2.1,,45,1 NO INJURY,31 Q/C COMPLETED - LOC VERIFIED,0 NO,03 INFLUENCED BY INTERSECTION,02 DUSK,01 CLEAR,01 DRY,01 LEVEL,1 STRAIGHT,"TWO-WAY, DIVIDED, POSITIVE MED","TWO-WAY, DIVIDED, POSITIVE MED",TRAFFIC CONTROL SIGNAL,TRAFFIC CONTROL SIGNAL,6,NONE,NOT CODED,NOT CODED,NONE,NOT CODED,NOT CODED,14 MOTOR VEHICLE IN TRANSPORT,01 FRONT TO REAR,01 STRAIGHT AHEAD,FOLLOWED TOO CLOSELY,NO CONTRIBUTING ACTION,00 NOT CODED,00 NOT CODED,00 NOT CODED,00 NOT CODED,01 NO,0,0,0,0,2,0,2,4,N,N,N,Y,N,N,N,N,N,N,N,N,N,N,N,N,N,N,N,N,N,N,N,N,N,N,26.20838391,-80.10753635,589159.7289,2899068.059,R,,ARBM15Q1R2,28-Feb-22,1672066,-8917530.452,3024913.753
2.01787E+12,2017,874067150,3.41712E+11,COUNTY SHERIFF'S OFFICE,04 FOURTH,BROWARD,7-Dec-17,1719,FRIDAY,8638 FT. LAUDERDALE,1038,Y,W CYPRESS CREEK RD,N ANDREWS AVE,0.038,W,0,0,26.203256,-80.149414,86530500,0.394,,,,R RIGHT,3 THRU LANE 3,E EAST,,05 LOCAL,01 NON-JUNCTION,01 ON ROADWAY,01 NOT AT INTERSECTION,01 PAVED,0,31-Dec-00,,,,0,,0,,0,,,RCI,0,,,1 NO INJURY,33 Q/C VERIFIED AS OFF-SYSTEM,0 NO,01 NOT AT INTERSECTION/RRX/BRIDGE,04 DARK-LIGHTED,01 CLEAR,01 DRY,01 LEVEL,1 STRAIGHT,UNKNOWN,UNKNOWN,NO CONTROLS,NO CONTROLS,,NONE,NOT CODED,NOT CODED,NONE,NOT CODED,NOT CODED,09 OTHER NON-COLLISION,01 FRONT TO REAR,01 STRAIGHT AHEAD,NO CONTRIBUTING ACTION,NO CONTRIBUTING ACTION,00 NOT CODED,00 NOT CODED,00 NOT CODED,00 NOT CODED,01 NO,0,0,0,0,2,0,2,2,N,N,N,N,N,N,N,N,N,N,N,N,N,N,N,N,N,N,N,N,N,N,N,N,N,N,26.2032552,-80.149414,584979.5597,2898471.924,R,U,ARBM15Q1R2,28-Feb-22,1672067,-8922192.252,3024277.422
2.01787E+12,2017,874067180,3.41712E+11,COUNTY SHERIFF'S OFFICE,04 FOURTH,BROWARD,7-Dec-17,1917,FRIDAY,8638 FT. LAUDERDALE,1038,Y,NE 11TH AVE,N FLAGLER DR,0,E,0,0,26.142096,-80.132665,86A15932,0.336,,,,I INTERSECTION,M MIDDLE,S SOUTH,,05 LOCAL,02 INTERSECTION,01 ON ROADWAY,04 Y-INTERSECTION,01 PAVED,0,31-Dec-00,,,,0,,0,,0,,,RCI,0,,,1 NO INJURY,33 Q/C VERIFIED AS OFF-SYSTEM,0 NO,02 AT INTERSECTION,04 DARK-LIGHTED,02 CLOUDY,01 DRY,01 LEVEL,1 STRAIGHT,"TWO-WAY, NOT DIVIDED","TWO-WAY, NOT DIVIDED",STOP SIGN,NO CONTROLS,,NONE,NOT CODED,NOT CODED,NONE,NOT CODED,NOT CODED,14 MOTOR VEHICLE IN TRANSPORT,02 FRONT TO FRONT,01 STRAIGHT AHEAD,OTHER CONTRIBUTING ACTION,NO CONTRIBUTING ACTION,00 NOT CODED,00 NOT CODED,00 NOT CODED,00 NOT CODED,01 NO,0,0,0,0,2,0,2,2,N,N,N,Y,N,N,N,N,N,N,N,N,N,N,N,N,N,N,N,N,N,N,N,N,N,N,26.14209522,-80.13266733,586697.9798,2891709.28,C,U,ARBM15Q1R2,28-Feb-22,1672068,-8920328.02,3016691.308
2.01787E+12,2017,874061560,3.41711E+11,COUNTY SHERIFF'S OFFICE,04 FOURTH,BROWARD,18-Nov-17,2352,SUNDAY,8638 FT. LAUDERDALE,1038,Y,NW 21ST AVE,NW 22ND ST,0,W,0,0,26.15482,-80.170671,86000160,1.35,,,,I INTERSECTION,M MIDDLE,S SOUTH,,05 LOCAL,03 INTERSECTION-RELATED,01 ON ROADWAY,02 FOUR-WAY INTERSECTION,02 UNPAVED,0,31-Dec-00,,,,0,,0,,0,,,RCI,0,,,1 NO INJURY,33 Q/C VERIFIED AS OFF-SYSTEM,0 NO,03 INFLUENCED BY INTERSECTION,04 DARK-LIGHTED,01 CLEAR,01 DRY,01 LEVEL,1 STRAIGHT,"TWO-WAY, DIVIDED, UNPROTECTED","TWO-WAY, DIVIDED, UNPROTECTED",NO CONTROLS,NO CONTROLS,,NONE,NOT CODED,NOT CODED,NONE,NOT CODED,NOT CODED,14 MOTOR VEHICLE IN TRANSPORT,01 FRONT TO REAR,01 STRAIGHT AHEAD,NOT CODED,NO CONTRIBUTING ACTION,00 NOT CODED,00 NOT CODED,00 NOT CODED,00 NOT CODED,01 NO,0,0,0,0,1,0,2,1,N,N,N,Y,N,N,N,N,N,N,N,N,N,N,N,N,N,N,N,N,N,N,N,N,N,N,26.15482004,-80.17066737,582890.3635,2893093.81,C,U,ARBM15Q1R2,28-Feb-22,1672072,-8924558.167,3018269.331
2.01787E+12,2017,874062800,3.41711E+11,COUNTY SHERIFF'S OFFICE,04 FOURTH,BROWARD,20-Nov-17,910,TUESDAY,8638 FT. LAUDERDALE,1038,Y,NE 17TH TER,NE 13TH ST,0.048,S,0,0,26.14199,-80.125024,86A15984,0.314,,,,L LEFT,S SIDE OF ROAD,W WEST,,05 LOCAL,04 DRIVEWAY/ALLEY ACCESS RELATED,03 SHOULDER,01 NOT AT INTERSECTION,02 UNPAVED,0,31-Dec-00,,,,0,,0,,0,,,RCI,0,,,1 NO INJURY,33 Q/C VERIFIED AS OFF-SYSTEM,0 NO,04 DRIVEWAY ACCESS,01 DAYLIGHT,01 CLEAR,01 DRY,01 LEVEL,1 STRAIGHT,"TWO-WAY, NOT DIVIDED","TWO-WAY, NOT DIVIDED",NO CONTROLS,NO CONTROLS,,NONE,NONE,NOT CODED,NONE,NONE,NOT CODED,15 PARKED MOTOR VEHICLE,03 ANGLE,04 BACKING,IMPROPER BACKING,NOT CODED,00 NOT CODED,00 NOT CODED,00 NOT CODED,00 NOT CODED,01 NO,0,0,0,0,1,0,2,1,N,N,N,N,Y,N,N,N,N,N,N,N,N,N,N,N,N,N,N,N,N,Y,N,N,Y,N,26.14199002,-80.12502342,587462.174,2891702.748,C,U,ARBM15Q1R2,28-Feb-22,1672073,-8919477.105,3016678.263
2.01787E+12,2017,874062820,3.41711E+11,COUNTY SHERIFF'S OFFICE,04 FOURTH,BROWARD,23-Nov-17,1238,FRIDAY,8638 FT. LAUDERDALE,1038,Y,SR 84,15TH AVE SW,0.002,W,0,0,26.0903578,-80.1609171,86080000,18.187,2955,SR 84,,R RIGHT,1 THRU LANE 1,E EAST,30 URBAN 6+LN 2WY DIVD RASD,03 STATE,01 NON-JUNCTION,01 ON ROADWAY,01 NOT AT INTERSECTION,03 CURB,31,5-Jul-15,16 URBAN MINOR ART,44,CURB&GUTTER,2,,0,,0,81,63000,RCI,4.7,,45,1 NO INJURY,31 Q/C COMPLETED - LOC VERIFIED,0 NO,03 INFLUENCED BY INTERSECTION,01 DAYLIGHT,01 CLEAR,01 DRY,01 LEVEL,1 STRAIGHT,"TWO-WAY, DIVIDED, POSITIVE MED","TWO-WAY, DIVIDED, POSITIVE MED",NO CONTROLS,NO CONTROLS,8,NONE,NOT CODED,NOT CODED,NONE,NOT CODED,NOT CODED,14 MOTOR VEHICLE IN TRANSPORT,01 FRONT TO REAR,01 STRAIGHT AHEAD,OTHER CONTRIBUTING ACTION,NO CONTRIBUTING ACTION,00 NOT CODED,00 NOT CODED,00 NOT CODED,00 NOT CODED,01 NO,0,0,0,0,2,0,2,2,N,N,N,Y,N,N,N,N,N,N,N,N,N,N,N,N,N,N,N,N,N,N,N,N,N,N,26.09032715,-80.16088144,583914.555,2885957.316,R,,ARBM15Q1R2,28-Feb-22,1672074,-8923468.802,3010273.247
2.01787E+12,2017,874065520,3.41712E+11,COUNTY SHERIFF'S OFFICE,04 FOURTH,BROWARD,2-Dec-17,1725,SUNDAY,8638 FT. LAUDERDALE,1038,Y,SUNRISE BLVD W,ANDREWS AVE N,0.004,E,0,0,26.1367674,-80.1442028,86110000,7.654,414,SR 838,,L LEFT,3 THRU LANE 3,W WEST,30 URBAN 6+LN 2WY DIVD RASD,03 STATE,01 NON-JUNCTION,01 ON ROADWAY,01 NOT AT INTERSECTION,03 CURB,35,19-Jun-17,14 URBAN PRIN ART OTHER,32,PAVED,3,CURB&GUTTER,2,,0,16,46500,RCI,4.4,,40,1 NO INJURY,31 Q/C COMPLETED - LOC VERIFIED,0 NO,03 INFLUENCED BY INTERSECTION,02 DUSK,01 CLEAR,01 DRY,01 LEVEL,1 STRAIGHT,"TWO-WAY, DIVIDED, POSITIVE MED","TWO-WAY, DIVIDED, POSITIVE MED",TRAFFIC CONTROL SIGNAL,TRAFFIC CONTROL SIGNAL,6,NONE,NOT CODED,NOT CODED,NONE,NOT CODED,NOT CODED,14 MOTOR VEHICLE IN TRANSPORT,01 FRONT TO REAR,01 STRAIGHT AHEAD,NO CONTRIBUTING ACTION,NO CONTRIBUTING ACTION,00 NOT CODED,00 NOT CODED,00 NOT CODED,00 NOT CODED,01 NO,0,0,0,0,2,0,2,3,N,N,N,Y,N,N,N,N,N,N,N,N,N,N,N,N,N,N,N,N,N,N,N,N,N,N,26.13689202,-80.14389969,585578.9429,2891125.566,L,,ARBM15Q1R2,28-Feb-22,1672075,-8921578.401,3016046.101
2.01787E+12,2017,874065550,3.41712E+11,COUNTY SHERIFF'S OFFICE,04 FOURTH,BROWARD,2-Dec-17,1813,SUNDAY,8638 FT. LAUDERDALE,1038,Y,NE 13TH ST,NE 11TH AVE,0.004,W,0,0,26.142482,-80.132722,86024500,1.328,,,,R RIGHT,2 THRU LANE 2,E EAST,,01 INTERSTATE,01 NON-JUNCTION,01 ON ROADWAY,01 NOT AT INTERSECTION,03 CURB,0,31-Dec-00,,,,0,,0,,0,,,RCI,0,,,1 NO INJURY,33 Q/C VERIFIED AS OFF-SYSTEM,0 NO,01 NOT AT INTERSECTION/RRX/BRIDGE,01 DAYLIGHT,01 CLEAR,01 DRY,01 LEVEL,1 STRAIGHT,"TWO-WAY, DIVIDED, POSITIVE MED","TWO-WAY, DIVIDED, POSITIVE MED",NO CONTROLS,NO CONTROLS,,NONE,NOT CODED,NOT CODED,NONE,NOT CODED,NOT CODED,14 MOTOR VEHICLE IN TRANSPORT,03 ANGLE,05 TURNING RIGHT,OPERATED MV IN CARLESS OR NEGL,NO CONTRIBUTING ACTION,00 NOT CODED,00 NOT CODED,00 NOT CODED,00 NOT CODED,01 NO,0,0,0,0,2,0,2,2,N,N,N,N,N,N,N,N,N,N,N,N,N,N,N,N,N,N,N,N,N,N,N,N,N,N,26.14248323,-80.13272205,586692.2233,2891752.217,C,U,ARBM15Q1R2,28-Feb-22,1672076,-8920334.112,3016739.423
2.01787E+12,2017,874065560,3.41712E+11,COUNTY SHERIFF'S OFFICE,04 FOURTH,BROWARD,2-Dec-17,1737,SUNDAY,8638 FT. LAUDERDALE,1038,Y,CORDOVA RD,17TH ST SE,0.002,N,0,0,26.1003032,-80.1306895,86180000,0.378,693,SR A1A,,T SIDE RD LEFT,1 THRU LANE 1,S SOUTH,30 URBAN 6+LN 2WY DIVD RASD,05 LOCAL,01 NON-JUNCTION,01 ON ROADWAY,01 NOT AT INTERSECTION,03 CURB,34,6-Jul-15,16 URBAN MINOR ART,30,PAVED,4,CURB&GUTTER,2,,0,16,42500,RCI,3.7,,35,1 NO INJURY,31 Q/C COMPLETED - LOC VERIFIED,0 NO,02 AT INTERSECTION,04 DARK-LIGHTED,01 CLEAR,01 DRY,01 LEVEL,1 STRAIGHT,"TWO-WAY, NOT DIVIDED","TWO-WAY, NOT DIVIDED",TRAFFIC CONTROL SIGNAL,TRAFFIC CONTROL SIGNAL,6,NONE,NOT CODED,NOT CODED,NONE,NOT CODED,NOT CODED,14 MOTOR VEHICLE IN TRANSPORT,01 FRONT TO REAR,14 SLOWING,OTHER CONTRIBUTING ACTION,NO CONTRIBUTING ACTION,00 NOT CODED,00 NOT CODED,00 NOT CODED,00 NOT CODED,01 NO,0,0,0,0,2,0,2,3,N,N,N,Y,N,N,N,N,N,N,N,N,N,N,N,N,N,N,N,N,N,Y,N,N,Y,N,26.10042387,-80.13076462,586919.0117,2887095.307,L,,ARBM15Q1R2,28-Feb-22,1672077,-8920116.211,3011524.787