Crash Id,Calendar Year,FDOT Crash Number,Reporting Agency Case Number,Reporting Agency Type,FDOT Managing District,County Name,Crash Date,Crash Time,Day,DHSMV City,Crash Report City Code,In Town,On Roadway Name,Int Roadway Name,Reference Distance (Miles),Reference Direction,Officer Latitude,Officer Longitude,FDOT Latitude,FDOT Longitude,FDOT Roadway,Nearest Inventory MP,Nearest Node From Crash,State Road #,US Highway,Crash Side of Road,Accident Lane Number,Travel Direction Vehicle 1,FDOT Road Category,DHSMV Road System Id,Relation to Junction,Crash Harmful Event Location,Intersection Type,Shoulder Type,FDOT Roadway SKID Test Result,FDOT Roadway SKID Test Date,Functional Class,RCI Surface Width,RCI Shoulder Type First,RCI Shoulder Width First,RCI Shoulder Type Second,RCI Shoulder Width Second,RCI Shoulder Type Third,RCI Shoulder Width Third,RCI Median Width,Avg Daily Traffic,AADT Source,RCI Avg Per Truck Traffic,RCI Horiz Curve Condition,Posted Speed Limit,Highest Injury in Crash,CAR Status Code,Alcohols/Drug Involved,Site Location,Lighting,Weather,Road Surface,Roadway Grade,Roadway Alignment,Traffic Way Vehicle 1,Traffic Way Vehicle 2,Traffic Control Vehicle 1,Traffic Control Vehicle 2,Count of Lanes,Road Condition 1,Road Condition 2,Road Condition 3,Environment Condition 1,Environment Condition 2,Environment Condition 3,Crash Harmful Event,Manner of Collision,Vehicle Movement,Driver Action Vehicle 1,Driver Action Vehicle 2,Location Within Workzone,Type of Workzone,Workers Present in Workzone,Law Enforcement Present in Workzone,School Bus Related,Count of Nonfatal Injuries,Count of Traffic Fatalities,Count of Serious Injuries,Count of Pedestrians,Count of Drivers,Count of Bicyclists,Count of Vehicles,Count of Persons,Wrong Way,Workzone Inv,Commercial Vehicle Inv,Intersection Inv,Lane Departure,Speeding,Agressive Driving,Impaired Driver,Impaired Pedestrian,Impaired Bicyclist,Distracted Driver,Speeding or Aggressive Driving,Pedestrian Related,Bicyclist Related,Pedestrian or Bicyclist Related,Motorcycle Inv,No Belt,No Belt - Ages 1-4,No Belt - Ages 5-12,No Belt - Ages 13-17,Driver - Ages Teen,Driver - Ages 65 plus,Driver - Ages 65-69,Driver - Ages 70-74,Driver - Ages 75-79,Driver - Ages 80 plus,ARBM Latitude,ARBM Longitude,UTM Zone 17N X,UTM Zone 17N Y,ARBM Side of Road,Urban Rural Indicator,GIS Street Source,Extract Date,OBJECTID,x,y
2.01787E+12,2017,874059360,3.41711E+11,COUNTY SHERIFF'S OFFICE,04 FOURTH,BROWARD,12-Nov-17,930,MONDAY,8638 FT. LAUDERDALE,1038,Y,NW 62ND ST,NW 10TH TER,0.013,E,0,0,26.203234,-80.157593,86000223,0.861,,,,L LEFT,L LEFT TURN,W WEST,,05 LOCAL,03 INTERSECTION-RELATED,01 ON ROADWAY,03 T-INTERSECTION,03 CURB,0,31-Dec-00,,,,0,,0,,0,,,RCI,0,,,1 NO INJURY,33 Q/C VERIFIED AS OFF-SYSTEM,0 NO,03 INFLUENCED BY INTERSECTION,01 DAYLIGHT,02 CLOUDY,01 DRY,01 LEVEL,1 STRAIGHT,"TWO-WAY, DIVIDED, POSITIVE MED","TWO-WAY, DIVIDED, POSITIVE MED",TRAFFIC CONTROL SIGNAL,TRAFFIC CONTROL SIGNAL,,NONE,NOT CODED,NOT CODED,NONE,NOT CODED,NOT CODED,14 MOTOR VEHICLE IN TRANSPORT,01 FRONT TO REAR,01 STRAIGHT AHEAD,FOLLOWED TOO CLOSELY,NO CONTRIBUTING ACTION,00 NOT CODED,00 NOT CODED,00 NOT CODED,00 NOT CODED,01 NO,0,0,0,0,2,0,2,4,N,N,N,Y,N,N,N,N,N,N,N,N,N,N,N,N,N,N,N,N,N,Y,Y,N,N,N,26.20323116,-80.1575929,584162.4103,2898463.93,L,U,ARBM15Q1R2,28-Feb-22,1676391,-8923102.724,3024274.439
2.01787E+12,2017,874059410,3.41711E+11,COUNTY SHERIFF'S OFFICE,04 FOURTH,BROWARD,12-Nov-17,1115,MONDAY,8638 FT. LAUDERDALE,1038,Y,10TH AVE NW,SR 842,0.009,N,0,0,26.1220145,-80.1548884,86006000,6.069,467,SR 842,,T SIDE RD LEFT,1 THRU LANE 1,E EAST,30 URBAN 6+LN 2WY DIVD RASD,05 LOCAL,01 NON-JUNCTION,01 ON ROADWAY,01 NOT AT INTERSECTION,02 UNPAVED,40,19-Jun-17,14 URBAN PRIN ART OTHER,33,PAVED,3,CURB&GUTTER,2,,0,16,76000,RCI,4,,35,1 NO INJURY,31 Q/C COMPLETED - LOC VERIFIED,0 NO,04 DRIVEWAY ACCESS,01 DAYLIGHT,01 CLEAR,01 DRY,01 LEVEL,1 STRAIGHT,"TWO-WAY, NOT DIVIDED","TWO-WAY, NOT DIVIDED",NO CONTROLS,NO CONTROLS,6,NONE,NOT CODED,NOT CODED,NONE,NOT CODED,NOT CODED,14 MOTOR VEHICLE IN TRANSPORT,77 OTHER (SEE NARRATIVE),01 STRAIGHT AHEAD,NOT CODED,NO CONTRIBUTING ACTION,00 NOT CODED,00 NOT CODED,00 NOT CODED,00 NOT CODED,01 NO,0,0,0,0,1,0,2,1,N,N,Y,N,N,N,N,N,N,N,N,N,N,N,N,N,N,N,N,N,N,N,N,N,N,N,26.12213505,-80.15484537,584495.341,2889484.03,L,,ARBM15Q1R2,28-Feb-22,1676392,-8922796.869,3014216.365
2.01787E+12,2017,874072660,3.41712E+11,COUNTY SHERIFF'S OFFICE,04 FOURTH,BROWARD,24-Dec-17,2300,MONDAY,8638 FT. LAUDERDALE,1038,Y,SUNRISE BLVD W,10TH AVE NW L,0,,0,0,26.1364733,-80.1562712,86110000,6.904,401,SR 838,,L LEFT,3 THRU LANE 3,N NORTH,30 URBAN 6+LN 2WY DIVD RASD,03 STATE,02 INTERSECTION,01 ON ROADWAY,02 FOUR-WAY INTERSECTION,01 PAVED,35,19-Jun-17,14 URBAN PRIN ART OTHER,32,PAVED,3,CURB&GUTTER,2,,0,16,58000,RCI,7.7,0D1400,40,1 NO INJURY,31 Q/C COMPLETED - LOC VERIFIED,0 NO,02 AT INTERSECTION,04 DARK-LIGHTED,01 CLEAR,01 DRY,01 LEVEL,1 STRAIGHT,"TWO-WAY, DIVIDED, POSITIVE MED","TWO-WAY, DIVIDED, POSITIVE MED",OTHER (SEE NARRATIVE),NO CONTROLS,6,NONE,NOT CODED,NOT CODED,NONE,NOT CODED,NOT CODED,14 MOTOR VEHICLE IN TRANSPORT,01 FRONT TO REAR,03 TURNING LEFT,FAILED TO YIELD RIGHT-OF-WAY,NO CONTRIBUTING ACTION,00 NOT CODED,00 NOT CODED,00 NOT CODED,00 NOT CODED,01 NO,0,0,0,0,2,0,2,3,N,N,N,Y,N,N,N,N,N,N,N,N,N,N,N,N,N,N,N,N,N,N,N,N,N,N,26.13660172,-80.1560014,584369.3651,2891085.508,L,,ARBM15Q1R2,28-Feb-22,1676393,-8922925.558,3016010.105
2.01787E+12,2017,874072670,3.41712E+11,COUNTY SHERIFF'S OFFICE,04 FOURTH,BROWARD,24-Dec-17,2342,MONDAY,8638 FT. LAUDERDALE,1038,Y,N BIRCH RD,RIOMAR ST,0,N,0,0,26.129014,-80.105863,86A00249,0.514,,,,I INTERSECTION,M MIDDLE,E EAST,,05 LOCAL,01 NON-JUNCTION,01 ON ROADWAY,02 FOUR-WAY INTERSECTION,03 CURB,0,31-Dec-00,,,,0,,0,,0,,,RCI,0,,,1 NO INJURY,33 Q/C VERIFIED AS OFF-SYSTEM,0 NO,01 NOT AT INTERSECTION/RRX/BRIDGE,04 DARK-LIGHTED,02 CLOUDY,01 DRY,01 LEVEL,1 STRAIGHT,"TWO-WAY, NOT DIVIDED","TWO-WAY, NOT DIV, W/CONT LTURN",STOP SIGN,NO CONTROLS,,NONE,NOT CODED,NOT CODED,NONE,NOT CODED,NOT CODED,14 MOTOR VEHICLE IN TRANSPORT,03 ANGLE,01 STRAIGHT AHEAD,FAILED TO YIELD RIGHT-OF-WAY,NO CONTRIBUTING ACTION,00 NOT CODED,00 NOT CODED,00 NOT CODED,00 NOT CODED,01 NO,0,0,0,0,2,0,2,2,N,N,N,N,N,N,N,N,N,N,N,N,N,N,N,N,N,N,N,N,N,N,N,N,N,N,26.12901522,-80.10586734,589386.9798,2890278.763,C,U,ARBM15Q1R2,28-Feb-22,1676394,-8917344.658,3015069.418
2.01787E+12,2017,874072680,3.41712E+11,COUNTY SHERIFF'S OFFICE,04 FOURTH,BROWARD,24-Dec-17,2228,MONDAY,8638 FT. LAUDERDALE,1038,Y,3RD AVE SW R,BROWARD BLVD W,0.002,S,0,0,26.1221933,-80.1464827,86006000,6.592,474,SR 842,,S SIDE RD RIGHT,1 THRU LANE 1,N NORTH,30 URBAN 6+LN 2WY DIVD RASD,05 LOCAL,01 NON-JUNCTION,01 ON ROADWAY,03 T-INTERSECTION,01 PAVED,40,19-Jun-17,14 URBAN PRIN ART OTHER,33,PAVED,3,CURB&GUTTER,2,,0,16,46000,RCI,6.9,,35,0 UNKNOWN/NOT CODED,31 Q/C COMPLETED - LOC VERIFIED,0 NO,03 INFLUENCED BY INTERSECTION,06 DARK-UNKNOWN LIGHTING,01 CLEAR,01 DRY,01 LEVEL,1 STRAIGHT,UNKNOWN,"TWO-WAY, DIVIDED, UNPROTECTED",NO CONTROLS,NO CONTROLS,6,NONE,NOT CODED,NOT CODED,NONE,NOT CODED,NOT CODED,14 MOTOR VEHICLE IN TRANSPORT,01 FRONT TO REAR,01 STRAIGHT AHEAD,NOT CODED,NOT CODED,00 NOT CODED,00 NOT CODED,00 NOT CODED,00 NOT CODED,01 NO,0,0,0,0,0,0,2,0,N,N,N,Y,N,N,N,N,N,N,N,N,N,N,N,N,N,N,N,N,N,N,N,N,N,N,26.12217592,-80.14643824,585335.8625,2889494.043,R,,ARBM15Q1R2,28-Feb-22,1676395,-8921860.991,3014221.432
2.01787E+12,2017,874072690,3.41712E+11,COUNTY SHERIFF'S OFFICE,04 FOURTH,BROWARD,25-Dec-17,144,TUESDAY,8638 FT. LAUDERDALE,1038,Y,SW 9TH AVE,SW 17TH ST,0.017,N,0,0,26.100196,-80.153144,86000125,1.034,,,,R RIGHT,S SIDE OF ROAD,S SOUTH,,05 LOCAL,01 NON-JUNCTION,01 ON ROADWAY,77 OTHER (SEE NARRATIVE),01 PAVED,0,31-Dec-00,,,,0,,0,,0,,,RCI,0,,,1 NO INJURY,33 Q/C VERIFIED AS OFF-SYSTEM,0 NO,01 NOT AT INTERSECTION/RRX/BRIDGE,04 DARK-LIGHTED,03 RAIN,02 WET,01 LEVEL,1 STRAIGHT,"TWO-WAY, NOT DIVIDED",,NO CONTROLS,NOT CODED,,"RD SURFC (WET, ICY, SNOW, ETC)",NOT CODED,NOT CODED,NONE,NOT CODED,NOT CODED,"36 OTHER POST, POLE, OR SUPPORT",77 OTHER (SEE NARRATIVE),05 TURNING RIGHT,IMPROPER TURN,NOT CODED,00 NOT CODED,00 NOT CODED,00 NOT CODED,00 NOT CODED,01 NO,0,0,0,0,1,0,1,1,N,N,N,N,Y,N,N,N,N,N,N,N,N,N,N,N,N,N,N,N,N,N,N,N,N,N,26.10019603,-80.15314172,584681.48,2887055.329,C,U,ARBM15Q1R2,28-Feb-22,1676396,-8922607.22,3011496.544
2.01787E+12,2017,874073950,3.41712E+11,COUNTY SHERIFF'S OFFICE,04 FOURTH,BROWARD,30-Dec-17,812,SUNDAY,8638 FT. LAUDERDALE,1038,Y,W SISTRUNK BLVD,NW 15TH WAY,0,E,0,0,26.129238,-80.163698,86000152,0.675,,,,I INTERSECTION,M MIDDLE,E EAST,,05 LOCAL,01 NON-JUNCTION,01 ON ROADWAY,03 T-INTERSECTION,03 CURB,0,31-Dec-00,,,,0,,0,,0,,,RCI,0,,,2 POSSIBLE INJURY,33 Q/C VERIFIED AS OFF-SYSTEM,0 NO,01 NOT AT INTERSECTION/RRX/BRIDGE,01 DAYLIGHT,01 CLEAR,01 DRY,01 LEVEL,1 STRAIGHT,"TWO-WAY, NOT DIVIDED","TWO-WAY, NOT DIVIDED",NO CONTROLS,NO CONTROLS,,NONE,NOT CODED,NOT CODED,NONE,NOT CODED,NOT CODED,14 MOTOR VEHICLE IN TRANSPORT,03 ANGLE,77 OTHER (SEE NARRATIVE),OTHER CONTRIBUTING ACTION,OTHER CONTRIBUTING ACTION,00 NOT CODED,00 NOT CODED,00 NOT CODED,00 NOT CODED,01 NO,5,0,0,0,2,0,2,6,N,N,N,N,N,N,N,N,N,N,N,N,N,N,N,N,N,N,N,N,N,N,N,N,N,N,26.12923522,-80.16369732,583605.2632,2890264.677,C,U,ARBM15Q1R2,28-Feb-22,1676397,-8923782.264,3015096.696
2.01787E+12,2017,874073960,3.41712E+11,COUNTY SHERIFF'S OFFICE,04 FOURTH,BROWARD,30-Dec-17,1031,SUNDAY,8638 FT. LAUDERDALE,1038,Y,17TH ST SE,EISENHOWER BLVD,0,,0,0,26.1004453,-80.1244544,86180000,0.765,695,SR A1A,,I INTERSECTION,M MIDDLE,N NORTH,30 URBAN 6+LN 2WY DIVD RASD,05 LOCAL,02 INTERSECTION,01 ON ROADWAY,02 FOUR-WAY INTERSECTION,03 CURB,30,6-Jul-15,16 URBAN MINOR ART,30,PAVED,4,CURB&GUTTER,2,,0,16,42500,RCI,3.7,,35,1 NO INJURY,31 Q/C COMPLETED - LOC VERIFIED,0 NO,02 AT INTERSECTION,01 DAYLIGHT,01 CLEAR,01 DRY,01 LEVEL,1 STRAIGHT,ONE-WAY TRAFFICWAY,ONE-WAY TRAFFICWAY,TRAFFIC CONTROL SIGNAL,TRAFFIC CONTROL SIGNAL,6,NONE,NOT CODED,NOT CODED,NONE,NOT CODED,NOT CODED,14 MOTOR VEHICLE IN TRANSPORT,01 FRONT TO REAR,03 TURNING LEFT,OTHER CONTRIBUTING ACTION,NO CONTRIBUTING ACTION,00 NOT CODED,00 NOT CODED,00 NOT CODED,00 NOT CODED,01 NO,0,0,0,0,2,0,2,2,N,N,N,Y,N,N,N,N,N,N,N,N,N,N,N,N,N,N,N,N,N,N,N,N,N,N,26.10043412,-80.12452375,587543.088,2887100.623,R,,ARBM15Q1R2,28-Feb-22,1676398,-8919421.481,3011526.057
2.01787E+12,2017,874063410,3.41711E+11,COUNTY SHERIFF'S OFFICE,04 FOURTH,BROWARD,25-Nov-17,1640,SUNDAY,8638 FT. LAUDERDALE,1038,Y,FEDERAL HWY N,33RD CT NE,0.066,N,0,0,26.1705674,-80.11901,86020000,4.365,6620,SR 5,US 1,L LEFT,1 THRU LANE 1,S SOUTH,30 URBAN 6+LN 2WY DIVD RASD,02 U.S.,01 NON-JUNCTION,01 ON ROADWAY,01 NOT AT INTERSECTION,03 CURB,39,2-Oct-16,14 URBAN PRIN ART OTHER,33,PAVED,3,CURB&GUTTER,2,,0,21,43000,RCI,4.7,2D3900,45,1 NO INJURY,31 Q/C COMPLETED - LOC VERIFIED,0 NO,04 DRIVEWAY ACCESS,01 DAYLIGHT,01 CLEAR,01 DRY,01 LEVEL,1 STRAIGHT,"TWO-WAY, DIVIDED, UNPROTECTED","TWO-WAY, DIVIDED, UNPROTECTED",NO CONTROLS,NO CONTROLS,6,NONE,NOT CODED,NOT CODED,NONE,NOT CODED,NOT CODED,14 MOTOR VEHICLE IN TRANSPORT,"04 SIDESWIPE, SAME DIRECTION",06 CHANGING LANES,OPERATED MV IN CARLESS OR NEGL,NO CONTRIBUTING ACTION,00 NOT CODED,00 NOT CODED,00 NOT CODED,00 NOT CODED,01 NO,0,0,0,0,2,0,2,2,N,N,N,N,Y,N,N,N,N,N,N,N,N,N,N,N,N,N,N,N,N,Y,N,N,N,Y,26.17065415,-80.11918123,588024.6693,2894881.362,L,,ARBM15Q1R2,28-Feb-22,1676404,-8918826.754,3020233.183
2.01787E+12,2017,874064730,3.41712E+11,COUNTY SHERIFF'S OFFICE,04 FOURTH,BROWARD,30-Nov-17,838,FRIDAY,8638 FT. LAUDERDALE,1038,Y,SW 12TH CT,SW 6TH AVE,0.009,W,0,0,26.106479,-80.149269,86A17542,0.246,,,,L LEFT,1 THRU LANE 1,0,,05 LOCAL,01 NON-JUNCTION,01 ON ROADWAY,01 NOT AT INTERSECTION,02 UNPAVED,0,31-Dec-00,,,,0,,0,,0,,,RCI,0,,,1 NO INJURY,33 Q/C VERIFIED AS OFF-SYSTEM,0 NO,01 NOT AT INTERSECTION/RRX/BRIDGE,01 DAYLIGHT,01 CLEAR,01 DRY,01 LEVEL,1 STRAIGHT,"TWO-WAY, NOT DIVIDED","TWO-WAY, NOT DIVIDED",NO CONTROLS,NO CONTROLS,,NONE,NOT CODED,NOT CODED,NONE,NOT CODED,NOT CODED,15 PARKED MOTOR VEHICLE,03 ANGLE,08 PARKED,NOT CODED,OTHER CONTRIBUTING ACTION,00 NOT CODED,00 NOT CODED,00 NOT CODED,00 NOT CODED,01 NO,0,0,0,0,1,0,2,2,N,N,Y,N,Y,N,N,N,N,N,N,N,N,N,N,N,N,N,N,N,N,N,N,N,N,N,26.10648245,-80.14926908,585064.1932,2887754.092,C,U,ARBM15Q1R2,28-Feb-22,1676405,-8922176.119,3012275.831
2.01787E+12,2017,874070070,3.41712E+11,COUNTY SHERIFF'S OFFICE,04 FOURTH,BROWARD,17-Dec-17,1157,MONDAY,8638 FT. LAUDERDALE,1038,Y,OCEAN BLVD N,33RD ST NE,0.009,N,0,0,26.1691825,-80.1001249,86050000,5.5,786,SR A1A,,L LEFT,2 THRU LANE 2,S SOUTH,20 URBAN 4-5LN 2WY DIVD RASD,05 LOCAL,01 NON-JUNCTION,01 ON ROADWAY,01 NOT AT INTERSECTION,03 CURB,36,15-Jun-15,16 URBAN MINOR ART,24,PAVED,9,CURB&GUTTER,2,,0,16,24500,RCI,3.2,,35,1 NO INJURY,31 Q/C COMPLETED - LOC VERIFIED,0 NO,02 AT INTERSECTION,01 DAYLIGHT,01 CLEAR,01 DRY,01 LEVEL,1 STRAIGHT,ONE-WAY TRAFFICWAY,"TWO-WAY, DIVIDED, POSITIVE MED",NO CONTROLS,NO CONTROLS,4,NONE,NOT CODED,NOT CODED,NONE,NOT CODED,NOT CODED,14 MOTOR VEHICLE IN TRANSPORT,01 FRONT TO REAR,01 STRAIGHT AHEAD,FOLLOWED TOO CLOSELY,NO CONTRIBUTING ACTION,00 NOT CODED,00 NOT CODED,00 NOT CODED,00 NOT CODED,01 NO,0,0,0,0,2,0,3,2,N,N,N,Y,N,N,N,N,N,N,N,N,N,N,N,N,N,N,N,N,N,Y,Y,N,N,N,26.1692454,-80.10027461,589915.278,2894738.286,L,,ARBM15Q1R2,28-Feb-22,1676406,-8916722.079,3020058.45
2.01787E+12,2017,874070110,3.41712E+11,COUNTY SHERIFF'S OFFICE,04 FOURTH,BROWARD,17-Dec-17,1250,MONDAY,8638 FT. LAUDERDALE,1038,Y,SR 5,19TH ST NE,0.038,S,0,0,26.1518209,-80.1189805,86020000,2.994,1381,SR 5,US 1,R RIGHT,2 THRU LANE 2,N NORTH,30 URBAN 6+LN 2WY DIVD RASD,03 STATE,01 NON-JUNCTION,01 ON ROADWAY,01 NOT AT INTERSECTION,03 CURB,40,2-Oct-16,14 URBAN PRIN ART OTHER,33,PAVED,3,CURB&GUTTER,2,,0,21,54500,RCI,1.5,,45,1 NO INJURY,31 Q/C COMPLETED - LOC VERIFIED,0 NO,03 INFLUENCED BY INTERSECTION,01 DAYLIGHT,01 CLEAR,01 DRY,01 LEVEL,1 STRAIGHT,"TWO-WAY, DIVIDED, POSITIVE MED","TWO-WAY, DIVIDED, POSITIVE MED",NO CONTROLS,NO CONTROLS,6,NONE,NOT CODED,NOT CODED,NONE,NOT CODED,NOT CODED,14 MOTOR VEHICLE IN TRANSPORT,01 FRONT TO REAR,06 CHANGING LANES,OPERATED MV IN CARLESS OR NEGL,NO CONTRIBUTING ACTION,00 NOT CODED,00 NOT CODED,00 NOT CODED,00 NOT CODED,01 NO,0,0,0,0,2,0,2,2,N,N,N,Y,N,N,N,N,N,N,N,N,N,N,N,N,N,N,N,N,N,N,N,N,N,N,26.15175851,-80.11897861,588059.108,2892788.728,R,,ARBM15Q1R2,28-Feb-22,1676407,-8918804.199,3017889.652
2.01787E+12,2017,874041360,3.41709E+11,COUNTY SHERIFF'S OFFICE,04 FOURTH,BROWARD,11-Sep-17,2204,TUESDAY,8638 FT. LAUDERDALE,1038,Y,COMMERCIAL BLVD W,9TH AVE NW,0.009,E,0,0,26.1883718,-80.1550749,86014000,6.257,2159,SR 870,,L LEFT,R RIGHT TURN,E EAST,30 URBAN 6+LN 2WY DIVD RASD,03 STATE,01 NON-JUNCTION,01 ON ROADWAY,01 NOT AT INTERSECTION,01 PAVED,40,18-Jun-17,14 URBAN PRIN ART OTHER,36,CURB&GUTTER,2,,0,,0,27,61000,RCI,5,5D0000,45,1 NO INJURY,31 Q/C COMPLETED - LOC VERIFIED,0 NO,04 DRIVEWAY ACCESS,04 DARK-LIGHTED,01 CLEAR,01 DRY,01 LEVEL,1 STRAIGHT,"TWO-WAY, DIVIDED, POSITIVE MED","TWO-WAY, DIVIDED, POSITIVE MED",NO CONTROLS,NO CONTROLS,6,NONE,NOT CODED,NOT CODED,NONE,NOT CODED,NOT CODED,14 MOTOR VEHICLE IN TRANSPORT,03 ANGLE,05 TURNING RIGHT,OTHER CONTRIBUTING ACTION,NO CONTRIBUTING ACTION,00 NOT CODED,00 NOT CODED,00 NOT CODED,00 NOT CODED,01 NO,0,0,0,0,2,0,2,2,N,N,N,N,N,N,N,N,N,N,N,N,N,N,N,N,N,N,N,N,Y,N,N,N,N,N,26.18852562,-80.15509938,584422.1445,2896836.851,L,,ARBM15Q1R2,28-Feb-22,1676462,-8922825.146,3022450.041
2.01787E+12,2017,874043840,3.41709E+11,COUNTY SHERIFF'S OFFICE,04 FOURTH,BROWARD,20-Sep-17,1750,THURSDAY,8638 FT. LAUDERDALE,1038,Y,SR A1A,WINDAMAR ST,0.019,S,0,0,26.1301426,-80.1033338,86050000,2.794,759,SR A1A,,L LEFT,1 THRU LANE 1,S SOUTH,20 URBAN 4-5LN 2WY DIVD RASD,03 STATE,01 NON-JUNCTION,01 ON ROADWAY,01 NOT AT INTERSECTION,03 CURB,47,9-Jul-17,16 URBAN MINOR ART,21,PAVED,5,CURB&GUTTER,2,,0,14,25500,RCI,2,,30,1 NO INJURY,31 Q/C COMPLETED - LOC VERIFIED,0 NO,03 INFLUENCED BY INTERSECTION,01 DAYLIGHT,01 CLEAR,01 DRY,01 LEVEL,1 STRAIGHT,"TWO-WAY, NOT DIVIDED","TWO-WAY, NOT DIVIDED",NO CONTROLS,NO CONTROLS,4,NONE,NOT CODED,NOT CODED,NONE,NOT CODED,NOT CODED,14 MOTOR VEHICLE IN TRANSPORT,"04 SIDESWIPE, SAME DIRECTION",06 CHANGING LANES,IMPROPER TURN,NO CONTRIBUTING ACTION,00 NOT CODED,00 NOT CODED,00 NOT CODED,00 NOT CODED,01 NO,0,0,0,0,2,0,2,3,N,N,N,Y,N,N,N,N,N,N,N,N,N,N,N,N,N,N,N,N,N,N,N,N,N,N,26.13015,-80.10337191,589635.5958,2890406.161,C,,ARBM15Q1R2,28-Feb-22,1676471,-8917066.868,3015210.121
2.01787E+12,2017,874045170,3.41709E+11,COUNTY SHERIFF'S OFFICE,04 FOURTH,BROWARD,25-Sep-17,1559,TUESDAY,8638 FT. LAUDERDALE,1038,Y,NE 18TH AVE,NE 51ST ST,0,E,0,0,26.190882,-80.12268,86000177,0.514,,,,I INTERSECTION,M MIDDLE,E EAST,,05 LOCAL,02 INTERSECTION,01 ON ROADWAY,03 T-INTERSECTION,03 CURB,0,31-Dec-00,,,,0,,0,,0,,,RCI,0,,,2 POSSIBLE INJURY,33 Q/C VERIFIED AS OFF-SYSTEM,0 NO,02 AT INTERSECTION,01 DAYLIGHT,01 CLEAR,01 DRY,01 LEVEL,1 STRAIGHT,"TWO-WAY, NOT DIVIDED","TWO-WAY, DIVIDED, UNPROTECTED",STOP SIGN,NO CONTROLS,,NONE,NOT CODED,NOT CODED,NONE,NOT CODED,NOT CODED,14 MOTOR VEHICLE IN TRANSPORT,03 ANGLE,03 TURNING LEFT,FAILED TO YIELD RIGHT-OF-WAY,NO CONTRIBUTING ACTION,00 NOT CODED,00 NOT CODED,00 NOT CODED,00 NOT CODED,01 NO,1,0,0,0,2,0,2,2,N,N,N,Y,N,N,N,N,N,N,N,N,N,N,N,N,Y,N,N,N,N,Y,Y,N,N,N,26.19088206,-80.12267725,587660.1405,2897119.328,C,U,ARBM15Q1R2,28-Feb-22,1676472,-8919215.93,3022742.37
2.01787E+12,2017,874039900,3.41709E+11,COUNTY SHERIFF'S OFFICE,04 FOURTH,BROWARD,4-Sep-17,1526,TUESDAY,8638 FT. LAUDERDALE,1038,Y,SW 28TH AVE,SW 10TH ST,0,E,0,0,26.109631,-80.179525,86A17391,0.232,,SR 869,,I INTERSECTION,M MIDDLE,S SOUTH,,05 LOCAL,02 INTERSECTION,01 ON ROADWAY,02 FOUR-WAY INTERSECTION,02 UNPAVED,0,31-Dec-00,14 URBAN PRIN ART OTHER,,,0,,0,,0,,,RCI,0,,,1 NO INJURY,33 Q/C VERIFIED AS OFF-SYSTEM,0 NO,02 AT INTERSECTION,01 DAYLIGHT,02 CLOUDY,01 DRY,01 LEVEL,1 STRAIGHT,"TWO-WAY, NOT DIVIDED","TWO-WAY, NOT DIVIDED",STOP SIGN,NO CONTROLS,4,NONE,NOT CODED,NOT CODED,NONE,NOT CODED,NOT CODED,14 MOTOR VEHICLE IN TRANSPORT,77 OTHER (SEE NARRATIVE),01 STRAIGHT AHEAD,RAN RED LIGHT,NO CONTRIBUTING ACTION,00 NOT CODED,00 NOT CODED,00 NOT CODED,00 NOT CODED,01 NO,0,0,0,0,2,0,2,3,N,N,N,Y,N,N,N,N,N,N,N,N,N,N,N,N,N,N,N,N,N,N,N,N,N,N,26.10963097,-80.17952724,582036.3662,2888083.378,C,U,ARBM15Q1R2,28-Feb-22,1676473,-8925544.443,3012666.148
2.01787E+12,2017,874039910,3.41709E+11,COUNTY SHERIFF'S OFFICE,04 FOURTH,BROWARD,4-Sep-17,1522,TUESDAY,8638 FT. LAUDERDALE,1038,Y,NE 13TH ST,NE 9TH AVE,0.017,E,0,0,26.142422,-80.134616,86024500,1.211,,,,L LEFT,1 THRU LANE 1,W WEST,,05 LOCAL,01 NON-JUNCTION,01 ON ROADWAY,01 NOT AT INTERSECTION,01 PAVED,0,31-Dec-00,,,,0,,0,,0,,,RCI,0,,,1 NO INJURY,33 Q/C VERIFIED AS OFF-SYSTEM,0 NO,01 NOT AT INTERSECTION/RRX/BRIDGE,01 DAYLIGHT,02 CLOUDY,01 DRY,01 LEVEL,1 STRAIGHT,"TWO-WAY, NOT DIVIDED","TWO-WAY, NOT DIVIDED",NO CONTROLS,NO CONTROLS,,WORK ZONE (CONST/MNT/UTLTY)NTE,NOT CODED,NOT CODED,NONE,NOT CODED,NOT CODED,14 MOTOR VEHICLE IN TRANSPORT,01 FRONT TO REAR,01 STRAIGHT AHEAD,OTHER CONTRIBUTING ACTION,NO CONTRIBUTING ACTION,04 ACTIVITY AREA,04 INTERMITTENT OR MOVING WORK,02 YES,01 NO,01 NO,0,0,0,0,2,0,2,2,N,Y,N,N,N,N,N,N,N,N,Y,N,N,N,N,N,N,N,N,N,N,N,N,N,N,N,26.14242416,-80.13461609,586502.9315,2891744.414,C,U,ARBM15Q1R2,28-Feb-22,1676474,-8920544.955,3016732.099