Crash Id,Calendar Year,FDOT Crash Number,Reporting Agency Case Number,Reporting Agency Type,FDOT Managing District,County Name,Crash Date,Crash Time,Day,DHSMV City,Crash Report City Code,In Town,On Roadway Name,Int Roadway Name,Reference Distance (Miles),Reference Direction,Officer Latitude,Officer Longitude,FDOT Latitude,FDOT Longitude,FDOT Roadway,Nearest Inventory MP,Nearest Node From Crash,State Road #,US Highway,Crash Side of Road,Accident Lane Number,Travel Direction Vehicle 1,FDOT Road Category,DHSMV Road System Id,Relation to Junction,Crash Harmful Event Location,Intersection Type,Shoulder Type,FDOT Roadway SKID Test Result,FDOT Roadway SKID Test Date,Functional Class,RCI Surface Width,RCI Shoulder Type First,RCI Shoulder Width First,RCI Shoulder Type Second,RCI Shoulder Width Second,RCI Shoulder Type Third,RCI Shoulder Width Third,RCI Median Width,Avg Daily Traffic,AADT Source,RCI Avg Per Truck Traffic,RCI Horiz Curve Condition,Posted Speed Limit,Highest Injury in Crash,CAR Status Code,Alcohols/Drug Involved,Site Location,Lighting,Weather,Road Surface,Roadway Grade,Roadway Alignment,Traffic Way Vehicle 1,Traffic Way Vehicle 2,Traffic Control Vehicle 1,Traffic Control Vehicle 2,Count of Lanes,Road Condition 1,Road Condition 2,Road Condition 3,Environment Condition 1,Environment Condition 2,Environment Condition 3,Crash Harmful Event,Manner of Collision,Vehicle Movement,Driver Action Vehicle 1,Driver Action Vehicle 2,Location Within Workzone,Type of Workzone,Workers Present in Workzone,Law Enforcement Present in Workzone,School Bus Related,Count of Nonfatal Injuries,Count of Traffic Fatalities,Count of Serious Injuries,Count of Pedestrians,Count of Drivers,Count of Bicyclists,Count of Vehicles,Count of Persons,Wrong Way,Workzone Inv,Commercial Vehicle Inv,Intersection Inv,Lane Departure,Speeding,Agressive Driving,Impaired Driver,Impaired Pedestrian,Impaired Bicyclist,Distracted Driver,Speeding or Aggressive Driving,Pedestrian Related,Bicyclist Related,Pedestrian or Bicyclist Related,Motorcycle Inv,No Belt,No Belt - Ages 1-4,No Belt - Ages 5-12,No Belt - Ages 13-17,Driver - Ages Teen,Driver - Ages 65 plus,Driver - Ages 65-69,Driver - Ages 70-74,Driver - Ages 75-79,Driver - Ages 80 plus,ARBM Latitude,ARBM Longitude,UTM Zone 17N X,UTM Zone 17N Y,ARBM Side of Road,Urban Rural Indicator,GIS Street Source,Extract Date,OBJECTID,x,y
2.01787E+12,2017,874070640,3.41712E+11,COUNTY SHERIFF'S OFFICE,04 FOURTH,BROWARD,18-Dec-17,2336,TUESDAY,8638 FT. LAUDERDALE,1038,Y,NE 5TH TER,NE 5TH ST,0,E,0,0,26.127989,-80.137837,86A00956,,,,,I INTERSECTION,M MIDDLE,S SOUTH,,05 LOCAL,01 NON-JUNCTION,01 ON ROADWAY,01 NOT AT INTERSECTION,01 PAVED,0,31-Dec-00,,,,0,,0,,0,,,RCI,0,,,1 NO INJURY,33 Q/C VERIFIED AS OFF-SYSTEM,0 NO,01 NOT AT INTERSECTION/RRX/BRIDGE,04 DARK-LIGHTED,01 CLEAR,01 DRY,01 LEVEL,1 STRAIGHT,"TWO-WAY, NOT DIV, W/CONT LTURN","TWO-WAY, DIVIDED, UNPROTECTED",STOP SIGN,STOP SIGN,,NONE,NOT CODED,NOT CODED,NONE,NOT CODED,NOT CODED,14 MOTOR VEHICLE IN TRANSPORT,03 ANGLE,03 TURNING LEFT,FAILED TO YIELD RIGHT-OF-WAY,FAILED TO YIELD RIGHT-OF-WAY,00 NOT CODED,00 NOT CODED,00 NOT CODED,00 NOT CODED,01 NO,0,0,0,0,2,0,2,2,N,N,N,N,N,N,N,N,N,N,N,N,N,N,N,N,N,N,N,N,N,N,N,N,N,N,26.12798522,-80.13783733,586191.5252,2890143.112,C,U,ARBM15Q1R2,28-Feb-22,1678077,-8920903.542,3014941.708
2.01787E+12,2017,874057320,3.41711E+11,COUNTY SHERIFF'S OFFICE,04 FOURTH,BROWARD,5-Nov-17,830,MONDAY,8638 FT. LAUDERDALE,1038,Y,BROWARD BLVD W,28TH AVE SW,0.005,W,0,0,26.1214444,-80.179879,86006000,4.514,454,SR 842,,R RIGHT,2 THRU LANE 2,E EAST,30 URBAN 6+LN 2WY DIVD RASD,03 STATE,01 NON-JUNCTION,01 ON ROADWAY,01 NOT AT INTERSECTION,03 CURB,37,19-Jun-17,14 URBAN PRIN ART OTHER,33,CURB&GUTTER,2,,0,,0,17,41500,RCI,5.4,,40,1 NO INJURY,31 Q/C COMPLETED - LOC VERIFIED,0 NO,02 AT INTERSECTION,01 DAYLIGHT,03 RAIN,02 WET,01 LEVEL,1 STRAIGHT,"TWO-WAY, DIVIDED, UNPROTECTED","TWO-WAY, DIVIDED, UNPROTECTED",NO CONTROLS,NO CONTROLS,6,NONE,NOT CODED,NOT CODED,NONE,NOT CODED,NOT CODED,14 MOTOR VEHICLE IN TRANSPORT,01 FRONT TO REAR,01 STRAIGHT AHEAD,OTHER CONTRIBUTING ACTION,NO CONTRIBUTING ACTION,00 NOT CODED,00 NOT CODED,00 NOT CODED,00 NOT CODED,01 NO,0,0,0,0,2,0,2,2,N,N,N,Y,N,N,N,N,N,N,N,N,N,N,N,N,N,N,N,N,N,N,N,N,N,N,26.12143953,-80.17987257,581993.5952,2889390.988,R,,ARBM15Q1R2,28-Feb-22,1678078,-8925582.885,3014130.132
2.01787E+12,2017,874057340,3.41711E+11,COUNTY SHERIFF'S OFFICE,04 FOURTH,BROWARD,5-Nov-17,910,MONDAY,8638 FT. LAUDERDALE,1038,Y,SE 15TH AVE,SE 2ND CT,0.009,N,0,0,26.120256,-80.128582,86560000,0.063,,,,L LEFT,1 THRU LANE 1,S SOUTH,,05 LOCAL,01 NON-JUNCTION,01 ON ROADWAY,02 FOUR-WAY INTERSECTION,01 PAVED,0,31-Dec-00,,,,0,,0,,0,,,RCI,0,,,1 NO INJURY,33 Q/C VERIFIED AS OFF-SYSTEM,0 NO,01 NOT AT INTERSECTION/RRX/BRIDGE,01 DAYLIGHT,03 RAIN,02 WET,01 LEVEL,1 STRAIGHT,"TWO-WAY, DIVIDED, UNPROTECTED","TWO-WAY, DIVIDED, UNPROTECTED",NO CONTROLS,NO CONTROLS,,NONE,NOT CODED,NOT CODED,NONE,NOT CODED,NOT CODED,14 MOTOR VEHICLE IN TRANSPORT,01 FRONT TO REAR,01 STRAIGHT AHEAD,OTHER CONTRIBUTING ACTION,NO CONTRIBUTING ACTION,00 NOT CODED,00 NOT CODED,00 NOT CODED,00 NOT CODED,01 NO,0,0,0,0,2,0,2,2,N,N,N,N,N,N,N,N,N,N,Y,N,N,N,N,N,N,N,N,N,N,N,N,N,N,N,26.12025603,-80.12857921,587122.8485,2889293.244,C,U,ARBM15Q1R2,28-Feb-22,1678079,-8919872.932,3013983.399
2.01787E+12,2017,874058610,3.41711E+11,COUNTY SHERIFF'S OFFICE,04 FOURTH,BROWARD,9-Nov-17,1400,FRIDAY,8638 FT. LAUDERDALE,1038,Y,FEDERAL HWY S,22ND ST SE,0,,0,0,26.0947282,-80.1365604,86010000,8.42,1319,SR 5,US 1,L LEFT,1 THRU LANE 1,S SOUTH,30 URBAN 6+LN 2WY DIVD RASD,02 U.S.,01 NON-JUNCTION,01 ON ROADWAY,01 NOT AT INTERSECTION,03 CURB,38,19-Jun-17,14 URBAN PRIN ART OTHER,32,CURB&GUTTER,2,,0,,0,19,54000,RCI,4.4,,40,1 NO INJURY,31 Q/C COMPLETED - LOC VERIFIED,0 NO,02 AT INTERSECTION,01 DAYLIGHT,01 CLEAR,01 DRY,01 LEVEL,1 STRAIGHT,"TWO-WAY, DIVIDED, POSITIVE MED","TWO-WAY, DIVIDED, POSITIVE MED",NO CONTROLS,NO CONTROLS,6,NONE,NOT CODED,NOT CODED,NONE,NOT CODED,NOT CODED,14 MOTOR VEHICLE IN TRANSPORT,01 FRONT TO REAR,01 STRAIGHT AHEAD,OTHER CONTRIBUTING ACTION,NO CONTRIBUTING ACTION,00 NOT CODED,00 NOT CODED,00 NOT CODED,00 NOT CODED,01 NO,0,0,0,0,2,0,2,2,N,N,N,Y,N,N,N,N,N,N,N,N,N,N,N,N,N,N,N,N,N,Y,N,N,N,Y,26.09472143,-80.13668733,586330.9303,2886459.805,L,,ARBM15Q1R2,28-Feb-22,1678080,-8920775.525,3010817.927
2.01787E+12,2017,874065280,3.41712E+11,COUNTY SHERIFF'S OFFICE,04 FOURTH,BROWARD,1-Dec-17,2338,SATURDAY,8638 FT. LAUDERDALE,1038,Y,SR A1A,SEBASTIAN ST,0.004,N,0,0,26.1240847,-80.1047677,86050100,0.129,4684,SR A1A,,R RIGHT,1 THRU LANE 1,S SOUTH,40 URBAN ONE WAY,03 STATE,01 NON-JUNCTION,01 ON ROADWAY,01 NOT AT INTERSECTION,03 CURB,44,9-Jul-17,16 URBAN MINOR ART,21,CURB&GUTTER,2,CURB&GUTTER,2,,0,,13000,RCI,3.8,6D5500,30,1 NO INJURY,31 Q/C COMPLETED - LOC VERIFIED,0 NO,01 NOT AT INTERSECTION/RRX/BRIDGE,04 DARK-LIGHTED,01 CLEAR,01 DRY,01 LEVEL,1 STRAIGHT,ONE-WAY TRAFFICWAY,ONE-WAY TRAFFICWAY,NO CONTROLS,FLASHING SIGNAL,2,NONE,NOT CODED,NOT CODED,NONE,NOT CODED,NOT CODED,14 MOTOR VEHICLE IN TRANSPORT,01 FRONT TO REAR,01 STRAIGHT AHEAD,NOT CODED,NO CONTRIBUTING ACTION,00 NOT CODED,00 NOT CODED,00 NOT CODED,00 NOT CODED,01 NO,0,0,0,0,2,0,3,6,N,N,N,N,N,N,N,N,N,N,N,N,N,N,N,N,N,N,N,N,N,N,N,N,N,N,26.12416764,-80.10464757,589512.6219,2889742.712,O,,ARBM15Q1R2,28-Feb-22,1678081,-8917208.874,3014468.374
2.01787E+12,2017,874065330,3.41712E+11,COUNTY SHERIFF'S OFFICE,04 FOURTH,BROWARD,30-Nov-17,2128,FRIDAY,8638 FT. LAUDERDALE,1038,Y,COMMERCIAL BLVD W,12TH AVE NW,0,,0,0,26.1883273,-80.1592595,86014000,5.997,2327,SR 870,,R RIGHT,2 THRU LANE 2,E EAST,30 URBAN 6+LN 2WY DIVD RASD,03 STATE,01 NON-JUNCTION,01 ON ROADWAY,01 NOT AT INTERSECTION,03 CURB,40,18-Jun-17,14 URBAN PRIN ART OTHER,36,PAVED,4,CURB&GUTTER,2,,0,28,54500,RCI,4.1,,45,3 NO-INCAPACITATING INJURY,31 Q/C COMPLETED - LOC VERIFIED,1 ALC,02 AT INTERSECTION,04 DARK-LIGHTED,01 CLEAR,01 DRY,01 LEVEL,1 STRAIGHT,"TWO-WAY, DIVIDED, POSITIVE MED","TWO-WAY, DIVIDED, POSITIVE MED",NO CONTROLS,NO CONTROLS,6,NONE,NOT CODED,NOT CODED,NONE,NOT CODED,NOT CODED,14 MOTOR VEHICLE IN TRANSPORT,03 ANGLE,06 CHANGING LANES,OPERATED MV IN CARLESS OR NEGL,NO CONTRIBUTING ACTION,00 NOT CODED,00 NOT CODED,00 NOT CODED,00 NOT CODED,01 NO,1,0,0,0,4,0,5,4,N,N,N,Y,N,N,N,N,N,N,N,N,N,N,N,N,N,N,N,N,N,Y,Y,N,N,N,26.18829826,-80.15928871,584003.6935,2896808.953,R,,ARBM15Q1R2,28-Feb-22,1678082,-8923291.5,3022421.837
2.01787E+12,2017,874066560,3.41711E+11,COUNTY SHERIFF'S OFFICE,04 FOURTH,BROWARD,6-Dec-17,855,THURSDAY,8638 FT. LAUDERDALE,1038,Y,COMMERCIAL BLVD W,9TH AVE NW,0.002,W,0,0,26.1883808,-80.1552511,86014000,6.246,2159,SR 870,,R RIGHT,3 THRU LANE 3,E EAST,30 URBAN 6+LN 2WY DIVD RASD,03 STATE,01 NON-JUNCTION,01 ON ROADWAY,01 NOT AT INTERSECTION,03 CURB,40,18-Jun-17,14 URBAN PRIN ART OTHER,36,CURB&GUTTER,2,,0,,0,27,54500,RCI,4.1,,45,1 NO INJURY,31 Q/C COMPLETED - LOC VERIFIED,0 NO,02 AT INTERSECTION,01 DAYLIGHT,01 CLEAR,01 DRY,01 LEVEL,1 STRAIGHT,"TWO-WAY, DIVIDED, POSITIVE MED","TWO-WAY, DIVIDED, POSITIVE MED",TRAFFIC CONTROL SIGNAL,TRAFFIC CONTROL SIGNAL,6,NONE,NOT CODED,NOT CODED,NONE,NOT CODED,NOT CODED,14 MOTOR VEHICLE IN TRANSPORT,77 OTHER (SEE NARRATIVE),06 CHANGING LANES,OTHER CONTRIBUTING ACTION,NO CONTRIBUTING ACTION,00 NOT CODED,00 NOT CODED,00 NOT CODED,00 NOT CODED,01 NO,0,0,0,0,2,0,2,2,N,N,N,Y,N,N,N,N,N,N,N,N,N,N,N,N,N,N,N,N,N,Y,Y,N,N,N,26.18836115,-80.15527836,584404.3793,2896818.52,R,,ARBM15Q1R2,28-Feb-22,1678083,-8922845.07,3022429.639
2.01787E+12,2017,874071880,3.41712E+11,COUNTY SHERIFF'S OFFICE,04 FOURTH,BROWARD,22-Dec-17,1314,SATURDAY,8638 FT. LAUDERDALE,1038,Y,E LAS OLAS BLVD,SE 5TH AVE,0.002,W,0,0,26.119184,-80.138615,86000142,0.303,,,,L LEFT,1 THRU LANE 1,W WEST,,05 LOCAL,01 NON-JUNCTION,01 ON ROADWAY,01 NOT AT INTERSECTION,03 CURB,0,31-Dec-00,,,,0,,0,,0,,,RCI,0,,,0 UNKNOWN/NOT CODED,33 Q/C VERIFIED AS OFF-SYSTEM,0 NO,01 NOT AT INTERSECTION/RRX/BRIDGE,01 DAYLIGHT,01 CLEAR,01 DRY,01 LEVEL,1 STRAIGHT,"TWO-WAY, DIVIDED, POSITIVE MED","TWO-WAY, DIVIDED, POSITIVE MED",NO CONTROLS,NO CONTROLS,,NONE,NOT CODED,NOT CODED,NONE,NOT CODED,NOT CODED,14 MOTOR VEHICLE IN TRANSPORT,"04 SIDESWIPE, SAME DIRECTION",06 CHANGING LANES,NOT CODED,NOT CODED,00 NOT CODED,00 NOT CODED,00 NOT CODED,00 NOT CODED,01 NO,0,0,0,0,0,0,2,0,N,N,N,N,Y,N,N,N,N,N,N,N,N,N,N,N,N,N,N,N,N,N,N,N,N,N,26.11918442,-80.13861502,586120.2278,2889167.879,C,U,ARBM15Q1R2,28-Feb-22,1678084,-8920990.114,3013850.54
2.01787E+12,2017,874073210,3.41712E+11,COUNTY SHERIFF'S OFFICE,04 FOURTH,BROWARD,26-Dec-17,2307,WEDNESDAY,8638 FT. LAUDERDALE,1038,N,NW 62ND ST,HAWKINS RD,0,W,0,0,26.202427,-80.19562,86000042,3.699,,,,I INTERSECTION,M MIDDLE,W WEST,,05 LOCAL,01 NON-JUNCTION,01 ON ROADWAY,03 T-INTERSECTION,01 PAVED,0,31-Dec-00,,,,0,,0,,0,,,RCI,0,,,1 NO INJURY,33 Q/C VERIFIED AS OFF-SYSTEM,0 NO,01 NOT AT INTERSECTION/RRX/BRIDGE,04 DARK-LIGHTED,01 CLEAR,01 DRY,01 LEVEL,1 STRAIGHT,"TWO-WAY, DIVIDED, POSITIVE MED","TWO-WAY, DIVIDED, POSITIVE MED",TRAFFIC CONTROL SIGNAL,TRAFFIC CONTROL SIGNAL,,NONE,NOT CODED,NOT CODED,NONE,NOT CODED,NOT CODED,14 MOTOR VEHICLE IN TRANSPORT,03 ANGLE,01 STRAIGHT AHEAD,RAN RED LIGHT,NO CONTRIBUTING ACTION,00 NOT CODED,00 NOT CODED,00 NOT CODED,00 NOT CODED,01 NO,0,0,0,0,2,0,2,3,N,N,N,N,N,N,N,N,N,N,N,N,N,N,N,N,N,N,N,N,N,N,N,N,N,N,26.20242518,-80.19561998,580363.6334,2898350.555,L,U,ARBM15Q1R2,28-Feb-22,1678085,-8927335.88,3024174.442
2.01787E+12,2017,874079980,3.41712E+11,COUNTY SHERIFF'S OFFICE,04 FOURTH,BROWARD,4-Dec-17,800,TUESDAY,8638 FT. LAUDERDALE,1038,Y,FEDERAL HWY S,16TH ST SE,0.024,S,0,0,26.1017764,-80.1367512,86010000,8.906,7475,SR 5,US 1,M MEDIAN,M MIDDLE,N NORTH,30 URBAN 6+LN 2WY DIVD RASD,03 STATE,01 NON-JUNCTION,04 MEDIAN,01 NOT AT INTERSECTION,01 PAVED,43,19-Jun-17,14 URBAN PRIN ART OTHER,32,CURB&GUTTER,2,,0,,0,19,46500,RCI,3,,40,1 NO INJURY,31 Q/C COMPLETED - LOC VERIFIED,0 NO,01 NOT AT INTERSECTION/RRX/BRIDGE,01 DAYLIGHT,02 CLOUDY,02 WET,01 LEVEL,1 STRAIGHT,"TWO-WAY, DIVIDED, POSITIVE MED",,NO CONTROLS,NOT CODED,6,"RD SURFC (WET, ICY, SNOW, ETC)",NOT CODED,NOT CODED,WEATHER CONDITIONS,NOT CODED,NOT CODED,24 CURB,77 OTHER (SEE NARRATIVE),01 STRAIGHT AHEAD,OTHER CONTRIBUTING ACTION,NOT CODED,00 NOT CODED,00 NOT CODED,00 NOT CODED,00 NOT CODED,01 NO,0,0,0,0,1,0,1,1,N,N,N,N,Y,N,N,N,N,N,N,N,N,N,N,N,N,N,N,N,Y,N,N,N,N,N,26.10178554,-80.13673389,586321.0879,2887242.145,R,,ARBM15Q1R2,28-Feb-22,1678086,-8920780.708,3011693.581
2.01787E+12,2017,874080000,3.41712E+11,COUNTY SHERIFF'S OFFICE,04 FOURTH,BROWARD,14-Dec-17,1130,FRIDAY,8638 FT. LAUDERDALE,1038,Y,NE 3RD ST,9TH AVE,0.017,W,0,0,26.1253,-80.134588,86A08914,0.168,,,,R RIGHT,S SIDE OF ROAD,E EAST,,05 LOCAL,01 NON-JUNCTION,01 ON ROADWAY,02 FOUR-WAY INTERSECTION,02 UNPAVED,0,31-Dec-00,,,,0,,0,,0,,,RCI,0,,,1 NO INJURY,33 Q/C VERIFIED AS OFF-SYSTEM,0 NO,01 NOT AT INTERSECTION/RRX/BRIDGE,01 DAYLIGHT,01 CLEAR,01 DRY,01 LEVEL,1 STRAIGHT,"TWO-WAY, NOT DIVIDED","TWO-WAY, NOT DIVIDED",NO CONTROLS,NO CONTROLS,,NONE,NOT CODED,NOT CODED,NONE,NOT CODED,NOT CODED,15 PARKED MOTOR VEHICLE,77 OTHER (SEE NARRATIVE),03 TURNING LEFT,OTHER CONTRIBUTING ACTION,NOT CODED,00 NOT CODED,00 NOT CODED,00 NOT CODED,00 NOT CODED,01 NO,0,0,0,0,1,0,2,1,N,N,Y,N,Y,N,N,N,N,N,N,N,N,N,N,N,N,N,N,N,N,N,N,N,N,N,26.12530254,-80.13458803,586518.353,2889848.153,C,U,ARBM15Q1R2,28-Feb-22,1678087,-8920541.832,3014609.087
2.01787E+12,2017,874060040,3.41711E+11,COUNTY SHERIFF'S OFFICE,04 FOURTH,BROWARD,14-Nov-17,730,WEDNESDAY,8638 FT. LAUDERDALE,1038,Y,NW 5TH ST,NW 16TH AVE,0,E,0,0,26.127353,-80.164294,86A00925,0.26,,,,I INTERSECTION,M MIDDLE,N NORTH,,05 LOCAL,01 NON-JUNCTION,01 ON ROADWAY,02 FOUR-WAY INTERSECTION,01 PAVED,0,31-Dec-00,,,,0,,0,,0,,,RCI,0,,,1 NO INJURY,33 Q/C VERIFIED AS OFF-SYSTEM,0 NO,01 NOT AT INTERSECTION/RRX/BRIDGE,03 DAWN,03 RAIN,02 WET,01 LEVEL,1 STRAIGHT,"TWO-WAY, NOT DIVIDED","TWO-WAY, NOT DIVIDED",STOP SIGN,NO CONTROLS,,NONE,NOT CODED,NOT CODED,NONE,NOT CODED,NOT CODED,14 MOTOR VEHICLE IN TRANSPORT,03 ANGLE,01 STRAIGHT AHEAD,RAN STOP SIGN,NO CONTRIBUTING ACTION,00 NOT CODED,00 NOT CODED,00 NOT CODED,00 NOT CODED,01 NO,0,0,0,0,2,0,2,2,N,N,N,N,N,N,N,N,N,N,N,N,N,N,N,N,N,N,N,N,N,N,N,N,N,N,26.1273553,-80.16429407,583546.9409,2890056.086,C,U,ARBM15Q1R2,28-Feb-22,1678090,-8923848.694,3014863.605
2.01787E+12,2017,874061340,3.41711E+11,COUNTY SHERIFF'S OFFICE,04 FOURTH,BROWARD,18-Nov-17,658,SUNDAY,8638 FT. LAUDERDALE,1038,Y,E SUNRISE BLVD,NE 12TH AVE,0.004,E,0,0,26.137235,-80.13148,86020000,1.342,,,,L LEFT,2 THRU LANE 2,W WEST,,03 STATE,03 INTERSECTION-RELATED,01 ON ROADWAY,01 NOT AT INTERSECTION,03 CURB,0,31-Dec-00,,,,0,,0,,0,,,RCI,0,,,2 POSSIBLE INJURY,33 Q/C VERIFIED AS OFF-SYSTEM,0 NO,03 INFLUENCED BY INTERSECTION,01 DAYLIGHT,01 CLEAR,01 DRY,01 LEVEL,1 STRAIGHT,"TWO-WAY, DIVIDED, POSITIVE MED","TWO-WAY, DIVIDED, POSITIVE MED",TRAFFIC CONTROL SIGNAL,TRAFFIC CONTROL SIGNAL,,NONE,NOT CODED,NOT CODED,NONE,NOT CODED,NOT CODED,14 MOTOR VEHICLE IN TRANSPORT,01 FRONT TO REAR,01 STRAIGHT AHEAD,FOLLOWED TOO CLOSELY,NO CONTRIBUTING ACTION,00 NOT CODED,00 NOT CODED,00 NOT CODED,00 NOT CODED,01 NO,1,0,0,0,2,0,2,5,N,N,N,Y,N,N,N,N,N,N,N,N,N,N,N,N,N,N,N,N,N,N,N,N,N,N,26.13723705,-80.13148008,586820.2554,2891172.012,L,U,ARBM15Q1R2,28-Feb-22,1678091,-8920195.857,3016088.885
2.01787E+12,2017,874061400,3.41711E+11,COUNTY SHERIFF'S OFFICE,04 FOURTH,BROWARD,18-Nov-17,1240,SUNDAY,8638 FT. LAUDERDALE,1038,Y,S ANDREWS AVE,SW 22ND ST,0.004,S,0,0,26.094566,-80.14088,86033500,0.518,,,,L LEFT,2 THRU LANE 2,W WEST,,05 LOCAL,01 NON-JUNCTION,01 ON ROADWAY,01 NOT AT INTERSECTION,01 PAVED,0,31-Dec-00,,,,0,,0,,0,,,RCI,0,,,1 NO INJURY,33 Q/C VERIFIED AS OFF-SYSTEM,0 NO,01 NOT AT INTERSECTION/RRX/BRIDGE,01 DAYLIGHT,01 CLEAR,01 DRY,01 LEVEL,1 STRAIGHT,"TWO-WAY, DIVIDED, POSITIVE MED","TWO-WAY, DIVIDED, POSITIVE MED",NO CONTROLS,NO CONTROLS,,NONE,NOT CODED,NOT CODED,NONE,NOT CODED,NOT CODED,14 MOTOR VEHICLE IN TRANSPORT,77 OTHER (SEE NARRATIVE),01 STRAIGHT AHEAD,OTHER CONTRIBUTING ACTION,NO CONTRIBUTING ACTION,00 NOT CODED,00 NOT CODED,00 NOT CODED,00 NOT CODED,01 NO,0,0,0,0,2,0,2,2,N,N,N,N,N,N,N,N,N,N,N,N,N,N,N,N,N,N,N,N,N,Y,Y,N,N,N,26.09456644,-80.14087736,585912.0227,2886439.869,L,U,ARBM15Q1R2,28-Feb-22,1678092,-8921241.957,3010798.715
2.01787E+12,2017,874063740,3.41711E+11,COUNTY SHERIFF'S OFFICE,04 FOURTH,BROWARD,26-Nov-17,2210,MONDAY,8638 FT. LAUDERDALE,1038,Y,DAVIE BLVD,28TH AVE SW R,0.015,W,0,0,26.1061544,-80.1799409,86210000,1.343,4424,SR 736,,R RIGHT,1 THRU LANE 1,E EAST,20 URBAN 4-5LN 2WY DIVD RASD,05 LOCAL,01 NON-JUNCTION,01 ON ROADWAY,01 NOT AT INTERSECTION,01 PAVED,33,17-Jun-15,16 URBAN MINOR ART,22,PAVED,3,CURB&GUTTER,2,,0,12,29000,RCI,3.7,,40,0 UNKNOWN/NOT CODED,31 Q/C COMPLETED - LOC VERIFIED,0 NO,01 NOT AT INTERSECTION/RRX/BRIDGE,04 DARK-LIGHTED,01 CLEAR,01 DRY,01 LEVEL,1 STRAIGHT,"TWO-WAY, NOT DIVIDED",,NO CONTROLS,NOT CODED,4,NONE,NOT CODED,NOT CODED,NONE,NOT CODED,NOT CODED,14 MOTOR VEHICLE IN TRANSPORT,"04 SIDESWIPE, SAME DIRECTION",01 STRAIGHT AHEAD,NOT CODED,NOT CODED,00 NOT CODED,00 NOT CODED,00 NOT CODED,00 NOT CODED,01 NO,0,0,0,0,0,0,1,0,N,N,N,N,Y,N,N,N,N,N,N,N,N,N,N,N,N,N,N,N,N,N,N,N,N,N,26.10622387,-80.17994551,581996.9196,2887705.771,C,,ARBM15Q1R2,28-Feb-22,1678095,-8925591.005,3012243.775
2.01787E+12,2017,874065370,3.41712E+11,COUNTY SHERIFF'S OFFICE,04 FOURTH,BROWARD,2-Dec-17,915,SUNDAY,8638 FT. LAUDERDALE,1038,Y,N ANDREWS AVE,NE 4TH ST,0.038,N,0,0,26.126575,-80.143659,86033500,2.736,,,,L LEFT,S SIDE OF ROAD,0,,05 LOCAL,01 NON-JUNCTION,01 ON ROADWAY,01 NOT AT INTERSECTION,03 CURB,0,31-Dec-00,,,,0,,0,,0,,,RCI,0,,,2 POSSIBLE INJURY,33 Q/C VERIFIED AS OFF-SYSTEM,0 NO,01 NOT AT INTERSECTION/RRX/BRIDGE,01 DAYLIGHT,01 CLEAR,01 DRY,01 LEVEL,1 STRAIGHT,"TWO-WAY, DIVIDED, UNPROTECTED","TWO-WAY, DIVIDED, UNPROTECTED",NO CONTROLS,NO CONTROLS,,NONE,NOT CODED,NOT CODED,NONE,NOT CODED,NOT CODED,14 MOTOR VEHICLE IN TRANSPORT,77 OTHER (SEE NARRATIVE),77 OTHER (SEE NARRATIVE),OTHER CONTRIBUTING ACTION,OTHER CONTRIBUTING ACTION,00 NOT CODED,00 NOT CODED,00 NOT CODED,00 NOT CODED,01 NO,1,0,0,0,2,0,2,2,N,N,N,N,N,N,N,N,N,N,N,N,N,N,N,N,N,N,N,N,N,N,N,N,N,N,26.12657504,-80.14365769,585610.6573,2889983.086,C,U,ARBM15Q1R2,28-Feb-22,1678096,-8921551.462,3014766.861
2.01787E+12,2017,874070710,3.41712E+11,COUNTY SHERIFF'S OFFICE,04 FOURTH,BROWARD,19-Dec-17,833,WEDNESDAY,8638 FT. LAUDERDALE,1038,Y,NW 21ST AVE,NW 68TH ST,0.116,S,0,0,26.206772,-80.171658,86000466,0.279,,,,L LEFT,1 THRU LANE 1,S SOUTH,,05 LOCAL,01 NON-JUNCTION,01 ON ROADWAY,01 NOT AT INTERSECTION,01 PAVED,0,31-Dec-00,,,,0,,0,,0,,,RCI,0,,,1 NO INJURY,33 Q/C VERIFIED AS OFF-SYSTEM,0 NO,01 NOT AT INTERSECTION/RRX/BRIDGE,01 DAYLIGHT,01 CLEAR,01 DRY,01 LEVEL,1 STRAIGHT,"TWO-WAY, NOT DIVIDED","TWO-WAY, NOT DIVIDED",NO CONTROLS,NO CONTROLS,,NONE,NOT CODED,NOT CODED,NONE,NOT CODED,NOT CODED,14 MOTOR VEHICLE IN TRANSPORT,01 FRONT TO REAR,01 STRAIGHT AHEAD,OTHER CONTRIBUTING ACTION,NO CONTRIBUTING ACTION,00 NOT CODED,00 NOT CODED,00 NOT CODED,00 NOT CODED,01 NO,0,0,0,0,2,0,2,2,N,N,N,N,N,N,N,N,N,N,N,N,N,N,N,N,N,N,N,N,N,N,N,N,N,N,26.20677196,-80.17165945,582754.4985,2898847.039,C,U,ARBM15Q1R2,28-Feb-22,1678097,-8924668.605,3024713.752