Crash Id,Calendar Year,FDOT Crash Number,Reporting Agency Case Number,Reporting Agency Type,FDOT Managing District,County Name,Crash Date,Crash Time,Day,DHSMV City,Crash Report City Code,In Town,On Roadway Name,Int Roadway Name,Reference Distance (Miles),Reference Direction,Officer Latitude,Officer Longitude,FDOT Latitude,FDOT Longitude,FDOT Roadway,Nearest Inventory MP,Nearest Node From Crash,State Road #,US Highway,Crash Side of Road,Accident Lane Number,Travel Direction Vehicle 1,FDOT Road Category,DHSMV Road System Id,Relation to Junction,Crash Harmful Event Location,Intersection Type,Shoulder Type,FDOT Roadway SKID Test Result,FDOT Roadway SKID Test Date,Functional Class,RCI Surface Width,RCI Shoulder Type First,RCI Shoulder Width First,RCI Shoulder Type Second,RCI Shoulder Width Second,RCI Shoulder Type Third,RCI Shoulder Width Third,RCI Median Width,Avg Daily Traffic,AADT Source,RCI Avg Per Truck Traffic,RCI Horiz Curve Condition,Posted Speed Limit,Highest Injury in Crash,CAR Status Code,Alcohols/Drug Involved,Site Location,Lighting,Weather,Road Surface,Roadway Grade,Roadway Alignment,Traffic Way Vehicle 1,Traffic Way Vehicle 2,Traffic Control Vehicle 1,Traffic Control Vehicle 2,Count of Lanes,Road Condition 1,Road Condition 2,Road Condition 3,Environment Condition 1,Environment Condition 2,Environment Condition 3,Crash Harmful Event,Manner of Collision,Vehicle Movement,Driver Action Vehicle 1,Driver Action Vehicle 2,Location Within Workzone,Type of Workzone,Workers Present in Workzone,Law Enforcement Present in Workzone,School Bus Related,Count of Nonfatal Injuries,Count of Traffic Fatalities,Count of Serious Injuries,Count of Pedestrians,Count of Drivers,Count of Bicyclists,Count of Vehicles,Count of Persons,Wrong Way,Workzone Inv,Commercial Vehicle Inv,Intersection Inv,Lane Departure,Speeding,Agressive Driving,Impaired Driver,Impaired Pedestrian,Impaired Bicyclist,Distracted Driver,Speeding or Aggressive Driving,Pedestrian Related,Bicyclist Related,Pedestrian or Bicyclist Related,Motorcycle Inv,No Belt,No Belt - Ages 1-4,No Belt - Ages 5-12,No Belt - Ages 13-17,Driver - Ages Teen,Driver - Ages 65 plus,Driver - Ages 65-69,Driver - Ages 70-74,Driver - Ages 75-79,Driver - Ages 80 plus,ARBM Latitude,ARBM Longitude,UTM Zone 17N X,UTM Zone 17N Y,ARBM Side of Road,Urban Rural Indicator,GIS Street Source,Extract Date,OBJECTID,x,y
2.01787E+12,2017,874053000,3.4171E+11,COUNTY SHERIFF'S OFFICE,04 FOURTH,BROWARD,23-Oct-17,640,TUESDAY,8638 FT. LAUDERDALE,1038,Y,12TH ST SE,3RD AVE SE,0,,0,0,26.107601,-80.1399227,86210000,3.833,2842,SR 736,,L LEFT,2 THRU LANE 2,E EAST,21 URBAN 4-5LN 2WY DIVD PAVD,03 STATE,03 INTERSECTION-RELATED,01 ON ROADWAY,02 FOUR-WAY INTERSECTION,03 CURB,32,17-Jun-15,16 URBAN MINOR ART,24,CURB&GUTTER,2,,0,,0,13,16700,RCI,3.9,,35,1 NO INJURY,31 Q/C COMPLETED - LOC VERIFIED,0 NO,02 AT INTERSECTION,04 DARK-LIGHTED,01 CLEAR,01 DRY,01 LEVEL,1 STRAIGHT,"TWO-WAY, DIVIDED, UNPROTECTED","TWO-WAY, DIVIDED, UNPROTECTED",TRAFFIC CONTROL SIGNAL,TRAFFIC CONTROL SIGNAL,4,NONE,NOT CODED,NOT CODED,NONE,NOT CODED,NOT CODED,14 MOTOR VEHICLE IN TRANSPORT,03 ANGLE,03 TURNING LEFT,NOT CODED,NO CONTRIBUTING ACTION,00 NOT CODED,00 NOT CODED,00 NOT CODED,00 NOT CODED,01 NO,0,0,0,0,2,0,3,2,N,N,N,Y,N,N,N,N,N,N,N,N,N,N,N,N,N,N,N,N,N,Y,Y,N,N,N,26.10761808,-80.13992756,585997.4599,2887886.003,C,,ARBM15Q1R2,28-Feb-22,1679286,-8921136.225,3012416.612
2.01787E+12,2017,874053030,3.4171E+11,COUNTY SHERIFF'S OFFICE,04 FOURTH,BROWARD,23-Oct-17,100,TUESDAY,8638 FT. LAUDERDALE,1038,Y,NW 3RD ST,NW 14TH AVE,0.009,E,0,0,26.124275,-80.159358,86A16791,0.25,,,,L LEFT,S SIDE OF ROAD,W WEST,,05 LOCAL,01 NON-JUNCTION,02 OFF ROADWAY,01 NOT AT INTERSECTION,03 CURB,0,31-Dec-00,,,,0,,0,,0,,,RCI,0,,,0 UNKNOWN/NOT CODED,33 Q/C VERIFIED AS OFF-SYSTEM,0 NO,01 NOT AT INTERSECTION/RRX/BRIDGE,88 UNKNOWN,77 OTHER (SEE NARRATIVE),88 UNKNOWN,01 LEVEL,1 STRAIGHT,"TWO-WAY, NOT DIVIDED","TWO-WAY, NOT DIVIDED",NO CONTROLS,NO CONTROLS,,NONE,NOT CODED,NOT CODED,UNKNOWN,NOT CODED,NOT CODED,15 PARKED MOTOR VEHICLE,77 OTHER (SEE NARRATIVE),77 OTHER (SEE NARRATIVE),NOT CODED,NOT CODED,00 NOT CODED,00 NOT CODED,00 NOT CODED,00 NOT CODED,01 NO,0,0,0,0,0,0,2,0,N,N,N,N,Y,N,N,N,N,N,N,N,N,N,N,N,N,N,N,N,N,N,N,N,N,N,26.12427843,-80.15935809,584042.6225,2889718.493,C,U,ARBM15Q1R2,28-Feb-22,1679288,-8923299.223,3014482.112
2.01787E+12,2017,874043140,3.41709E+11,COUNTY SHERIFF'S OFFICE,04 FOURTH,BROWARD,18-Sep-17,1051,TUESDAY,8638 FT. LAUDERDALE,1038,Y,FEDERAL HWY N,5TH ST NE,0,,0,0,26.1280147,-80.1373812,86020000,0.385,1352,SR 5,US 1,R RIGHT,3 THRU LANE 3,E EAST,30 URBAN 6+LN 2WY DIVD RASD,02 U.S.,01 NON-JUNCTION,01 ON ROADWAY,77 OTHER (SEE NARRATIVE),03 CURB,37,1-Aug-16,14 URBAN PRIN ART OTHER,33,CURB&GUTTER,2,,0,,0,19,50000,RCI,3.7,,35,1 NO INJURY,31 Q/C COMPLETED - LOC VERIFIED,0 NO,02 AT INTERSECTION,01 DAYLIGHT,01 CLEAR,01 DRY,01 LEVEL,1 STRAIGHT,"TWO-WAY, DIVIDED, POSITIVE MED","TWO-WAY, DIVIDED, POSITIVE MED",NO CONTROLS,NO CONTROLS,6,NONE,NONE,NONE,NONE,NONE,NONE,14 MOTOR VEHICLE IN TRANSPORT,03 ANGLE,03 TURNING LEFT,NO CONTRIBUTING ACTION,NO CONTRIBUTING ACTION,00 NOT CODED,00 NOT CODED,00 NOT CODED,00 NOT CODED,01 NO,0,0,0,0,2,0,2,2,N,N,N,Y,N,N,N,N,N,N,N,N,N,N,N,N,N,N,N,N,N,Y,N,Y,N,N,26.12794432,-80.13735733,586239.5436,2890138.9,R,,ARBM15Q1R2,28-Feb-22,1679714,-8920850.109,3014936.637
2.01787E+12,2017,874043160,3.41709E+11,COUNTY SHERIFF'S OFFICE,04 FOURTH,BROWARD,18-Sep-17,1035,TUESDAY,8638 FT. LAUDERDALE,1038,Y,SUNRISE BLVD W,24TH AVE NW,0.095,E,0,0,26.1364439,-80.1729294,86110000,5.869,4578,SR 838,,R RIGHT,3 THRU LANE 3,E EAST,30 URBAN 6+LN 2WY DIVD RASD,03 STATE,01 NON-JUNCTION,01 ON ROADWAY,77 OTHER (SEE NARRATIVE),01 PAVED,38,19-Jun-17,14 URBAN PRIN ART OTHER,35,CURB&GUTTER,2,,0,,0,30,51000,RCI,5.6,,40,1 NO INJURY,31 Q/C COMPLETED - LOC VERIFIED,0 NO,01 NOT AT INTERSECTION/RRX/BRIDGE,01 DAYLIGHT,01 CLEAR,01 DRY,01 LEVEL,1 STRAIGHT,"TWO-WAY, DIVIDED, POSITIVE MED","TWO-WAY, DIVIDED, POSITIVE MED",TRAFFIC CONTROL SIGNAL,TRAFFIC CONTROL SIGNAL,6,NONE,NOT CODED,NOT CODED,NONE,NOT CODED,NOT CODED,14 MOTOR VEHICLE IN TRANSPORT,01 FRONT TO REAR,01 STRAIGHT AHEAD,NOT CODED,NO CONTRIBUTING ACTION,00 NOT CODED,00 NOT CODED,00 NOT CODED,00 NOT CODED,01 NO,0,0,0,0,1,0,2,2,N,N,N,N,N,N,N,N,N,N,N,N,N,N,N,N,N,N,N,N,N,N,N,N,N,N,26.13643508,-80.17269119,582701.0348,2891056.332,R,,ARBM15Q1R2,28-Feb-22,1679715,-8924783.457,3015989.441
2.01787E+12,2017,874035390,3.41708E+11,COUNTY SHERIFF'S OFFICE,04 FOURTH,BROWARD,19-Aug-17,2210,SUNDAY,8638 FT. LAUDERDALE,1038,Y,BROWARD BLVD W,31ST AVE SW,0.047,W,0,0,26.1212414,-80.1869668,86006000,4.073,3207,SR 842,,R RIGHT,2 THRU LANE 2,E EAST,30 URBAN 6+LN 2WY DIVD RASD,03 STATE,01 NON-JUNCTION,01 ON ROADWAY,01 NOT AT INTERSECTION,03 CURB,37,19-Jun-17,14 URBAN PRIN ART OTHER,33,CURB&GUTTER,2,,0,,0,16,42500,RCI,2.8,,40,1 NO INJURY,31 Q/C COMPLETED - LOC VERIFIED,0 NO,03 INFLUENCED BY INTERSECTION,04 DARK-LIGHTED,01 CLEAR,01 DRY,01 LEVEL,1 STRAIGHT,"TWO-WAY, DIVIDED, UNPROTECTED","TWO-WAY, DIVIDED, POSITIVE MED",NO CONTROLS,NO CONTROLS,6,NONE,NOT CODED,NOT CODED,NONE,NOT CODED,NOT CODED,14 MOTOR VEHICLE IN TRANSPORT,"04 SIDESWIPE, SAME DIRECTION",06 CHANGING LANES,OPERATED MV IN CARLESS OR NEGL,NO CONTRIBUTING ACTION,00 NOT CODED,00 NOT CODED,00 NOT CODED,00 NOT CODED,01 NO,0,0,0,0,2,0,2,2,N,N,N,Y,N,N,N,N,N,N,N,N,N,N,N,N,N,N,N,N,Y,N,N,N,N,N,26.12122821,-80.1869687,581284.2647,2889363.131,R,,ARBM15Q1R2,28-Feb-22,1679716,-8926372.823,3014103.932
2.01787E+12,2017,874035400,3.41708E+11,COUNTY SHERIFF'S OFFICE,04 FOURTH,BROWARD,19-Aug-17,2117,SUNDAY,8638 FT. LAUDERDALE,1038,Y,DAVIE BLVD,32ND AVE SW,0.038,W,0,0,26.1051295,-80.1881848,86210000,0.826,48,SR 736,,L LEFT,S SIDE OF ROAD,W WEST,20 URBAN 4-5LN 2WY DIVD RASD,03 STATE,01 NON-JUNCTION,02 OFF ROADWAY,01 NOT AT INTERSECTION,03 CURB,33,17-Jun-15,16 URBAN MINOR ART,22,PAVED,3,CURB&GUTTER,2,,0,12,26500,RCI,5.4,,40,1 NO INJURY,31 Q/C COMPLETED - LOC VERIFIED,0 NO,03 INFLUENCED BY INTERSECTION,04 DARK-LIGHTED,01 CLEAR,01 DRY,01 LEVEL,1 STRAIGHT,"TWO-WAY, DIVIDED, POSITIVE MED",,NO CONTROLS,NOT CODED,4,NONE,NOT CODED,NOT CODED,NONE,NOT CODED,NOT CODED,32 TREE (STANDING),03 ANGLE,01 STRAIGHT AHEAD,OPERATED MV IN CARLESS OR NEGL,NOT CODED,00 NOT CODED,00 NOT CODED,00 NOT CODED,00 NOT CODED,01 NO,0,0,0,0,1,0,1,1,N,N,N,Y,N,Y,N,N,N,N,Y,Y,N,N,N,N,N,N,N,N,Y,N,N,N,N,N,26.10518852,-80.18818142,581174.0949,2887585.943,C,,ARBM15Q1R2,28-Feb-22,1679717,-8926507.823,3012115.427
2.01787E+12,2017,874049620,3.4171E+11,COUNTY SHERIFF'S OFFICE,04 FOURTH,BROWARD,10-Oct-17,1348,WEDNESDAY,8638 FT. LAUDERDALE,1038,Y,NE 55TH ST,NE 22ND AVE,0,E,0,0,26.195107,-80.11427,86A13843,0.401,,,,I INTERSECTION,M MIDDLE,N NORTH,,05 LOCAL,02 INTERSECTION,01 ON ROADWAY,02 FOUR-WAY INTERSECTION,02 UNPAVED,0,31-Dec-00,,,,0,,0,,0,,,RCI,0,,,2 POSSIBLE INJURY,33 Q/C VERIFIED AS OFF-SYSTEM,0 NO,02 AT INTERSECTION,01 DAYLIGHT,02 CLOUDY,02 WET,01 LEVEL,1 STRAIGHT,"TWO-WAY, NOT DIVIDED","TWO-WAY, DIVIDED, POSITIVE MED",STOP SIGN,NO CONTROLS,,NONE,NONE,NOT CODED,NONE,NONE,NOT CODED,14 MOTOR VEHICLE IN TRANSPORT,03 ANGLE,01 STRAIGHT AHEAD,FAILED TO YIELD RIGHT-OF-WAY,NO CONTRIBUTING ACTION,00 NOT CODED,00 NOT CODED,00 NOT CODED,00 NOT CODED,01 NO,1,0,0,0,2,0,2,2,N,N,N,Y,N,N,N,N,N,N,Y,N,N,N,N,N,N,N,N,N,N,N,N,N,N,N,26.19510521,-80.11426733,588497.2901,2897592.769,C,U,ARBM15Q1R2,28-Feb-22,1679718,-8918279.742,3023266.289
2.01787E+12,2017,874033890,3.41708E+11,COUNTY SHERIFF'S OFFICE,04 FOURTH,BROWARD,14-Aug-17,1657,TUESDAY,8638 FT. LAUDERDALE,1038,Y,NW 1ST ST,NW 11TH AVE,0.015,E,0,0,26.122904,-80.155997,86A08927,0.099,,,,L LEFT,1 THRU LANE 1,S SOUTH,,05 LOCAL,04 DRIVEWAY/ALLEY ACCESS RELATED,01 ON ROADWAY,01 NOT AT INTERSECTION,02 UNPAVED,0,31-Dec-00,,,,0,,0,,0,,,RCI,0,,,1 NO INJURY,33 Q/C VERIFIED AS OFF-SYSTEM,0 NO,04 DRIVEWAY ACCESS,01 DAYLIGHT,01 CLEAR,01 DRY,01 LEVEL,1 STRAIGHT,"TWO-WAY, NOT DIVIDED","TWO-WAY, NOT DIVIDED",NO CONTROLS,NO CONTROLS,,NONE,NOT CODED,NOT CODED,NONE,NOT CODED,NOT CODED,14 MOTOR VEHICLE IN TRANSPORT,02 FRONT TO FRONT,01 STRAIGHT AHEAD,FAILED TO YIELD RIGHT-OF-WAY,NO CONTRIBUTING ACTION,00 NOT CODED,00 NOT CODED,00 NOT CODED,00 NOT CODED,01 NO,0,0,0,0,2,0,2,2,N,N,N,N,Y,N,N,N,N,N,N,N,N,N,N,N,N,N,N,N,N,Y,Y,N,N,N,26.12290045,-80.15599691,584379.6597,2889568.053,C,U,ARBM15Q1R2,28-Feb-22,1688711,-8922925.058,3014311.262
2.01787E+12,2017,874033900,3.41708E+11,COUNTY SHERIFF'S OFFICE,04 FOURTH,BROWARD,14-Aug-17,1721,TUESDAY,8638 FT. LAUDERDALE,1038,Y,NE 16TH TER,NE 6TH ST,0.047,N,0,0,26.130799,-80.126556,86A16229,0.047,,,,R RIGHT,S SIDE OF ROAD,S SOUTH,,05 LOCAL,01 NON-JUNCTION,01 ON ROADWAY,01 NOT AT INTERSECTION,02 UNPAVED,0,31-Dec-00,,,,0,,0,,0,,,RCI,0,,,1 NO INJURY,33 Q/C VERIFIED AS OFF-SYSTEM,0 NO,01 NOT AT INTERSECTION/RRX/BRIDGE,01 DAYLIGHT,01 CLEAR,01 DRY,01 LEVEL,1 STRAIGHT,"TWO-WAY, NOT DIVIDED","TWO-WAY, NOT DIVIDED",NO CONTROLS,NO CONTROLS,,NONE,NOT CODED,NOT CODED,NONE,NOT CODED,NOT CODED,15 PARKED MOTOR VEHICLE,77 OTHER (SEE NARRATIVE),04 BACKING,OTHER CONTRIBUTING ACTION,NOT CODED,00 NOT CODED,00 NOT CODED,00 NOT CODED,00 NOT CODED,01 NO,0,0,0,0,1,0,2,1,N,N,N,N,Y,N,N,N,N,N,N,N,N,N,N,N,N,N,N,N,N,N,N,N,N,N,26.13079901,-80.12655571,587317.3241,2890462.272,C,U,ARBM15Q1R2,28-Feb-22,1688712,-8919647.678,3015290.592
2.01787E+12,2017,874032460,3.41708E+11,COUNTY SHERIFF'S OFFICE,04 FOURTH,BROWARD,9-Aug-17,1100,THURSDAY,8638 FT. LAUDERDALE,1038,Y,NE 62ND ST,NE 18TH AVE,0,E,0,0,26.203719,-80.122993,86530500,2.033,,,,I INTERSECTION,M MIDDLE,W WEST,,05 LOCAL,02 INTERSECTION,01 ON ROADWAY,02 FOUR-WAY INTERSECTION,03 CURB,0,31-Dec-00,,,,0,,0,,0,,,RCI,0,,,1 NO INJURY,33 Q/C VERIFIED AS OFF-SYSTEM,0 NO,02 AT INTERSECTION,01 DAYLIGHT,03 RAIN,02 WET,01 LEVEL,1 STRAIGHT,"TWO-WAY, DIVIDED, UNPROTECTED","TWO-WAY, DIVIDED, UNPROTECTED",TRAFFIC CONTROL SIGNAL,TRAFFIC CONTROL SIGNAL,,"RD SURFC (WET, ICY, SNOW, ETC)",NOT CODED,NOT CODED,WEATHER CONDITIONS,NOT CODED,NOT CODED,14 MOTOR VEHICLE IN TRANSPORT,03 ANGLE,10 MAKING U-TURN,FAILED TO YIELD RIGHT-OF-WAY,NO CONTRIBUTING ACTION,00 NOT CODED,00 NOT CODED,00 NOT CODED,00 NOT CODED,01 NO,0,0,0,0,2,0,2,2,N,N,N,Y,N,N,N,N,N,N,N,N,N,N,N,N,N,N,N,N,N,N,N,N,N,N,26.20371531,-80.12299289,587618.9959,2898540.458,C,U,ARBM15Q1R2,28-Feb-22,1688715,-8919251.067,3024334.508
2.01787E+12,2017,874031870,3.41708E+11,COUNTY SHERIFF'S OFFICE,04 FOURTH,BROWARD,7-Aug-17,1424,TUESDAY,8638 FT. LAUDERDALE,1038,Y,21ST AVE NW,19TH ST NW,0.004,N,0,0,26.1515862,-80.1543547,86065000,1.037,1810,SR 845,,L LEFT,L LEFT TURN,N NORTH,20 URBAN 4-5LN 2WY DIVD RASD,05 LOCAL,01 NON-JUNCTION,01 ON ROADWAY,01 NOT AT INTERSECTION,01 PAVED,39,9-Jul-17,14 URBAN PRIN ART OTHER,22,CURB&GUTTER,2,CURB&GUTTER,2,,0,17,20200,RCI,5.5,,40,1 NO INJURY,31 Q/C COMPLETED - LOC VERIFIED,0 NO,03 INFLUENCED BY INTERSECTION,01 DAYLIGHT,01 CLEAR,01 DRY,01 LEVEL,1 STRAIGHT,UNKNOWN,UNKNOWN,NO CONTROLS,NO CONTROLS,4,NONE,NOT CODED,NOT CODED,NONE,NOT CODED,NOT CODED,09 OTHER NON-COLLISION,02 FRONT TO FRONT,05 TURNING RIGHT,NO CONTRIBUTING ACTION,NO CONTRIBUTING ACTION,00 NOT CODED,00 NOT CODED,00 NOT CODED,00 NOT CODED,01 NO,0,0,0,0,2,0,2,2,N,N,N,Y,N,N,N,N,N,N,N,N,N,N,N,N,N,N,N,N,N,N,N,N,N,N,26.15151279,-80.15448541,584510.1772,2892737.942,L,,ARBM15Q1R2,28-Feb-22,1688770,-8922756.799,3017859.178
2.01787E+12,2017,874033180,3.41708E+11,COUNTY SHERIFF'S OFFICE,04 FOURTH,BROWARD,11-Aug-17,1734,SATURDAY,8638 FT. LAUDERDALE,1038,Y,DAVIE BLVD,9TH AVE SW,0.038,E,0,0,26.1073547,-80.1525809,86210000,3.047,374,SR 736,,L LEFT,1 THRU LANE 1,W WEST,21 URBAN 4-5LN 2WY DIVD PAVD,03 STATE,01 NON-JUNCTION,01 ON ROADWAY,01 NOT AT INTERSECTION,03 CURB,32,17-Jun-15,16 URBAN MINOR ART,24,CURB&GUTTER,2,,0,,0,13,35000,RCI,3.8,,40,1 NO INJURY,31 Q/C COMPLETED - LOC VERIFIED,1 ALC,03 INFLUENCED BY INTERSECTION,01 DAYLIGHT,01 CLEAR,01 DRY,01 LEVEL,1 STRAIGHT,"TWO-WAY, NOT DIV, W/CONT LTURN","TWO-WAY, NOT DIV, W/CONT LTURN",NO CONTROLS,NO CONTROLS,4,NONE,NOT CODED,NOT CODED,NONE,NOT CODED,NOT CODED,14 MOTOR VEHICLE IN TRANSPORT,01 FRONT TO REAR,01 STRAIGHT AHEAD,OTHER CONTRIBUTING ACTION,NO CONTRIBUTING ACTION,00 NOT CODED,00 NOT CODED,00 NOT CODED,00 NOT CODED,01 NO,0,0,0,0,3,0,3,4,N,N,N,Y,N,N,N,Y,N,N,N,N,N,N,N,N,N,N,N,N,N,N,N,N,N,N,26.10734954,-80.15258112,584732.3836,2887847.964,C,,ARBM15Q1R2,28-Feb-22,1688771,-8922544.814,3012383.321
2.01787E+12,2017,874030820,3.41708E+11,COUNTY SHERIFF'S OFFICE,04 FOURTH,BROWARD,3-Aug-17,1326,FRIDAY,8638 FT. LAUDERDALE,1038,Y,SUNRISE BLVD E,12TH AVE NE,0.057,W,0,0,26.1370872,-80.1325093,86020000,1.266,1361,SR 5,US 1,R RIGHT,1 THRU LANE 1,E EAST,30 URBAN 6+LN 2WY DIVD RASD,03 STATE,01 NON-JUNCTION,01 ON ROADWAY,01 NOT AT INTERSECTION,03 CURB,36,14-Aug-17,14 URBAN PRIN ART OTHER,36,CURB&GUTTER,2,CURB&GUTTER,2,,0,16,58000,RCI,7.5,,35,1 NO INJURY,31 Q/C COMPLETED - LOC VERIFIED,0 NO,01 NOT AT INTERSECTION/RRX/BRIDGE,01 DAYLIGHT,01 CLEAR,01 DRY,01 LEVEL,1 STRAIGHT,"TWO-WAY, DIVIDED, POSITIVE MED","TWO-WAY, DIVIDED, POSITIVE MED",NO CONTROLS,NO CONTROLS,6,NONE,NOT CODED,NOT CODED,NONE,NOT CODED,NOT CODED,14 MOTOR VEHICLE IN TRANSPORT,"04 SIDESWIPE, SAME DIRECTION",06 CHANGING LANES,NOT CODED,NO CONTRIBUTING ACTION,00 NOT CODED,00 NOT CODED,00 NOT CODED,00 NOT CODED,01 NO,0,0,0,0,1,0,2,1,N,N,N,N,Y,N,N,N,N,N,N,N,N,N,N,N,N,N,N,N,N,N,N,N,N,N,26.13707241,-80.13256835,586711.5851,2891153.052,R,,ARBM15Q1R2,28-Feb-22,1688774,-8920317.002,3016068.47
2.01787E+12,2017,874031040,3.41708E+11,COUNTY SHERIFF'S OFFICE,04 FOURTH,BROWARD,4-Aug-17,1218,SATURDAY,8638 FT. LAUDERDALE,1038,Y,NW 6TH ST,NW 17TH AVE,0,E,0,0,26.129207,-80.165162,86000152,0.584,,,,I INTERSECTION,M MIDDLE,S SOUTH,,05 LOCAL,02 INTERSECTION,01 ON ROADWAY,02 FOUR-WAY INTERSECTION,03 CURB,0,31-Dec-00,,,,0,,0,,0,,,RCI,0,,,1 NO INJURY,33 Q/C VERIFIED AS OFF-SYSTEM,0 NO,02 AT INTERSECTION,01 DAYLIGHT,01 CLEAR,01 DRY,01 LEVEL,1 STRAIGHT,"TWO-WAY, NOT DIVIDED","TWO-WAY, NOT DIVIDED",STOP SIGN,NO CONTROLS,,NONE,NOT CODED,NOT CODED,NONE,NOT CODED,NOT CODED,14 MOTOR VEHICLE IN TRANSPORT,03 ANGLE,01 STRAIGHT AHEAD,RAN STOP SIGN,NO CONTRIBUTING ACTION,00 NOT CODED,00 NOT CODED,00 NOT CODED,00 NOT CODED,01 NO,0,0,0,0,2,0,2,5,N,N,N,Y,N,N,N,N,N,N,N,N,N,N,N,N,N,N,N,N,N,N,N,N,N,N,26.12920522,-80.16515732,583459.3218,2890260.416,C,U,ARBM15Q1R2,28-Feb-22,1688789,-8923944.791,3015092.976
2.01787E+12,2017,874034480,3.41708E+11,COUNTY SHERIFF'S OFFICE,04 FOURTH,BROWARD,16-Aug-17,2013,THURSDAY,8638 FT. LAUDERDALE,1038,Y,FEDERAL HWY S,24TH ST SE,0.057,S,0,0,26.0919495,-80.1364849,86010001,2.49,4627,SR 5,US 1,R RIGHT,S SIDE OF ROAD,N NORTH,30 URBAN 6+LN 2WY DIVD RASD,02 U.S.,01 NON-JUNCTION,01 ON ROADWAY,01 NOT AT INTERSECTION,03 CURB,31,14-Jun-15,14 URBAN PRIN ART OTHER,33,CURB&GUTTER,2,,0,,0,20,65000,RCI,8.7,,40,1 NO INJURY,31 Q/C COMPLETED - LOC VERIFIED,0 NO,01 NOT AT INTERSECTION/RRX/BRIDGE,04 DARK-LIGHTED,01 CLEAR,01 DRY,01 LEVEL,1 STRAIGHT,"TWO-WAY, DIVIDED, POSITIVE MED",,NO CONTROLS,NOT CODED,6,NONE,NONE,NOT CODED,NONE,NONE,NOT CODED,14 MOTOR VEHICLE IN TRANSPORT,77 OTHER (SEE NARRATIVE),01 STRAIGHT AHEAD,OTHER CONTRIBUTING ACTION,NOT CODED,00 NOT CODED,00 NOT CODED,00 NOT CODED,00 NOT CODED,01 NO,0,0,0,0,1,0,1,1,N,N,N,N,N,N,N,N,N,N,N,N,N,N,N,N,N,N,N,N,N,N,N,N,N,N,26.09202579,-80.13646581,586355.0622,2886161.402,R,,ARBM15Q1R2,28-Feb-22,1688829,-8920750.865,3010483.795
2.01787E+12,2017,874033520,3.41708E+11,COUNTY SHERIFF'S OFFICE,04 FOURTH,BROWARD,13-Aug-17,328,MONDAY,8638 FT. LAUDERDALE,1038,Y,SR 84,14TH AVE SW,0,,0,0,26.0908888,-80.1588588,86080000,18.32,103,SR 84,,R RIGHT,2 THRU LANE 2,N NORTH,30 URBAN 6+LN 2WY DIVD RASD,03 STATE,02 INTERSECTION,01 ON ROADWAY,02 FOUR-WAY INTERSECTION,03 CURB,31,5-Jul-15,16 URBAN MINOR ART,44,CURB&GUTTER,4,CURB&GUTTER,2,,0,81,63000,RCI,4.7,,45,1 NO INJURY,31 Q/C COMPLETED - LOC VERIFIED,0 NO,02 AT INTERSECTION,04 DARK-LIGHTED,01 CLEAR,01 DRY,01 LEVEL,1 STRAIGHT,"TWO-WAY, DIVIDED, POSITIVE MED","TWO-WAY, DIVIDED, POSITIVE MED",STOP SIGN,NO CONTROLS,8,NONE,NOT CODED,NOT CODED,NONE,NOT CODED,NOT CODED,14 MOTOR VEHICLE IN TRANSPORT,03 ANGLE,77 OTHER (SEE NARRATIVE),NOT CODED,NO CONTRIBUTING ACTION,00 NOT CODED,00 NOT CODED,00 NOT CODED,00 NOT CODED,01 NO,0,0,0,0,1,0,2,1,N,N,N,Y,N,N,N,N,N,N,N,N,N,N,N,N,N,N,N,N,N,N,N,N,N,N,26.09087401,-80.15883195,584119.1293,2886019.203,R,,ARBM15Q1R2,28-Feb-22,1689009,-8923240.653,3010341.03
2.01787E+12,2017,874031250,3.41708E+11,COUNTY SHERIFF'S OFFICE,04 FOURTH,BROWARD,4-Aug-17,2255,SATURDAY,8638 FT. LAUDERDALE,1038,Y,SR 736,I 95,0,,0,0,26.1065853,-80.1688407,86210000,2.034,365,SR 736,,I INTERSECTION,M MIDDLE,S SOUTH,23 SUBURBAN 4-5LN 2WY DIVD RASD,03 STATE,02 INTERSECTION,01 ON ROADWAY,03 T-INTERSECTION,03 CURB,37,11-Jan-12,16 URBAN MINOR ART,23,PAVED,6,,0,,0,51,38000,RCI,2.6,,40,0 UNKNOWN/NOT CODED,31 Q/C COMPLETED - LOC VERIFIED,0 NO,06 BRIDGE,04 DARK-LIGHTED,01 CLEAR,01 DRY,01 LEVEL,3 CURVE LEFT,ONE-WAY TRAFFICWAY,ONE-WAY TRAFFICWAY,TRAFFIC CONTROL SIGNAL,TRAFFIC CONTROL SIGNAL,4,NONE,NOT CODED,NOT CODED,NONE,NOT CODED,NOT CODED,14 MOTOR VEHICLE IN TRANSPORT,03 ANGLE,01 STRAIGHT AHEAD,NOT CODED,NOT CODED,00 NOT CODED,00 NOT CODED,00 NOT CODED,00 NOT CODED,01 NO,0,0,0,0,0,0,2,0,N,N,N,N,N,N,N,N,N,N,N,N,N,N,N,N,N,N,N,N,N,N,N,N,N,N,26.10659297,-80.1688471,583106.432,2887753.686,R,,ARBM15Q1R2,28-Feb-22,1689013,-8924355.535,3012289.531