Crash Id,Calendar Year,FDOT Crash Number,Reporting Agency Case Number,Reporting Agency Type,FDOT Managing District,County Name,Crash Date,Crash Time,Day,DHSMV City,Crash Report City Code,In Town,On Roadway Name,Int Roadway Name,Reference Distance (Miles),Reference Direction,Officer Latitude,Officer Longitude,FDOT Latitude,FDOT Longitude,FDOT Roadway,Nearest Inventory MP,Nearest Node From Crash,State Road #,US Highway,Crash Side of Road,Accident Lane Number,Travel Direction Vehicle 1,FDOT Road Category,DHSMV Road System Id,Relation to Junction,Crash Harmful Event Location,Intersection Type,Shoulder Type,FDOT Roadway SKID Test Result,FDOT Roadway SKID Test Date,Functional Class,RCI Surface Width,RCI Shoulder Type First,RCI Shoulder Width First,RCI Shoulder Type Second,RCI Shoulder Width Second,RCI Shoulder Type Third,RCI Shoulder Width Third,RCI Median Width,Avg Daily Traffic,AADT Source,RCI Avg Per Truck Traffic,RCI Horiz Curve Condition,Posted Speed Limit,Highest Injury in Crash,CAR Status Code,Alcohols/Drug Involved,Site Location,Lighting,Weather,Road Surface,Roadway Grade,Roadway Alignment,Traffic Way Vehicle 1,Traffic Way Vehicle 2,Traffic Control Vehicle 1,Traffic Control Vehicle 2,Count of Lanes,Road Condition 1,Road Condition 2,Road Condition 3,Environment Condition 1,Environment Condition 2,Environment Condition 3,Crash Harmful Event,Manner of Collision,Vehicle Movement,Driver Action Vehicle 1,Driver Action Vehicle 2,Location Within Workzone,Type of Workzone,Workers Present in Workzone,Law Enforcement Present in Workzone,School Bus Related,Count of Nonfatal Injuries,Count of Traffic Fatalities,Count of Serious Injuries,Count of Pedestrians,Count of Drivers,Count of Bicyclists,Count of Vehicles,Count of Persons,Wrong Way,Workzone Inv,Commercial Vehicle Inv,Intersection Inv,Lane Departure,Speeding,Agressive Driving,Impaired Driver,Impaired Pedestrian,Impaired Bicyclist,Distracted Driver,Speeding or Aggressive Driving,Pedestrian Related,Bicyclist Related,Pedestrian or Bicyclist Related,Motorcycle Inv,No Belt,No Belt - Ages 1-4,No Belt - Ages 5-12,No Belt - Ages 13-17,Driver - Ages Teen,Driver - Ages 65 plus,Driver - Ages 65-69,Driver - Ages 70-74,Driver - Ages 75-79,Driver - Ages 80 plus,ARBM Latitude,ARBM Longitude,UTM Zone 17N X,UTM Zone 17N Y,ARBM Side of Road,Urban Rural Indicator,GIS Street Source,Extract Date,OBJECTID,x,y
2.01787E+12,2017,874035000,3.41708E+11,COUNTY SHERIFF'S OFFICE,04 FOURTH,BROWARD,18-Aug-17,1148,SATURDAY,8638 FT. LAUDERDALE,1038,Y,NE 13TH AVE,NE 5TH ST,0.004,N,0,0,26.128176,-80.130378,86A16624,0.381,,,,R RIGHT,1 THRU LANE 1,N NORTH,,05 LOCAL,02 INTERSECTION,01 ON ROADWAY,02 FOUR-WAY INTERSECTION,02 UNPAVED,0,31-Dec-00,,,,0,,0,,0,,,RCI,0,,,1 NO INJURY,33 Q/C VERIFIED AS OFF-SYSTEM,0 NO,02 AT INTERSECTION,01 DAYLIGHT,01 CLEAR,01 DRY,01 LEVEL,1 STRAIGHT,"TWO-WAY, NOT DIVIDED","TWO-WAY, NOT DIVIDED",STOP SIGN,NO CONTROLS,,NONE,NOT CODED,NOT CODED,NONE,NOT CODED,NOT CODED,14 MOTOR VEHICLE IN TRANSPORT,"04 SIDESWIPE, SAME DIRECTION",03 TURNING LEFT,FAILED TO YIELD RIGHT-OF-WAY,NO CONTRIBUTING ACTION,00 NOT CODED,00 NOT CODED,00 NOT CODED,00 NOT CODED,01 NO,0,0,0,0,2,0,2,4,N,N,N,Y,N,N,N,N,N,N,N,N,N,N,N,N,N,N,N,N,Y,Y,N,Y,N,N,26.12817599,-80.13037862,586937.0753,2890169.203,C,U,ARBM15Q1R2,28-Feb-22,1694066,-8920073.243,3014965.361
2.01787E+12,2017,874033210,3.41708E+11,COUNTY SHERIFF'S OFFICE,04 FOURTH,BROWARD,11-Aug-17,2002,SATURDAY,8638 FT. LAUDERDALE,1038,Y,W CYPRESS CREEK RD,HAWKINS RD,0.028,W,0,0,26.202269,-80.196075,86000042,3.671,,,,R RIGHT,1 THRU LANE 1,E EAST,,05 LOCAL,01 NON-JUNCTION,01 ON ROADWAY,03 T-INTERSECTION,03 CURB,0,31-Dec-00,,,,0,,0,,0,,,RCI,0,,,1 NO INJURY,33 Q/C VERIFIED AS OFF-SYSTEM,0 NO,01 NOT AT INTERSECTION/RRX/BRIDGE,04 DARK-LIGHTED,02 CLOUDY,01 DRY,01 LEVEL,1 STRAIGHT,"TWO-WAY, DIVIDED, POSITIVE MED","TWO-WAY, NOT DIVIDED",TRAFFIC CONTROL SIGNAL,TRAFFIC CONTROL SIGNAL,,NONE,NOT CODED,NOT CODED,NONE,NOT CODED,NOT CODED,14 MOTOR VEHICLE IN TRANSPORT,01 FRONT TO REAR,01 STRAIGHT AHEAD,NO CONTRIBUTING ACTION,NO CONTRIBUTING ACTION,00 NOT CODED,00 NOT CODED,00 NOT CODED,00 NOT CODED,01 NO,0,0,0,0,2,0,2,2,N,N,N,N,N,N,N,N,N,N,Y,N,N,N,N,N,N,N,N,N,N,N,N,N,N,N,26.20227087,-80.19607502,580318.2755,2898333.182,R,U,ARBM15Q1R2,28-Feb-22,1694417,-8927386.535,3024155.296
2.01787E+12,2017,874033240,3.41708E+11,COUNTY SHERIFF'S OFFICE,04 FOURTH,BROWARD,11-Aug-17,2130,SATURDAY,8638 FT. LAUDERDALE,1038,Y,SW 22ND ST,SW 2ND AVE,0.011,W,0,0,26.094575,-80.1428,86A18207,0.255,,,,R RIGHT,1 THRU LANE 1,N NORTH,,05 LOCAL,01 NON-JUNCTION,01 ON ROADWAY,01 NOT AT INTERSECTION,02 UNPAVED,0,31-Dec-00,,,,0,,0,,0,,,RCI,0,,,1 NO INJURY,33 Q/C VERIFIED AS OFF-SYSTEM,0 NO,01 NOT AT INTERSECTION/RRX/BRIDGE,04 DARK-LIGHTED,01 CLEAR,01 DRY,01 LEVEL,1 STRAIGHT,"TWO-WAY, NOT DIVIDED","TWO-WAY, DIVIDED, POSITIVE MED",NO CONTROLS,NO CONTROLS,,NONE,NOT CODED,NOT CODED,NONE,NOT CODED,NOT CODED,14 MOTOR VEHICLE IN TRANSPORT,77 OTHER (SEE NARRATIVE),03 TURNING LEFT,OTHER CONTRIBUTING ACTION,NOT CODED,00 NOT CODED,00 NOT CODED,00 NOT CODED,00 NOT CODED,01 NO,0,0,0,0,1,0,2,1,N,N,N,N,N,N,N,N,N,N,N,N,N,N,N,N,N,N,N,N,N,N,N,N,N,N,26.09457523,-80.1428,585719.7438,2886439.575,C,U,ARBM15Q1R2,28-Feb-22,1694426,-8921455.984,3010799.805
2.01787E+12,2017,874033260,3.41708E+11,COUNTY SHERIFF'S OFFICE,04 FOURTH,BROWARD,12-Aug-17,242,SUNDAY,8638 FT. LAUDERDALE,1038,Y,SUNRISE BLVD W,7TH AVE NW,0.019,W,0,0,26.1365685,-80.1513303,86110000,7.211,3402,SR 838,,L LEFT,3 THRU LANE 3,W WEST,30 URBAN 6+LN 2WY DIVD RASD,03 STATE,01 NON-JUNCTION,01 ON ROADWAY,01 NOT AT INTERSECTION,03 CURB,35,19-Jun-17,14 URBAN PRIN ART OTHER,32,PAVED,3,CURB&GUTTER,2,,0,16,53500,RCI,6.8,,40,1 NO INJURY,31 Q/C COMPLETED - LOC VERIFIED,0 NO,04 DRIVEWAY ACCESS,04 DARK-LIGHTED,01 CLEAR,01 DRY,01 LEVEL,1 STRAIGHT,"TWO-WAY, DIVIDED, POSITIVE MED","TWO-WAY, DIVIDED, POSITIVE MED",NO CONTROLS,NO CONTROLS,6,NONE,NOT CODED,NOT CODED,NONE,NOT CODED,NOT CODED,14 MOTOR VEHICLE IN TRANSPORT,03 ANGLE,05 TURNING RIGHT,NOT CODED,NO CONTRIBUTING ACTION,00 NOT CODED,00 NOT CODED,00 NOT CODED,00 NOT CODED,01 NO,0,0,0,0,1,0,2,2,N,N,N,N,N,N,N,N,N,N,N,N,N,N,N,N,N,N,N,N,N,N,N,N,N,N,26.13671217,-80.15104824,584864.4446,2891100.963,L,,ARBM15Q1R2,28-Feb-22,1694427,-8922374.175,3016023.8
2.01787E+12,2017,874041640,3.41709E+11,COUNTY SHERIFF'S OFFICE,04 FOURTH,BROWARD,12-Sep-17,1817,WEDNESDAY,8638 FT. LAUDERDALE,1038,Y,NW 8TH AVE,NW 15TH ST,0.019,S,0,0,26.14514,-80.153157,86A15630,0.223,,,,L LEFT,1 THRU LANE 1,W WEST,,05 LOCAL,01 NON-JUNCTION,01 ON ROADWAY,01 NOT AT INTERSECTION,02 UNPAVED,0,31-Dec-00,,,,0,,0,,0,,,RCI,0,,,1 NO INJURY,33 Q/C VERIFIED AS OFF-SYSTEM,0 NO,01 NOT AT INTERSECTION/RRX/BRIDGE,01 DAYLIGHT,02 CLOUDY,01 DRY,01 LEVEL,1 STRAIGHT,"TWO-WAY, NOT DIVIDED","TWO-WAY, NOT DIVIDED",NO CONTROLS,NO CONTROLS,,NONE,NOT CODED,NOT CODED,NONE,NOT CODED,NOT CODED,14 MOTOR VEHICLE IN TRANSPORT,03 ANGLE,77 OTHER (SEE NARRATIVE),OTHER CONTRIBUTING ACTION,NO CONTRIBUTING ACTION,00 NOT CODED,00 NOT CODED,00 NOT CODED,00 NOT CODED,01 NO,0,0,0,0,2,0,2,7,N,N,Y,N,N,N,N,N,N,N,N,N,N,N,N,N,N,N,N,N,N,N,N,N,N,N,26.14513997,-80.15315804,584647.4526,2892032.995,C,U,ARBM15Q1R2,28-Feb-22,1694620,-8922609.037,3017068.877
2.01787E+12,2017,874054630,3.4171E+11,COUNTY SHERIFF'S OFFICE,04 FOURTH,BROWARD,27-Oct-17,2314,SATURDAY,8638 FT. LAUDERDALE,1038,Y,OCEAN BLVD N,40TH ST NE,0.019,S,0,0,26.1760031,-80.0993153,86050000,5.972,790,SR A1A,,L LEFT,2 THRU LANE 2,S SOUTH,20 URBAN 4-5LN 2WY DIVD RASD,01 INTERSTATE,01 NON-JUNCTION,01 ON ROADWAY,01 NOT AT INTERSECTION,03 CURB,36,15-Jun-15,16 URBAN MINOR ART,24,PAVED,11,CURB&GUTTER,2,,0,16,24500,RCI,3.2,1D0000,35,1 NO INJURY,31 Q/C COMPLETED - LOC VERIFIED,0 NO,03 INFLUENCED BY INTERSECTION,04 DARK-LIGHTED,03 RAIN,02 WET,01 LEVEL,1 STRAIGHT,"TWO-WAY, DIVIDED, POSITIVE MED","TWO-WAY, DIVIDED, POSITIVE MED",NO CONTROLS,NO CONTROLS,4,"RD SURFC (WET, ICY, SNOW, ETC)",NOT CODED,NOT CODED,WEATHER CONDITIONS,NOT CODED,NOT CODED,14 MOTOR VEHICLE IN TRANSPORT,01 FRONT TO REAR,01 STRAIGHT AHEAD,FOLLOWED TOO CLOSELY,NO CONTRIBUTING ACTION,00 NOT CODED,00 NOT CODED,00 NOT CODED,00 NOT CODED,01 NO,0,0,0,0,2,0,2,2,N,N,N,Y,N,N,N,N,N,N,N,N,N,N,N,N,N,N,N,N,N,N,N,N,N,N,26.17606649,-80.09942985,589994.4666,2895494.34,L,,ARBM15Q1R2,28-Feb-22,1694621,-8916628.04,3020904.519
2.01787E+12,2017,874034600,3.41708E+11,COUNTY SHERIFF'S OFFICE,04 FOURTH,BROWARD,15-Aug-17,705,WEDNESDAY,8638 FT. LAUDERDALE,1038,Y,SR 84,ANDREWS AVE,0,,0,0,26.0926667,-80.1404983,86080000,19.475,113,SR 84,,L LEFT,3 THRU LANE 3,N NORTH,30 URBAN 6+LN 2WY DIVD RASD,03 STATE,01 NON-JUNCTION,01 ON ROADWAY,02 FOUR-WAY INTERSECTION,03 CURB,31,5-Jul-15,16 URBAN MINOR ART,34,CURB&GUTTER,2,,0,,0,18,25500,RCI,7.1,,40,1 NO INJURY,31 Q/C COMPLETED - LOC VERIFIED,0 NO,02 AT INTERSECTION,03 DAWN,01 CLEAR,01 DRY,01 LEVEL,1 STRAIGHT,"TWO-WAY, DIVIDED, UNPROTECTED","TWO-WAY, DIVIDED, UNPROTECTED",TRAFFIC CONTROL SIGNAL,TRAFFIC CONTROL SIGNAL,6,NONE,NOT CODED,NOT CODED,NONE,NOT CODED,NOT CODED,14 MOTOR VEHICLE IN TRANSPORT,03 ANGLE,03 TURNING LEFT,NOT CODED,NO CONTRIBUTING ACTION,00 NOT CODED,00 NOT CODED,00 NOT CODED,00 NOT CODED,01 NO,0,0,0,0,1,0,2,1,N,N,N,Y,N,N,N,N,N,N,N,N,N,N,N,N,N,N,N,N,N,N,N,N,N,N,26.09278523,-80.1404897,585952.0918,2886242.851,L,,ARBM15Q1R2,28-Feb-22,1694990,-8921198.803,3010577.928
2.01787E+12,2017,874031110,3.41708E+11,COUNTY SHERIFF'S OFFICE,04 FOURTH,BROWARD,4-Aug-17,1601,SATURDAY,8638 FT. LAUDERDALE,1038,Y,FEDERAL HWY N,4TH ST NE,0.014,S,0,0,26.1259688,-80.1373273,86020000,0.244,1351,SR 5,US 1,R RIGHT,2 THRU LANE 2,N NORTH,30 URBAN 6+LN 2WY DIVD RASD,02 U.S.,01 NON-JUNCTION,01 ON ROADWAY,01 NOT AT INTERSECTION,03 CURB,37,1-Aug-16,14 URBAN PRIN ART OTHER,33,CURB&GUTTER,2,,0,,0,19,50000,RCI,3.7,,35,1 NO INJURY,31 Q/C COMPLETED - LOC VERIFIED,0 NO,03 INFLUENCED BY INTERSECTION,01 DAYLIGHT,01 CLEAR,01 DRY,01 LEVEL,1 STRAIGHT,"TWO-WAY, DIVIDED, POSITIVE MED","TWO-WAY, DIVIDED, POSITIVE MED",NO CONTROLS,NO CONTROLS,6,NONE,NOT CODED,NOT CODED,NONE,NOT CODED,NOT CODED,14 MOTOR VEHICLE IN TRANSPORT,"04 SIDESWIPE, SAME DIRECTION",06 CHANGING LANES,OPERATED MV IN CARLESS OR NEGL,NO CONTRIBUTING ACTION,00 NOT CODED,00 NOT CODED,00 NOT CODED,00 NOT CODED,01 NO,0,0,0,0,2,0,2,3,N,N,N,Y,N,N,N,N,N,N,N,N,N,N,N,N,N,N,N,N,N,Y,Y,N,N,N,26.12589774,-80.13730085,586246.6927,2889912.272,R,,ARBM15Q1R2,28-Feb-22,1695001,-8920843.822,3014682.884
2.01787E+12,2017,874031120,3.41708E+11,COUNTY SHERIFF'S OFFICE,04 FOURTH,BROWARD,4-Aug-17,1525,SATURDAY,8638 FT. LAUDERDALE,1038,Y,NE 18TH AVE,NE 63RD ST,0.009,N,0,0,26.205751,-80.123039,86000177,1.535,,,,L LEFT,1 THRU LANE 1,S SOUTH,,05 LOCAL,02 INTERSECTION,01 ON ROADWAY,03 T-INTERSECTION,03 CURB,0,31-Dec-00,,,,0,,0,,0,,,RCI,0,,,1 NO INJURY,33 Q/C VERIFIED AS OFF-SYSTEM,0 NO,02 AT INTERSECTION,01 DAYLIGHT,02 CLOUDY,01 DRY,01 LEVEL,1 STRAIGHT,"TWO-WAY, DIVIDED, POSITIVE MED","TWO-WAY, DIVIDED, POSITIVE MED",NO CONTROLS,NO CONTROLS,,NONE,NOT CODED,NOT CODED,NONE,NOT CODED,NOT CODED,14 MOTOR VEHICLE IN TRANSPORT,03 ANGLE,03 TURNING LEFT,IMPROPER TURN,NO CONTRIBUTING ACTION,00 NOT CODED,00 NOT CODED,00 NOT CODED,00 NOT CODED,01 NO,0,0,0,0,2,0,2,3,N,N,N,Y,N,N,N,N,N,N,N,N,N,N,N,N,N,N,N,N,N,N,N,N,N,N,26.205751,-80.12303885,587612.8795,2898765.889,C,U,ARBM15Q1R2,28-Feb-22,1695002,-8919256.183,3024587.079
2.01787E+12,2017,874031130,3.41708E+11,COUNTY SHERIFF'S OFFICE,04 FOURTH,BROWARD,4-Aug-17,1621,SATURDAY,8638 FT. LAUDERDALE,1038,Y,FEDERAL HWY N,26TH ST NE,0.142,S,0,0,26.1578186,-80.1172587,86020000,3.421,3661,SR 5,US 1,R RIGHT,3 THRU LANE 3,N NORTH,30 URBAN 6+LN 2WY DIVD RASD,02 U.S.,01 NON-JUNCTION,01 ON ROADWAY,01 NOT AT INTERSECTION,01 PAVED,40,2-Oct-16,14 URBAN PRIN ART OTHER,33,PAVED,3,CURB&GUTTER,2,,0,21,54500,RCI,1.5,,45,1 NO INJURY,31 Q/C COMPLETED - LOC VERIFIED,0 NO,01 NOT AT INTERSECTION/RRX/BRIDGE,01 DAYLIGHT,01 CLEAR,01 DRY,01 LEVEL,1 STRAIGHT,"TWO-WAY, DIVIDED, POSITIVE MED","TWO-WAY, DIVIDED, POSITIVE MED",NO CONTROLS,NO CONTROLS,6,NONE,NOT CODED,NOT CODED,NONE,NOT CODED,NOT CODED,14 MOTOR VEHICLE IN TRANSPORT,01 FRONT TO REAR,01 STRAIGHT AHEAD,NO CONTRIBUTING ACTION,NO CONTRIBUTING ACTION,00 NOT CODED,00 NOT CODED,00 NOT CODED,00 NOT CODED,01 NO,0,0,0,0,2,0,2,2,N,N,N,N,N,N,N,N,N,N,Y,N,N,N,N,N,N,N,N,N,N,Y,Y,N,N,N,26.15775979,-80.11725745,588226.6336,2893454.562,R,,ARBM15Q1R2,28-Feb-22,1695003,-8918612.6,3018633.919
2.01787E+12,2017,874031170,3.41708E+11,COUNTY SHERIFF'S OFFICE,04 FOURTH,BROWARD,4-Aug-17,1802,SATURDAY,8638 FT. LAUDERDALE,1038,Y,FEDERAL HWY S,17TH ST SE,0.019,N,0,0,26.1005586,-80.1367186,86010000,8.822,690,SR 5,US 1,L LEFT,1 THRU LANE 1,E EAST,30 URBAN 6+LN 2WY DIVD RASD,02 U.S.,01 NON-JUNCTION,01 ON ROADWAY,01 NOT AT INTERSECTION,03 CURB,43,19-Jun-17,14 URBAN PRIN ART OTHER,32,CURB&GUTTER,2,,0,,0,19,46500,RCI,3,,40,2 POSSIBLE INJURY,31 Q/C COMPLETED - LOC VERIFIED,0 NO,03 INFLUENCED BY INTERSECTION,01 DAYLIGHT,01 CLEAR,01 DRY,01 LEVEL,1 STRAIGHT,"TWO-WAY, DIVIDED, POSITIVE MED","TWO-WAY, DIVIDED, POSITIVE MED",NO CONTROLS,NO CONTROLS,6,NONE,NOT CODED,NOT CODED,NONE,NOT CODED,NOT CODED,14 MOTOR VEHICLE IN TRANSPORT,03 ANGLE,05 TURNING RIGHT,FAILED TO YIELD RIGHT-OF-WAY,NO CONTRIBUTING ACTION,00 NOT CODED,00 NOT CODED,00 NOT CODED,00 NOT CODED,01 NO,1,0,0,0,2,0,2,4,N,N,N,Y,N,N,N,N,N,N,N,N,N,N,N,N,N,N,N,N,N,N,N,N,N,N,26.10056262,-80.13686276,586309.0986,2887106.618,L,,ARBM15Q1R2,28-Feb-22,1695004,-8920795.054,3011541.987
2.01787E+12,2017,874032400,3.41708E+11,COUNTY SHERIFF'S OFFICE,04 FOURTH,BROWARD,9-Aug-17,940,THURSDAY,8638 FT. LAUDERDALE,1038,Y,SE 6TH AVE,SE 30TH ST,0,E,0,0,26.087181,-80.137023,86A33235,0.336,,,,I INTERSECTION,M MIDDLE,N NORTH,,05 LOCAL,02 INTERSECTION,01 ON ROADWAY,02 FOUR-WAY INTERSECTION,03 CURB,0,31-Dec-00,,,,0,,0,,0,,,RCI,0,,,1 NO INJURY,33 Q/C VERIFIED AS OFF-SYSTEM,0 NO,02 AT INTERSECTION,01 DAYLIGHT,03 RAIN,02 WET,01 LEVEL,1 STRAIGHT,"TWO-WAY, DIVIDED, POSITIVE MED","TWO-WAY, DIVIDED, POSITIVE MED",STOP SIGN,NO CONTROLS,,NONE,NOT CODED,NOT CODED,NONE,NOT CODED,NOT CODED,14 MOTOR VEHICLE IN TRANSPORT,03 ANGLE,01 STRAIGHT AHEAD,RAN STOP SIGN,NO CONTRIBUTING ACTION,00 NOT CODED,00 NOT CODED,00 NOT CODED,00 NOT CODED,01 NO,0,0,0,0,2,0,2,2,N,N,Y,Y,N,N,N,N,N,N,N,N,N,N,N,N,N,N,N,N,N,N,N,N,N,N,26.08718523,-80.13702733,586302.4581,2885624.924,R,U,ARBM15Q1R2,28-Feb-22,1695005,-8920813.373,3009883.812
2.01787E+12,2017,874032420,3.41708E+11,COUNTY SHERIFF'S OFFICE,04 FOURTH,BROWARD,9-Aug-17,1025,THURSDAY,8638 FT. LAUDERDALE,1038,Y,TERRAMAR ST,BIRCH RD,0,E,0,0,26.131133,-80.105899,86A00254,0.176,,,,I INTERSECTION,M MIDDLE,E EAST,,05 LOCAL,01 NON-JUNCTION,01 ON ROADWAY,03 T-INTERSECTION,03 CURB,0,31-Dec-00,,,,0,,0,,0,,,RCI,0,,,1 NO INJURY,33 Q/C VERIFIED AS OFF-SYSTEM,0 NO,01 NOT AT INTERSECTION/RRX/BRIDGE,01 DAYLIGHT,01 CLEAR,02 WET,01 LEVEL,1 STRAIGHT,"TWO-WAY, NOT DIVIDED","TWO-WAY, NOT DIVIDED",STOP SIGN,NO CONTROLS,,NONE,NOT CODED,NOT CODED,NONE,NOT CODED,NOT CODED,14 MOTOR VEHICLE IN TRANSPORT,03 ANGLE,01 STRAIGHT AHEAD,RAN STOP SIGN,NO CONTRIBUTING ACTION,00 NOT CODED,00 NOT CODED,00 NOT CODED,00 NOT CODED,01 NO,0,0,0,0,2,0,2,3,N,N,N,N,N,N,N,N,N,N,N,N,N,N,N,N,N,N,N,N,N,N,N,N,N,N,26.13113522,-80.10589734,589382.3668,2890513.541,C,U,ARBM15Q1R2,28-Feb-22,1695006,-8917347.997,3015332.281
2.01787E+12,2017,874032440,3.41708E+11,COUNTY SHERIFF'S OFFICE,04 FOURTH,BROWARD,9-Aug-17,1056,THURSDAY,8638 FT. LAUDERDALE,1038,Y,SEABREEZE BLVD N,CASTILLO ST,0,,0,0,26.1232039,-80.1053241,86050100,0.202,4685,SR A1A,,L LEFT,1 THRU LANE 1,S SOUTH,40 URBAN ONE WAY,03 STATE,02 INTERSECTION,01 ON ROADWAY,03 T-INTERSECTION,03 CURB,44,9-Jul-17,16 URBAN MINOR ART,21,CURB&GUTTER,2,CURB&GUTTER,2,,0,,13000,RCI,3.8,,30,1 NO INJURY,31 Q/C COMPLETED - LOC VERIFIED,0 NO,02 AT INTERSECTION,01 DAYLIGHT,03 RAIN,02 WET,01 LEVEL,3 CURVE LEFT,ONE-WAY TRAFFICWAY,ONE-WAY TRAFFICWAY,NO CONTROLS,NO CONTROLS,2,NONE,NONE,NOT CODED,NONE,NONE,NOT CODED,14 MOTOR VEHICLE IN TRANSPORT,03 ANGLE,06 CHANGING LANES,FAILED TO YIELD RIGHT-OF-WAY,NO CONTRIBUTING ACTION,00 NOT CODED,00 NOT CODED,00 NOT CODED,00 NOT CODED,01 NO,0,0,0,0,2,0,2,2,N,N,N,Y,N,N,Y,N,N,N,N,Y,N,N,N,N,N,N,N,N,N,N,N,N,N,N,26.12330205,-80.10527839,589450.2113,2889646.412,O,,ARBM15Q1R2,28-Feb-22,1695007,-8917279.097,3014361.055
2.01787E+12,2017,874051130,3.4171E+11,COUNTY SHERIFF'S OFFICE,04 FOURTH,BROWARD,16-Oct-17,1125,TUESDAY,8638 FT. LAUDERDALE,1038,Y,NW 19TH ST,NW 31ST AVE,0.014,E,0,0,26.150771,-80.186548,86570500,1.007,,,,L LEFT,L LEFT TURN,W WEST,,05 LOCAL,01 NON-JUNCTION,01 ON ROADWAY,01 NOT AT INTERSECTION,03 CURB,0,31-Dec-00,,,,0,,0,,0,,,RCI,0,,,1 NO INJURY,33 Q/C VERIFIED AS OFF-SYSTEM,0 NO,01 NOT AT INTERSECTION/RRX/BRIDGE,01 DAYLIGHT,01 CLEAR,01 DRY,01 LEVEL,1 STRAIGHT,"TWO-WAY, NOT DIV, W/CONT LTURN","TWO-WAY, NOT DIV, W/CONT LTURN",TRAFFIC CONTROL SIGNAL,TRAFFIC CONTROL SIGNAL,,NONE,NOT CODED,NOT CODED,NONE,NOT CODED,NOT CODED,14 MOTOR VEHICLE IN TRANSPORT,01 FRONT TO REAR,01 STRAIGHT AHEAD,OTHER CONTRIBUTING ACTION,NO CONTRIBUTING ACTION,00 NOT CODED,00 NOT CODED,00 NOT CODED,00 NOT CODED,01 NO,0,0,0,0,2,0,2,4,N,N,Y,N,N,N,N,N,N,N,N,N,N,N,N,N,N,N,N,N,N,N,N,N,N,N,26.15077403,-80.18654814,581305.846,2892635.672,C,U,ARBM15Q1R2,28-Feb-22,1695178,-8926326.007,3017767.562
2.01787E+12,2017,874051140,3.4171E+11,COUNTY SHERIFF'S OFFICE,04 FOURTH,BROWARD,16-Oct-17,1140,TUESDAY,8638 FT. LAUDERDALE,1038,Y,SE 30TH ST,SE 6TH AVE,0,E,0,0,26.087185,-80.137154,86000494,0.124,,,,I INTERSECTION,M MIDDLE,S SOUTH,,05 LOCAL,01 NON-JUNCTION,01 ON ROADWAY,02 FOUR-WAY INTERSECTION,02 UNPAVED,0,31-Dec-00,,,,0,,0,,0,,,RCI,0,,,1 NO INJURY,33 Q/C VERIFIED AS OFF-SYSTEM,0 NO,01 NOT AT INTERSECTION/RRX/BRIDGE,01 DAYLIGHT,01 CLEAR,01 DRY,01 LEVEL,1 STRAIGHT,"TWO-WAY, DIVIDED, UNPROTECTED","TWO-WAY, NOT DIVIDED",STOP SIGN,NO CONTROLS,,NONE,NOT CODED,NOT CODED,NONE,NOT CODED,NOT CODED,14 MOTOR VEHICLE IN TRANSPORT,03 ANGLE,01 STRAIGHT AHEAD,RAN STOP SIGN,NO CONTRIBUTING ACTION,00 NOT CODED,00 NOT CODED,00 NOT CODED,00 NOT CODED,01 NO,0,0,0,0,2,0,2,3,N,N,N,N,N,N,N,N,N,N,N,N,N,N,N,N,N,N,N,N,N,N,N,N,N,N,26.08718523,-80.137154,586289.7895,2885624.84,C,U,ARBM15Q1R2,28-Feb-22,1695179,-8920827.474,3009883.812
2.01785E+12,2017,854612930,FHPL17OFF027122,FLORIDA HIGHWAY PATROL,04 FOURTH,BROWARD,8-Apr-17,426,SUNDAY,8638 FT. LAUDERDALE,1038,Y,I 95,COMMERICAL BLVD,0.189,N,26.18842,-80.15183,26.1912517,-80.1516171,86070000,15.295,5201,SR 9,I 95,R RIGHT,3 THRU LANE 3,N NORTH,01 INTERSTATE URBAN,01 INTERSTATE,01 NON-JUNCTION,01 ON ROADWAY,01 NOT AT INTERSECTION,01 PAVED,34,3-Oct-16,11 URBAN PRIN ART INT.,48,PAVED WARN,13,LAWN,8,,0,26,275000,RCI,6.8,0D4500,65,1 NO INJURY,31 Q/C COMPLETED - LOC VERIFIED,0 NO,01 NOT AT INTERSECTION/RRX/BRIDGE,04 DARK-LIGHTED,02 CLOUDY,01 DRY,01 LEVEL,2 CURVE RIGHT,"TWO-WAY, DIVIDED, POSITIVE MED","TWO-WAY, DIVIDED, POSITIVE MED",NO CONTROLS,NO CONTROLS,8,NONE,NOT CODED,NOT CODED,NONE,NOT CODED,NOT CODED,14 MOTOR VEHICLE IN TRANSPORT,01 FRONT TO REAR,15 NEGOTIATING A CURVE,FOLLOWED TOO CLOSELY,NO CONTRIBUTING ACTION,00 NOT CODED,00 NOT CODED,00 NOT CODED,00 NOT CODED,01 NO,0,0,0,0,2,0,2,3,N,N,N,N,N,N,N,N,N,N,N,N,N,N,N,N,N,N,N,N,N,N,N,N,N,N,26.19122908,-80.15160929,584768.9321,2897138.546,R,,ARBM15Q1R2,28-Feb-22,1695358,-8922436.631,3022785.421