Crash Id,Calendar Year,FDOT Crash Number,Reporting Agency Case Number,Reporting Agency Type,FDOT Managing District,County Name,Crash Date,Crash Time,Day,DHSMV City,Crash Report City Code,In Town,On Roadway Name,Int Roadway Name,Reference Distance (Miles),Reference Direction,Officer Latitude,Officer Longitude,FDOT Latitude,FDOT Longitude,FDOT Roadway,Nearest Inventory MP,Nearest Node From Crash,State Road #,US Highway,Crash Side of Road,Accident Lane Number,Travel Direction Vehicle 1,FDOT Road Category,DHSMV Road System Id,Relation to Junction,Crash Harmful Event Location,Intersection Type,Shoulder Type,FDOT Roadway SKID Test Result,FDOT Roadway SKID Test Date,Functional Class,RCI Surface Width,RCI Shoulder Type First,RCI Shoulder Width First,RCI Shoulder Type Second,RCI Shoulder Width Second,RCI Shoulder Type Third,RCI Shoulder Width Third,RCI Median Width,Avg Daily Traffic,AADT Source,RCI Avg Per Truck Traffic,RCI Horiz Curve Condition,Posted Speed Limit,Highest Injury in Crash,CAR Status Code,Alcohols/Drug Involved,Site Location,Lighting,Weather,Road Surface,Roadway Grade,Roadway Alignment,Traffic Way Vehicle 1,Traffic Way Vehicle 2,Traffic Control Vehicle 1,Traffic Control Vehicle 2,Count of Lanes,Road Condition 1,Road Condition 2,Road Condition 3,Environment Condition 1,Environment Condition 2,Environment Condition 3,Crash Harmful Event,Manner of Collision,Vehicle Movement,Driver Action Vehicle 1,Driver Action Vehicle 2,Location Within Workzone,Type of Workzone,Workers Present in Workzone,Law Enforcement Present in Workzone,School Bus Related,Count of Nonfatal Injuries,Count of Traffic Fatalities,Count of Serious Injuries,Count of Pedestrians,Count of Drivers,Count of Bicyclists,Count of Vehicles,Count of Persons,Wrong Way,Workzone Inv,Commercial Vehicle Inv,Intersection Inv,Lane Departure,Speeding,Agressive Driving,Impaired Driver,Impaired Pedestrian,Impaired Bicyclist,Distracted Driver,Speeding or Aggressive Driving,Pedestrian Related,Bicyclist Related,Pedestrian or Bicyclist Related,Motorcycle Inv,No Belt,No Belt - Ages 1-4,No Belt - Ages 5-12,No Belt - Ages 13-17,Driver - Ages Teen,Driver - Ages 65 plus,Driver - Ages 65-69,Driver - Ages 70-74,Driver - Ages 75-79,Driver - Ages 80 plus,ARBM Latitude,ARBM Longitude,UTM Zone 17N X,UTM Zone 17N Y,ARBM Side of Road,Urban Rural Indicator,GIS Street Source,Extract Date,OBJECTID,x,y
2.01787E+12,2017,874045850,3.41709E+11,COUNTY SHERIFF'S OFFICE,04 FOURTH,BROWARD,27-Sep-17,1736,THURSDAY,8638 FT. LAUDERDALE,1038,Y,NW 7TH TER,NW 13TH ST,0.028,N,0,0,26.142343,-80.152108,86A15627,0.028,,,,R RIGHT,1 THRU LANE 1,E EAST,,05 LOCAL,01 NON-JUNCTION,01 ON ROADWAY,01 NOT AT INTERSECTION,02 UNPAVED,0,31-Dec-00,,,,0,,0,,0,,,RCI,0,,,1 NO INJURY,33 Q/C VERIFIED AS OFF-SYSTEM,0 NO,01 NOT AT INTERSECTION/RRX/BRIDGE,01 DAYLIGHT,01 CLEAR,01 DRY,01 LEVEL,1 STRAIGHT,"TWO-WAY, NOT DIVIDED","TWO-WAY, NOT DIVIDED",NO CONTROLS,NO CONTROLS,,NONE,NOT CODED,NOT CODED,NONE,NOT CODED,NOT CODED,14 MOTOR VEHICLE IN TRANSPORT,07 REAR TO REAR,04 BACKING,OTHER CONTRIBUTING ACTION,OTHER CONTRIBUTING ACTION,00 NOT CODED,00 NOT CODED,00 NOT CODED,00 NOT CODED,01 NO,0,0,0,0,2,0,2,3,N,N,N,N,N,N,N,N,N,N,N,N,N,N,N,N,N,N,N,N,N,N,N,N,N,N,26.14234291,-80.1521113,584754.1064,2891723.893,C,U,ARBM15Q1R2,28-Feb-22,1723711,-8922492.514,3016722.023
2.01787E+12,2017,874047290,3.4171E+11,COUNTY SHERIFF'S OFFICE,04 FOURTH,BROWARD,2-Oct-17,1709,TUESDAY,8638 FT. LAUDERDALE,1038,Y,SR 736,4TH AVE SW,0.009,W,0,0,26.1074441,-80.1472168,86210000,3.38,2835,SR 736,,L LEFT,1 THRU LANE 1,W WEST,21 URBAN 4-5LN 2WY DIVD PAVD,03 STATE,01 NON-JUNCTION,01 ON ROADWAY,01 NOT AT INTERSECTION,03 CURB,32,17-Jun-15,16 URBAN MINOR ART,24,CURB&GUTTER,2,,0,,0,13,35000,RCI,3.8,,35,1 NO INJURY,31 Q/C COMPLETED - LOC VERIFIED,0 NO,02 AT INTERSECTION,01 DAYLIGHT,03 RAIN,02 WET,01 LEVEL,1 STRAIGHT,ONE-WAY TRAFFICWAY,"TWO-WAY, DIVIDED, POSITIVE MED",NO CONTROLS,NO CONTROLS,4,NONE,NOT CODED,NOT CODED,NONE,NOT CODED,NOT CODED,14 MOTOR VEHICLE IN TRANSPORT,01 FRONT TO REAR,01 STRAIGHT AHEAD,OPERATED MV IN CARLESS OR NEGL,NO CONTRIBUTING ACTION,00 NOT CODED,00 NOT CODED,00 NOT CODED,00 NOT CODED,01 NO,0,0,0,0,2,0,2,2,N,N,N,Y,N,N,N,N,N,N,N,N,N,N,N,N,N,N,N,N,N,Y,Y,N,N,N,26.10744523,-80.14721985,585268.4052,2887862.062,C,,ARBM15Q1R2,28-Feb-22,1723712,-8921948,3012395.184
2.01787E+12,2017,874049360,3.4171E+11,COUNTY SHERIFF'S OFFICE,04 FOURTH,BROWARD,9-Oct-17,1305,TUESDAY,8638 FT. LAUDERDALE,1038,Y,E CYPRESS CREEK RD,NE 14TH RD,0.028,W,0,0,26.203607,-80.129584,86530500,1.624,,,,R RIGHT,1 THRU LANE 1,E EAST,,05 LOCAL,01 NON-JUNCTION,01 ON ROADWAY,01 NOT AT INTERSECTION,02 UNPAVED,0,31-Dec-00,,,,0,,0,,0,,,RCI,0,,,2 POSSIBLE INJURY,33 Q/C VERIFIED AS OFF-SYSTEM,0 NO,01 NOT AT INTERSECTION/RRX/BRIDGE,01 DAYLIGHT,01 CLEAR,01 DRY,01 LEVEL,1 STRAIGHT,"TWO-WAY, DIVIDED, POSITIVE MED","TWO-WAY, DIVIDED, POSITIVE MED",NO CONTROLS,NO CONTROLS,,NONE,NOT CODED,NOT CODED,NONE,NOT CODED,NOT CODED,14 MOTOR VEHICLE IN TRANSPORT,01 FRONT TO REAR,01 STRAIGHT AHEAD,NO CONTRIBUTING ACTION,NO CONTRIBUTING ACTION,00 NOT CODED,00 NOT CODED,00 NOT CODED,00 NOT CODED,01 NO,1,0,0,0,3,0,3,3,N,N,N,N,N,N,N,N,N,N,N,N,N,N,N,N,N,N,N,N,N,N,N,N,N,N,26.20360505,-80.12958394,586960.5552,2898523.811,R,U,ARBM15Q1R2,28-Feb-22,1723713,-8919984.78,3024320.827
2.01787E+12,2017,874053630,3.4171E+11,COUNTY SHERIFF'S OFFICE,04 FOURTH,BROWARD,25-Oct-17,1145,THURSDAY,8638 FT. LAUDERDALE,1038,Y,E LAS OLAS BLVD,SE 3RD AVE,0.009,E,0,0,26.119146,-80.140409,86000142,0.192,,,,L LEFT,2 THRU LANE 2,W WEST,,05 LOCAL,01 NON-JUNCTION,01 ON ROADWAY,02 FOUR-WAY INTERSECTION,03 CURB,0,31-Dec-00,,,,0,,0,,0,,,RCI,0,,,1 NO INJURY,33 Q/C VERIFIED AS OFF-SYSTEM,0 NO,01 NOT AT INTERSECTION/RRX/BRIDGE,01 DAYLIGHT,01 CLEAR,01 DRY,01 LEVEL,1 STRAIGHT,"TWO-WAY, DIVIDED, UNPROTECTED","TWO-WAY, DIVIDED, UNPROTECTED",TRAFFIC CONTROL SIGNAL,TRAFFIC CONTROL SIGNAL,,NONE,NOT CODED,NOT CODED,NONE,NOT CODED,NOT CODED,14 MOTOR VEHICLE IN TRANSPORT,03 ANGLE,05 TURNING RIGHT,IMPROPER TURN,NO CONTRIBUTING ACTION,00 NOT CODED,00 NOT CODED,00 NOT CODED,00 NOT CODED,01 NO,0,0,0,0,2,0,2,2,N,N,Y,N,N,N,N,N,N,N,N,N,N,N,N,N,N,N,N,N,N,N,N,N,N,N,26.11914522,-80.14040733,585941.0551,2889162.353,C,U,ARBM15Q1R2,28-Feb-22,1723714,-8921189.633,3013845.681
2.01787E+12,2017,869439770,3.41703E+11,COUNTY SHERIFF'S OFFICE,04 FOURTH,BROWARD,27-Mar-17,800,TUESDAY,8638 FT. LAUDERDALE,1038,Y,NE 18TH AVE,NE 51ST ST,0.004,N,0,0,26.190938,-80.122681,86000177,0.518,,,,R RIGHT,2 THRU LANE 2,N NORTH,,05 LOCAL,01 NON-JUNCTION,01 ON ROADWAY,01 NOT AT INTERSECTION,01 PAVED,0,31-Dec-00,,,,0,,0,,0,,,RCI,0,,,1 NO INJURY,33 Q/C VERIFIED AS OFF-SYSTEM,0 NO,01 NOT AT INTERSECTION/RRX/BRIDGE,01 DAYLIGHT,01 CLEAR,01 DRY,01 LEVEL,1 STRAIGHT,"TWO-WAY, DIVIDED, UNPROTECTED","TWO-WAY, DIVIDED, UNPROTECTED",NO CONTROLS,NO CONTROLS,,NONE,NOT CODED,NOT CODED,NONE,NOT CODED,NOT CODED,14 MOTOR VEHICLE IN TRANSPORT,03 ANGLE,01 STRAIGHT AHEAD,FOLLOWED TOO CLOSELY,NO CONTRIBUTING ACTION,00 NOT CODED,00 NOT CODED,00 NOT CODED,00 NOT CODED,01 NO,0,0,0,0,2,0,2,4,N,N,N,N,N,N,N,N,N,N,N,N,N,N,N,N,N,N,N,N,N,N,N,N,N,N,26.19093805,-80.12267868,587659.9554,2897125.528,C,U,ARBM15Q1R2,28-Feb-22,1724176,-8919216.089,3022749.316
2.01787E+12,2017,869462420,3.41706E+11,COUNTY SHERIFF'S OFFICE,04 FOURTH,BROWARD,4-Jun-17,1349,MONDAY,8638 FT. LAUDERDALE,1038,Y,FEDERAL HWY N,26TH ST NE,0.019,N,0,0,26.1600804,-80.1166085,86020000,3.582,1385,SR 5,US 1,L LEFT,3 THRU LANE 3,S SOUTH,30 URBAN 6+LN 2WY DIVD RASD,02 U.S.,01 NON-JUNCTION,01 ON ROADWAY,01 NOT AT INTERSECTION,03 CURB,37,2-Oct-16,14 URBAN PRIN ART OTHER,33,PAVED,3,CURB&GUTTER,2,,0,20,54500,RCI,1.5,,45,1 NO INJURY,31 Q/C COMPLETED - LOC VERIFIED,0 NO,03 INFLUENCED BY INTERSECTION,01 DAYLIGHT,03 RAIN,02 WET,01 LEVEL,1 STRAIGHT,"TWO-WAY, DIVIDED, POSITIVE MED","TWO-WAY, DIVIDED, POSITIVE MED",NO CONTROLS,NO CONTROLS,6,"RD SURFC (WET, ICY, SNOW, ETC)",NOT CODED,NOT CODED,WEATHER CONDITIONS,NOT CODED,NOT CODED,14 MOTOR VEHICLE IN TRANSPORT,01 FRONT TO REAR,01 STRAIGHT AHEAD,NO CONTRIBUTING ACTION,NO CONTRIBUTING ACTION,00 NOT CODED,00 NOT CODED,00 NOT CODED,00 NOT CODED,01 NO,0,0,0,0,2,0,2,2,N,N,N,Y,N,N,N,N,N,N,N,N,N,N,N,N,N,N,N,N,N,N,N,N,N,N,26.16016989,-80.11672418,588278.1208,2893721.852,L,,ARBM15Q1R2,28-Feb-22,1724177,-8918553.236,3018932.826
2.01787E+12,2017,869474410,3.41707E+11,COUNTY SHERIFF'S OFFICE,04 FOURTH,BROWARD,14-Jul-17,143,SATURDAY,8638 FT. LAUDERDALE,1038,Y,BROWARD BLVD W,I 95,0.002,E,0,0,26.1216356,-80.1677582,86006000,5.268,4931,SR 842,,R RIGHT,1 THRU LANE 1,E EAST,30 URBAN 6+LN 2WY DIVD RASD,03 STATE,01 NON-JUNCTION,01 ON ROADWAY,01 NOT AT INTERSECTION,03 CURB,48,19-Jun-17,14 URBAN PRIN ART OTHER,34,CURB&GUTTER,2,,0,,0,29,76000,RCI,4,,40,3 NO-INCAPACITATING INJURY,31 Q/C COMPLETED - LOC VERIFIED,0 NO,03 INFLUENCED BY INTERSECTION,04 DARK-LIGHTED,01 CLEAR,01 DRY,01 LEVEL,1 STRAIGHT,"TWO-WAY, DIVIDED, POSITIVE MED","TWO-WAY, DIVIDED, POSITIVE MED",NO CONTROLS,NO CONTROLS,6,NONE,NOT CODED,NOT CODED,NONE,NOT CODED,NOT CODED,15 PARKED MOTOR VEHICLE,77 OTHER (SEE NARRATIVE),01 STRAIGHT AHEAD,NO CONTRIBUTING ACTION,FOLLOWED TOO CLOSELY,00 NOT CODED,00 NOT CODED,00 NOT CODED,00 NOT CODED,01 NO,1,0,0,0,2,0,2,3,N,N,Y,Y,N,Y,Y,N,N,N,N,Y,N,N,N,N,Y,N,N,N,N,N,N,N,N,N,26.12162523,-80.16773753,583206.7362,2889419.257,R,,ARBM15Q1R2,28-Feb-22,1724178,-8924232.019,3014153.155
2.01787E+12,2017,869466470,3.41706E+11,COUNTY SHERIFF'S OFFICE,04 FOURTH,BROWARD,17-Jun-17,1730,SUNDAY,8638 FT. LAUDERDALE,1038,Y,NE 2ND AVE,NE 5TH ST,0.072,N,0,0,26.128927,-80.141759,86A08899,0.194,,,,R RIGHT,P PARKING,0,,05 LOCAL,01 NON-JUNCTION,08 IN PARKING LANE OR ZONE,01 NOT AT INTERSECTION,03 CURB,0,31-Dec-00,,,,0,,0,,0,,,RCI,0,,,0 UNKNOWN/NOT CODED,33 Q/C VERIFIED AS OFF-SYSTEM,0 NO,01 NOT AT INTERSECTION/RRX/BRIDGE,01 DAYLIGHT,02 CLOUDY,01 DRY,00 NOT CODED,0 NOT CODED,NOT CODED,"TWO-WAY, NOT DIVIDED",NOT CODED,NO CONTROLS,,NONE,NOT CODED,NOT CODED,NONE,NOT CODED,NOT CODED,15 PARKED MOTOR VEHICLE,"04 SIDESWIPE, SAME DIRECTION",00 NOT CODED,NOT CODED,NOT CODED,00 NOT CODED,00 NOT CODED,00 NOT CODED,00 NOT CODED,01 NO,0,0,0,0,0,0,2,0,N,N,N,N,Y,N,N,N,N,N,N,N,N,N,N,N,N,N,N,N,N,N,N,N,N,N,26.1289271,-80.14175551,585799.1131,2890244.838,C,U,ARBM15Q1R2,28-Feb-22,1724179,-8921339.712,3015058.492
2.01787E+12,2017,869477270,3.41707E+11,COUNTY SHERIFF'S OFFICE,04 FOURTH,BROWARD,25-Jul-17,1503,WEDNESDAY,8638 FT. LAUDERDALE,1038,Y,DAVIE BLVD,9TH AVE SW,0.005,W,0,0,26.1073373,-80.1532727,86210000,3.004,374,SR 736,,R RIGHT,L LEFT TURN,E EAST,21 URBAN 4-5LN 2WY DIVD PAVD,03 STATE,01 NON-JUNCTION,01 ON ROADWAY,01 NOT AT INTERSECTION,01 PAVED,32,17-Jun-15,16 URBAN MINOR ART,24,CURB&GUTTER,2,,0,,0,13,42500,RCI,5.8,,40,1 NO INJURY,31 Q/C COMPLETED - LOC VERIFIED,0 NO,02 AT INTERSECTION,01 DAYLIGHT,01 CLEAR,01 DRY,01 LEVEL,1 STRAIGHT,"TWO-WAY, NOT DIV, W/CONT LTURN","TWO-WAY, NOT DIV, W/CONT LTURN",TRAFFIC CONTROL SIGNAL,TRAFFIC CONTROL SIGNAL,4,NONE,NONE,NOT CODED,NONE,NONE,NOT CODED,14 MOTOR VEHICLE IN TRANSPORT,01 FRONT TO REAR,04 BACKING,IMPROPER BACKING,NO CONTRIBUTING ACTION,00 NOT CODED,00 NOT CODED,00 NOT CODED,00 NOT CODED,01 NO,0,0,0,0,2,0,2,2,N,N,N,Y,N,N,N,N,N,N,N,N,N,N,N,N,N,N,N,N,Y,N,N,N,N,N,26.10732465,-80.15327275,584663.243,2887844.757,C,,ARBM15Q1R2,28-Feb-22,1724180,-8922621.806,3012380.236
2.01787E+12,2017,869472150,3.41707E+11,COUNTY SHERIFF'S OFFICE,04 FOURTH,BROWARD,6-Jul-17,840,FRIDAY,8638 FT. LAUDERDALE,1038,Y,BROWARD BLVD W,18TH AVE NW,0.095,E,0,0,26.121814,-80.164163,86006000,5.492,6466,SR 842,,L LEFT,3 THRU LANE 3,W WEST,30 URBAN 6+LN 2WY DIVD RASD,03 STATE,01 NON-JUNCTION,01 ON ROADWAY,01 NOT AT INTERSECTION,03 CURB,40,19-Jun-17,14 URBAN PRIN ART OTHER,33,PAVED,3,CURB&GUTTER,2,,0,16,76000,RCI,4,,40,1 NO INJURY,31 Q/C COMPLETED - LOC VERIFIED,0 NO,01 NOT AT INTERSECTION/RRX/BRIDGE,01 DAYLIGHT,01 CLEAR,01 DRY,01 LEVEL,2 CURVE RIGHT,"TWO-WAY, DIVIDED, POSITIVE MED","TWO-WAY, DIVIDED, POSITIVE MED",TRAFFIC CONTROL SIGNAL,TRAFFIC CONTROL SIGNAL,6,NONE,NOT CODED,NOT CODED,NONE,NOT CODED,NOT CODED,14 MOTOR VEHICLE IN TRANSPORT,03 ANGLE,77 OTHER (SEE NARRATIVE),OTHER CONTRIBUTING ACTION,OTHER CONTRIBUTING ACTION,00 NOT CODED,00 NOT CODED,00 NOT CODED,00 NOT CODED,01 NO,0,0,0,0,2,0,2,2,N,N,N,N,N,N,N,N,N,N,N,N,N,N,N,N,N,N,N,N,N,Y,N,Y,N,N,26.12193547,-80.16413411,583566.7896,2889455.927,L,,ARBM15Q1R2,28-Feb-22,1724181,-8923830.887,3014191.62
2.01787E+12,2017,869469580,3.41706E+11,COUNTY SHERIFF'S OFFICE,04 FOURTH,BROWARD,26-Jun-17,1820,TUESDAY,8638 FT. LAUDERDALE,1038,Y,SUNRISE BLVD E,20TH AVE NE R,0.019,E,0,0,26.1376757,-80.1189936,86005000,0.201,315,SR 838,,R RIGHT,3 THRU LANE 3,E EAST,30 URBAN 6+LN 2WY DIVD RASD,03 STATE,01 NON-JUNCTION,01 ON ROADWAY,01 NOT AT INTERSECTION,03 CURB,33,15-Jun-15,16 URBAN MINOR ART,33,CURB&GUTTER,2,,0,,0,15,35500,RCI,3.5,7D5937,35,2 POSSIBLE INJURY,31 Q/C COMPLETED - LOC VERIFIED,0 NO,03 INFLUENCED BY INTERSECTION,01 DAYLIGHT,01 CLEAR,01 DRY,01 LEVEL,1 STRAIGHT,"TWO-WAY, DIVIDED, POSITIVE MED","TWO-WAY, DIVIDED, POSITIVE MED",NO CONTROLS,NO CONTROLS,6,NONE,NOT CODED,NOT CODED,NONE,NOT CODED,NOT CODED,14 MOTOR VEHICLE IN TRANSPORT,"04 SIDESWIPE, SAME DIRECTION",06 CHANGING LANES,FAILED TO KEEP IN PROPER LANE,NO CONTRIBUTING ACTION,00 NOT CODED,00 NOT CODED,00 NOT CODED,00 NOT CODED,01 NO,1,0,0,0,2,0,2,2,N,N,N,Y,N,N,N,N,N,N,N,N,N,N,N,N,N,N,N,N,N,Y,Y,N,N,N,26.1376203,-80.11921193,588046.3938,2891222.707,R,,ARBM15Q1R2,28-Feb-22,1724182,-8918830.172,3016136.408
2.01787E+12,2017,869468300,3.41706E+11,COUNTY SHERIFF'S OFFICE,04 FOURTH,BROWARD,22-Jun-17,2110,FRIDAY,8638 FT. LAUDERDALE,1038,Y,NW 62ND ST,NW 15TH AVE,0.038,W,0,0,26.203037,-80.164307,86000223,0.447,,,,L LEFT,2 THRU LANE 2,W WEST,,04 COUNTY,01 NON-JUNCTION,01 ON ROADWAY,01 NOT AT INTERSECTION,03 CURB,0,31-Dec-00,,,,0,,0,,0,,,RCI,0,,,1 NO INJURY,33 Q/C VERIFIED AS OFF-SYSTEM,0 NO,01 NOT AT INTERSECTION/RRX/BRIDGE,05 DARK-NOT LIGHTED,01 CLEAR,01 DRY,01 LEVEL,1 STRAIGHT,"TWO-WAY, DIVIDED, POSITIVE MED","TWO-WAY, DIVIDED, POSITIVE MED",NO CONTROLS,NO CONTROLS,,NONE,NOT CODED,NOT CODED,NONE,NOT CODED,NOT CODED,14 MOTOR VEHICLE IN TRANSPORT,03 ANGLE,11 OVERTAKING/PASSING,NO CONTRIBUTING ACTION,NO CONTRIBUTING ACTION,00 NOT CODED,00 NOT CODED,00 NOT CODED,00 NOT CODED,01 NO,0,0,0,0,2,0,2,2,N,N,N,N,N,N,N,N,N,N,N,N,N,N,N,N,N,N,N,N,N,N,N,N,N,N,26.20303745,-80.16430702,583491.7319,2898438.138,L,U,ARBM15Q1R2,28-Feb-22,1724183,-8923850.136,3024250.405
2.01787E+12,2017,869468430,3.41706E+11,COUNTY SHERIFF'S OFFICE,04 FOURTH,BROWARD,23-Jun-17,1433,SATURDAY,8638 FT. LAUDERDALE,1038,Y,NW 7TH AVE,NW 12TH ST,0.044,S,0,0,26.139567,-80.15105,86025501,0.69,,,,R RIGHT,S SIDE OF ROAD,N NORTH,,05 LOCAL,01 NON-JUNCTION,08 IN PARKING LANE OR ZONE,01 NOT AT INTERSECTION,01 PAVED,0,31-Dec-00,,,,0,,0,,0,,,RCI,0,,,0 UNKNOWN/NOT CODED,33 Q/C VERIFIED AS OFF-SYSTEM,0 NO,01 NOT AT INTERSECTION/RRX/BRIDGE,01 DAYLIGHT,01 CLEAR,01 DRY,01 LEVEL,1 STRAIGHT,"TWO-WAY, NOT DIVIDED","TWO-WAY, NOT DIVIDED",NO CONTROLS,NO CONTROLS,,NONE,NOT CODED,NOT CODED,NONE,NOT CODED,NOT CODED,14 MOTOR VEHICLE IN TRANSPORT,01 FRONT TO REAR,77 OTHER (SEE NARRATIVE),NOT CODED,NOT CODED,00 NOT CODED,00 NOT CODED,00 NOT CODED,00 NOT CODED,01 NO,0,0,0,0,0,0,3,0,N,N,N,N,Y,N,N,N,N,N,N,N,N,N,N,N,N,N,N,N,N,N,N,N,N,N,26.13956701,-80.15104948,584862.2572,2891417.146,C,U,ARBM15Q1R2,28-Feb-22,1724184,-8922374.312,3016377.802
2.01787E+12,2017,869440020,3.41703E+11,COUNTY SHERIFF'S OFFICE,04 FOURTH,BROWARD,27-Mar-17,1733,TUESDAY,8638 FT. LAUDERDALE,1038,Y,NE 2ND ST,NE 8TH AVE,0.019,E,0,0,26.12436,-80.135002,86A08918,0.141,,,,R RIGHT,P PARKING,E EAST,,05 LOCAL,01 NON-JUNCTION,01 ON ROADWAY,01 NOT AT INTERSECTION,03 CURB,0,31-Dec-00,,,,0,,0,,0,,,RCI,0,,,1 NO INJURY,33 Q/C VERIFIED AS OFF-SYSTEM,0 NO,01 NOT AT INTERSECTION/RRX/BRIDGE,01 DAYLIGHT,01 CLEAR,01 DRY,01 LEVEL,1 STRAIGHT,"TWO-WAY, NOT DIVIDED","TWO-WAY, NOT DIVIDED",NO CONTROLS,NO CONTROLS,,NONE,NOT CODED,NOT CODED,NONE,NOT CODED,NOT CODED,14 MOTOR VEHICLE IN TRANSPORT,77 OTHER (SEE NARRATIVE),77 OTHER (SEE NARRATIVE),NO CONTRIBUTING ACTION,NOT CODED,00 NOT CODED,00 NOT CODED,00 NOT CODED,00 NOT CODED,01 NO,0,0,0,0,1,0,2,1,N,N,N,N,N,N,N,N,N,N,N,N,N,N,N,N,N,N,N,N,N,N,N,N,N,N,26.12436034,-80.13500201,586477.658,2889743.525,C,U,ARBM15Q1R2,28-Feb-22,1724245,-8920587.916,3014492.266
2.01787E+12,2017,869453160,3.41705E+11,COUNTY SHERIFF'S OFFICE,04 FOURTH,BROWARD,7-May-17,1533,MONDAY,8638 FT. LAUDERDALE,1038,Y,BROWARD BLVD W,18TH AVE NW,0.042,E,0,0,26.1217267,-80.1650108,86006000,5.439,2009,SR 842,,M MEDIAN,M MIDDLE,W WEST,30 URBAN 6+LN 2WY DIVD RASD,03 STATE,01 NON-JUNCTION,03 SHOULDER,01 NOT AT INTERSECTION,03 CURB,40,19-Jun-17,14 URBAN PRIN ART OTHER,33,PAVED,3,CURB&GUTTER,2,,0,16,76000,RCI,4,,40,1 NO INJURY,31 Q/C COMPLETED - LOC VERIFIED,0 NO,03 INFLUENCED BY INTERSECTION,01 DAYLIGHT,01 CLEAR,01 DRY,01 LEVEL,3 CURVE LEFT,"TWO-WAY, DIVIDED, POSITIVE MED",,NO CONTROLS,NOT CODED,6,NONE,NOT CODED,NOT CODED,NONE,NOT CODED,NOT CODED,30 CONCRETE TRAFFIC BARRIER,77 OTHER (SEE NARRATIVE),77 OTHER (SEE NARRATIVE),OTHER CONTRIBUTING ACTION,NOT CODED,05 TERMINATION AREA,03 WORK ON SHOULDER OR MEDIAN,02 YES,01 NO,01 NO,0,0,0,0,1,0,1,1,N,Y,N,Y,N,N,N,N,N,N,Y,N,N,N,N,N,N,N,N,N,N,N,N,N,N,N,26.121721,-80.16498806,583481.5632,2889431.626,R,,ARBM15Q1R2,28-Feb-22,1724246,-8923925.949,3014165.03
2.01787E+12,2017,869442840,3.41704E+11,COUNTY SHERIFF'S OFFICE,04 FOURTH,BROWARD,4-Apr-17,2338,WEDNESDAY,8638 FT. LAUDERDALE,1038,Y,DAVIE BLVD,25TH AVE SW,0.005,W,0,0,26.1065429,-80.17487,86210000,1.659,353,SR 736,,L LEFT,S SIDE OF ROAD,W WEST,33 SUBURBAN 6+LN 2WY DIVD RASD,03 STATE,01 NON-JUNCTION,02 OFF ROADWAY,01 NOT AT INTERSECTION,03 CURB,33,17-Jun-15,16 URBAN MINOR ART,24,PAVED,13,LAWN,6,,0,14,38000,RCI,2.6,,40,1 NO INJURY,31 Q/C COMPLETED - LOC VERIFIED,0 NO,03 INFLUENCED BY INTERSECTION,04 DARK-LIGHTED,01 CLEAR,01 DRY,01 LEVEL,3 CURVE LEFT,"TWO-WAY, DIVIDED, POSITIVE MED",,NO CONTROLS,NOT CODED,5,NONE,NOT CODED,NOT CODED,NONE,NOT CODED,NOT CODED,24 CURB,77 OTHER (SEE NARRATIVE),01 STRAIGHT AHEAD,OPERATED MV IN CARLESS OR NEGL,NOT CODED,00 NOT CODED,00 NOT CODED,00 NOT CODED,00 NOT CODED,01 NO,0,0,0,0,1,0,1,1,N,N,N,Y,N,N,N,N,N,N,N,N,N,N,N,N,N,N,N,N,N,N,N,N,N,N,26.10657523,-80.17487295,582503.898,2887747.889,C,,ARBM15Q1R2,28-Feb-22,1724247,-8925026.33,3012287.332
2.01787E+12,2017,874064460,3.41711E+11,COUNTY SHERIFF'S OFFICE,04 FOURTH,BROWARD,29-Nov-17,1210,THURSDAY,8638 FT. LAUDERDALE,1038,Y,SUNRISE BLVD W,7TH AVE NW,0.002,W,0,0,26.1365762,-80.1510577,86110000,7.228,3402,SR 838,,L LEFT,3 THRU LANE 3,W WEST,30 URBAN 6+LN 2WY DIVD RASD,03 STATE,01 NON-JUNCTION,01 ON ROADWAY,01 NOT AT INTERSECTION,03 CURB,35,19-Jun-17,14 URBAN PRIN ART OTHER,32,PAVED,3,CURB&GUTTER,2,,0,16,53500,RCI,6.8,,40,1 NO INJURY,31 Q/C COMPLETED - LOC VERIFIED,0 NO,03 INFLUENCED BY INTERSECTION,01 DAYLIGHT,01 CLEAR,01 DRY,01 LEVEL,1 STRAIGHT,"TWO-WAY, DIVIDED, POSITIVE MED","TWO-WAY, DIVIDED, POSITIVE MED",NO CONTROLS,NO CONTROLS,6,NONE,NOT CODED,NOT CODED,NONE,NOT CODED,NOT CODED,14 MOTOR VEHICLE IN TRANSPORT,77 OTHER (SEE NARRATIVE),06 CHANGING LANES,OTHER CONTRIBUTING ACTION,NO CONTRIBUTING ACTION,00 NOT CODED,00 NOT CODED,00 NOT CODED,00 NOT CODED,01 NO,0,0,0,0,2,0,2,2,N,N,N,Y,N,N,N,N,N,N,N,N,N,N,N,N,N,N,N,N,N,N,N,N,N,N,26.13671925,-80.15077403,584891.8517,2891101.926,L,,ARBM15Q1R2,28-Feb-22,1724257,-8922343.65,3016024.678