Crash Id,Calendar Year,FDOT Crash Number,Reporting Agency Case Number,Reporting Agency Type,FDOT Managing District,County Name,Crash Date,Crash Time,Day,DHSMV City,Crash Report City Code,In Town,On Roadway Name,Int Roadway Name,Reference Distance (Miles),Reference Direction,Officer Latitude,Officer Longitude,FDOT Latitude,FDOT Longitude,FDOT Roadway,Nearest Inventory MP,Nearest Node From Crash,State Road #,US Highway,Crash Side of Road,Accident Lane Number,Travel Direction Vehicle 1,FDOT Road Category,DHSMV Road System Id,Relation to Junction,Crash Harmful Event Location,Intersection Type,Shoulder Type,FDOT Roadway SKID Test Result,FDOT Roadway SKID Test Date,Functional Class,RCI Surface Width,RCI Shoulder Type First,RCI Shoulder Width First,RCI Shoulder Type Second,RCI Shoulder Width Second,RCI Shoulder Type Third,RCI Shoulder Width Third,RCI Median Width,Avg Daily Traffic,AADT Source,RCI Avg Per Truck Traffic,RCI Horiz Curve Condition,Posted Speed Limit,Highest Injury in Crash,CAR Status Code,Alcohols/Drug Involved,Site Location,Lighting,Weather,Road Surface,Roadway Grade,Roadway Alignment,Traffic Way Vehicle 1,Traffic Way Vehicle 2,Traffic Control Vehicle 1,Traffic Control Vehicle 2,Count of Lanes,Road Condition 1,Road Condition 2,Road Condition 3,Environment Condition 1,Environment Condition 2,Environment Condition 3,Crash Harmful Event,Manner of Collision,Vehicle Movement,Driver Action Vehicle 1,Driver Action Vehicle 2,Location Within Workzone,Type of Workzone,Workers Present in Workzone,Law Enforcement Present in Workzone,School Bus Related,Count of Nonfatal Injuries,Count of Traffic Fatalities,Count of Serious Injuries,Count of Pedestrians,Count of Drivers,Count of Bicyclists,Count of Vehicles,Count of Persons,Wrong Way,Workzone Inv,Commercial Vehicle Inv,Intersection Inv,Lane Departure,Speeding,Agressive Driving,Impaired Driver,Impaired Pedestrian,Impaired Bicyclist,Distracted Driver,Speeding or Aggressive Driving,Pedestrian Related,Bicyclist Related,Pedestrian or Bicyclist Related,Motorcycle Inv,No Belt,No Belt - Ages 1-4,No Belt - Ages 5-12,No Belt - Ages 13-17,Driver - Ages Teen,Driver - Ages 65 plus,Driver - Ages 65-69,Driver - Ages 70-74,Driver - Ages 75-79,Driver - Ages 80 plus,ARBM Latitude,ARBM Longitude,UTM Zone 17N X,UTM Zone 17N Y,ARBM Side of Road,Urban Rural Indicator,GIS Street Source,Extract Date,OBJECTID,x,y
2.01787E+12,2017,869451480,3.41705E+11,COUNTY SHERIFF'S OFFICE,04 FOURTH,BROWARD,2-May-17,1032,WEDNESDAY,8638 FT. LAUDERDALE,1038,Y,W PROSPECT RD,NW 10TH AVE,0.009,W,0,0,26.181079,-80.157014,86518501,2.555,,,,L LEFT,L LEFT TURN,S SOUTH,,05 LOCAL,02 INTERSECTION,01 ON ROADWAY,02 FOUR-WAY INTERSECTION,03 CURB,0,31-Dec-00,,,,0,,0,,0,,,RCI,0,,,1 NO INJURY,33 Q/C VERIFIED AS OFF-SYSTEM,0 NO,02 AT INTERSECTION,01 DAYLIGHT,01 CLEAR,01 DRY,01 LEVEL,1 STRAIGHT,"TWO-WAY, DIVIDED, POSITIVE MED","TWO-WAY, DIVIDED, POSITIVE MED",NO CONTROLS,TRAFFIC CONTROL SIGNAL,,NONE,NOT CODED,NOT CODED,NONE,NOT CODED,NOT CODED,14 MOTOR VEHICLE IN TRANSPORT,03 ANGLE,17 ENTERING TRAFFIC LANE,OTHER CONTRIBUTING ACTION,OTHER CONTRIBUTING ACTION,00 NOT CODED,00 NOT CODED,00 NOT CODED,00 NOT CODED,01 NO,0,0,0,0,2,0,2,2,N,N,N,Y,N,N,N,N,N,N,N,N,N,N,N,N,N,N,N,N,N,N,N,N,N,N,26.18108123,-80.1570139,584236.1922,2896011.113,L,U,ARBM15Q1R2,28-Feb-22,1727446,-8923038.269,3021526.564
2.01787E+12,2017,869432850,3.41703E+11,COUNTY SHERIFF'S OFFICE,04 FOURTH,BROWARD,6-Mar-17,1852,TUESDAY,8638 FT. LAUDERDALE,1038,Y,SR A1A,33RD ST NE,0.004,N,0,0,26.1691098,-80.1001336,86050000,5.495,786,SR A1A,,L LEFT,2 THRU LANE 2,S SOUTH,20 URBAN 4-5LN 2WY DIVD RASD,03 STATE,01 NON-JUNCTION,01 ON ROADWAY,01 NOT AT INTERSECTION,03 CURB,36,15-Jun-15,16 URBAN MINOR ART,24,PAVED,9,CURB&GUTTER,2,,0,16,24500,RCI,3.2,,35,1 NO INJURY,31 Q/C COMPLETED - LOC VERIFIED,0 NO,02 AT INTERSECTION,04 DARK-LIGHTED,01 CLEAR,01 DRY,01 LEVEL,1 STRAIGHT,"TWO-WAY, DIVIDED, POSITIVE MED","TWO-WAY, DIVIDED, POSITIVE MED",NO CONTROLS,NO CONTROLS,4,NONE,NOT CODED,NOT CODED,NONE,NOT CODED,NOT CODED,14 MOTOR VEHICLE IN TRANSPORT,77 OTHER (SEE NARRATIVE),77 OTHER (SEE NARRATIVE),NO CONTRIBUTING ACTION,NO CONTRIBUTING ACTION,00 NOT CODED,00 NOT CODED,00 NOT CODED,00 NOT CODED,01 NO,0,0,0,0,2,0,2,2,N,N,N,Y,N,N,N,N,N,N,Y,N,N,N,N,N,N,N,N,N,N,N,N,N,N,N,26.169173,-80.10028228,589914.5674,2894730.262,L,,ARBM15Q1R2,28-Feb-22,1727537,-8916722.932,3020049.469
2.01787E+12,2017,869436310,3.41703E+11,COUNTY SHERIFF'S OFFICE,04 FOURTH,BROWARD,16-Mar-17,719,FRIDAY,8638 FT. LAUDERDALE,1038,Y,NW 62ND ST,NW 31ST AVE,0.833,W,0,0,26.203848,-80.200744,86000042,3.341,,,,R RIGHT,3 THRU LANE 3,E EAST,,05 LOCAL,01 NON-JUNCTION,01 ON ROADWAY,01 NOT AT INTERSECTION,03 CURB,0,31-Dec-00,,,,0,,0,,0,,,RCI,0,,,2 POSSIBLE INJURY,33 Q/C VERIFIED AS OFF-SYSTEM,0 NO,01 NOT AT INTERSECTION/RRX/BRIDGE,01 DAYLIGHT,01 CLEAR,01 DRY,01 LEVEL,1 STRAIGHT,"TWO-WAY, DIVIDED, POSITIVE MED","TWO-WAY, DIVIDED, POSITIVE MED",NO CONTROLS,NO CONTROLS,,NONE,NOT CODED,NOT CODED,NONE,NOT CODED,NOT CODED,14 MOTOR VEHICLE IN TRANSPORT,01 FRONT TO REAR,01 STRAIGHT AHEAD,FOLLOWED TOO CLOSELY,NO CONTRIBUTING ACTION,00 NOT CODED,00 NOT CODED,00 NOT CODED,00 NOT CODED,01 NO,5,0,0,0,2,0,2,6,N,N,N,N,N,N,N,N,N,N,N,N,N,N,N,N,N,N,N,N,N,N,N,N,N,N,26.20384521,-80.20074731,579850.3857,2898504.662,R,U,ARBM15Q1R2,28-Feb-22,1727545,-8927906.651,3024350.623
2.01787E+12,2017,869432560,3.41703E+11,COUNTY SHERIFF'S OFFICE,04 FOURTH,BROWARD,5-Mar-17,1812,MONDAY,8638 FT. LAUDERDALE,1038,Y,SW 1ST AVE,SW 17TH ST,0.047,N,0,0,26.101262,-80.143006,86A17753,0.338,,,,L LEFT,S SIDE OF ROAD,S SOUTH,,05 LOCAL,01 NON-JUNCTION,02 OFF ROADWAY,01 NOT AT INTERSECTION,01 PAVED,0,31-Dec-00,,,,0,,0,,0,,,RCI,0,,,2 POSSIBLE INJURY,33 Q/C VERIFIED AS OFF-SYSTEM,0 NO,01 NOT AT INTERSECTION/RRX/BRIDGE,01 DAYLIGHT,01 CLEAR,01 DRY,01 LEVEL,1 STRAIGHT,"TWO-WAY, NOT DIVIDED","TWO-WAY, NOT DIVIDED",NO CONTROLS,NO CONTROLS,,NONE,NOT CODED,NOT CODED,NONE,NOT CODED,NOT CODED,15 PARKED MOTOR VEHICLE,01 FRONT TO REAR,04 BACKING,OPERATED MV IN CARLESS OR NEGL,NOT CODED,00 NOT CODED,00 NOT CODED,00 NOT CODED,00 NOT CODED,01 NO,1,0,0,0,1,0,2,1,N,N,N,N,Y,N,N,N,N,N,N,N,N,N,N,N,N,N,N,N,N,N,N,N,N,N,26.101262,-80.14300601,585694.2689,2887180.018,C,U,ARBM15Q1R2,28-Feb-22,1727766,-8921478.917,3011628.682
2.01787E+12,2017,869431440,3.41703E+11,COUNTY SHERIFF'S OFFICE,04 FOURTH,BROWARD,2-Mar-17,223,FRIDAY,8638 FT. LAUDERDALE,1038,Y,I 95,SR 84,0.005,S,0,0,26.088377,-80.1687878,86070084,0.005,5908,SR 9,I 95,L LEFT,X RAMP,W WEST,07 RAMP URBAN,03 STATE,02 INTERSECTION,01 ON ROADWAY,77 OTHER (SEE NARRATIVE),01 PAVED,0,31-Dec-00,,11,PAVED,5,,0,,0,,8800,RCI,6.3,,,1 NO INJURY,31 Q/C COMPLETED - LOC VERIFIED,0 NO,07 ENTRANCE RAMP,04 DARK-LIGHTED,01 CLEAR,01 DRY,01 LEVEL,1 STRAIGHT,"TWO-WAY, DIVIDED, POSITIVE MED",,TRAFFIC CONTROL SIGNAL,NOT CODED,1,NONE,NOT CODED,NOT CODED,NONE,NOT CODED,NOT CODED,14 MOTOR VEHICLE IN TRANSPORT,03 ANGLE,77 OTHER (SEE NARRATIVE),OTHER CONTRIBUTING ACTION,NOT CODED,00 NOT CODED,00 NOT CODED,00 NOT CODED,00 NOT CODED,01 NO,0,0,0,0,1,0,1,1,N,N,N,N,N,N,N,N,N,N,N,N,N,N,N,N,N,N,N,N,N,N,N,N,N,N,26.08837204,-80.16883048,583120.9731,2885735.687,O,,ARBM15Q1R2,28-Feb-22,1727774,-8924353.684,3010030.913
2.01787E+12,2017,869434540,3.41703E+11,COUNTY SHERIFF'S OFFICE,04 FOURTH,BROWARD,11-Mar-17,1956,SUNDAY,8638 FT. LAUDERDALE,1038,Y,SE 5TH AVE,SE 4TH ST,0,E,0,0,26.044577,-80.135202,86000150,0.897,,,,I INTERSECTION,M MIDDLE,E EAST,,05 LOCAL,01 NON-JUNCTION,01 ON ROADWAY,03 T-INTERSECTION,01 PAVED,0,31-Dec-00,,,,0,,0,,0,,,RCI,0,,,1 NO INJURY,33 Q/C VERIFIED AS OFF-SYSTEM,0 NO,01 NOT AT INTERSECTION/RRX/BRIDGE,05 DARK-NOT LIGHTED,02 CLOUDY,02 WET,01 LEVEL,1 STRAIGHT,"TWO-WAY, NOT DIVIDED","TWO-WAY, NOT DIVIDED",STOP SIGN,NO CONTROLS,,NONE,NOT CODED,NOT CODED,NONE,NOT CODED,NOT CODED,14 MOTOR VEHICLE IN TRANSPORT,03 ANGLE,03 TURNING LEFT,RAN STOP SIGN,NO CONTRIBUTING ACTION,00 NOT CODED,00 NOT CODED,00 NOT CODED,00 NOT CODED,01 NO,0,0,0,0,2,0,2,3,N,N,N,N,N,N,N,N,N,N,N,N,N,N,N,N,N,N,N,N,N,N,N,N,N,N,26.04457524,-80.13519733,586516.7784,2880906.976,C,U,ARBM15Q1R2,28-Feb-22,1727816,-8920609.659,3004603.416
2.01787E+12,2017,869430940,3.41703E+11,COUNTY SHERIFF'S OFFICE,04 FOURTH,BROWARD,28-Feb-17,1705,WEDNESDAY,8638 FT. LAUDERDALE,1038,Y,FEDERAL HWY S,28TH ST SE,0.009,N,0,0,26.0890817,-80.1363249,86010001,2.294,6444,SR 5,US 1,L LEFT,3 THRU LANE 3,S SOUTH,30 URBAN 6+LN 2WY DIVD RASD,02 U.S.,01 NON-JUNCTION,01 ON ROADWAY,01 NOT AT INTERSECTION,03 CURB,31,14-Jun-15,14 URBAN PRIN ART OTHER,33,CURB&GUTTER,2,,0,,0,48,65000,RCI,8.7,,40,2 POSSIBLE INJURY,31 Q/C COMPLETED - LOC VERIFIED,0 NO,02 AT INTERSECTION,01 DAYLIGHT,01 CLEAR,01 DRY,01 LEVEL,1 STRAIGHT,"TWO-WAY, DIVIDED, POSITIVE MED","TWO-WAY, DIVIDED, POSITIVE MED",NO CONTROLS,NO CONTROLS,6,NONE,NOT CODED,NOT CODED,NONE,NOT CODED,NOT CODED,14 MOTOR VEHICLE IN TRANSPORT,"04 SIDESWIPE, SAME DIRECTION",06 CHANGING LANES,OTHER CONTRIBUTING ACTION,OTHER CONTRIBUTING ACTION,00 NOT CODED,00 NOT CODED,00 NOT CODED,00 NOT CODED,01 NO,1,0,0,0,2,0,2,2,N,N,N,Y,N,N,N,N,N,N,N,N,N,N,N,N,N,N,N,N,N,N,N,N,N,N,26.08919041,-80.13649978,586353.7467,2885847.353,L,,ARBM15Q1R2,28-Feb-22,1727819,-8920754.647,3010132.348
2.01787E+12,2017,869452760,3.41705E+11,COUNTY SHERIFF'S OFFICE,04 FOURTH,BROWARD,5-May-17,2250,SATURDAY,8638 FT. LAUDERDALE,1038,Y,4TH AVE NE,16TH ST NE,0.019,S,0,0,26.1472625,-80.1407653,86170000,0.712,2858,SR 811,,L LEFT,2 THRU LANE 2,E EAST,21 URBAN 4-5LN 2WY DIVD PAVD,05 LOCAL,01 NON-JUNCTION,01 ON ROADWAY,01 NOT AT INTERSECTION,01 PAVED,36,6-Jul-15,16 URBAN MINOR ART,22,CURB&GUTTER,2,,0,,0,13,18500,RCI,8.3,,30,2 POSSIBLE INJURY,31 Q/C COMPLETED - LOC VERIFIED,0 NO,04 DRIVEWAY ACCESS,04 DARK-LIGHTED,01 CLEAR,01 DRY,01 LEVEL,1 STRAIGHT,"TWO-WAY, NOT DIV, W/CONT LTURN","TWO-WAY, NOT DIV, W/CONT LTURN",STOP SIGN,NO CONTROLS,4,NONE,NOT CODED,NOT CODED,NONE,NOT CODED,NOT CODED,14 MOTOR VEHICLE IN TRANSPORT,03 ANGLE,03 TURNING LEFT,IMPROPER TURN,NO CONTRIBUTING ACTION,00 NOT CODED,00 NOT CODED,00 NOT CODED,00 NOT CODED,01 NO,1,0,0,0,2,0,2,3,N,N,N,N,N,N,N,N,N,N,N,N,N,N,N,N,N,N,N,N,Y,N,N,N,N,N,26.14719007,-80.14077187,585884.0887,2892268.174,C,,ARBM15Q1R2,28-Feb-22,1727999,-8921230.214,3017323.107
2.01787E+12,2017,869456880,3.41705E+11,COUNTY SHERIFF'S OFFICE,04 FOURTH,BROWARD,18-May-17,1320,FRIDAY,8638 FT. LAUDERDALE,1038,Y,SR 5,12TH CT SE,0.019,S,0,0,26.1064606,-80.1368769,86010000,9.229,3362,SR 5,US 1,R RIGHT,L LEFT TURN,N NORTH,30 URBAN 6+LN 2WY DIVD RASD,02 U.S.,01 NON-JUNCTION,01 ON ROADWAY,01 NOT AT INTERSECTION,01 PAVED,43,19-Jun-17,14 URBAN PRIN ART OTHER,32,CURB&GUTTER,2,,0,,0,19,46500,RCI,3,,40,1 NO INJURY,31 Q/C COMPLETED - LOC VERIFIED,0 NO,01 NOT AT INTERSECTION/RRX/BRIDGE,01 DAYLIGHT,01 CLEAR,01 DRY,01 LEVEL,1 STRAIGHT,"TWO-WAY, DIVIDED, POSITIVE MED","TWO-WAY, DIVIDED, POSITIVE MED",NO CONTROLS,NO CONTROLS,6,NONE,NOT CODED,NOT CODED,NONE,NOT CODED,NOT CODED,14 MOTOR VEHICLE IN TRANSPORT,"04 SIDESWIPE, SAME DIRECTION",06 CHANGING LANES,IMPROPER PASSING,NO CONTRIBUTING ACTION,00 NOT CODED,00 NOT CODED,00 NOT CODED,00 NOT CODED,01 NO,0,0,0,0,2,0,2,2,N,N,N,N,Y,N,N,N,N,N,Y,N,N,N,N,N,N,N,N,N,N,N,N,N,N,N,26.10647984,-80.13685733,586305.2979,2887761.971,R,,ARBM15Q1R2,28-Feb-22,1728000,-8920794.449,3012275.508
2.01787E+12,2017,869437970,3.41703E+11,COUNTY SHERIFF'S OFFICE,04 FOURTH,BROWARD,21-Mar-17,1507,WEDNESDAY,8638 FT. LAUDERDALE,1038,Y,NW 4TH ST,NW 11TH TER,0.002,W,0,0,26.125681,-80.157077,86000146,0.294,,,,R RIGHT,S SIDE OF ROAD,E EAST,,05 LOCAL,02 INTERSECTION,01 ON ROADWAY,03 T-INTERSECTION,03 CURB,0,31-Dec-00,,,,0,,0,,0,,,RCI,0,,,1 NO INJURY,33 Q/C VERIFIED AS OFF-SYSTEM,0 NO,02 AT INTERSECTION,01 DAYLIGHT,01 CLEAR,01 DRY,01 LEVEL,1 STRAIGHT,"TWO-WAY, NOT DIVIDED","TWO-WAY, NOT DIVIDED",SCHOOL ZONE SIGN/DEVICE,NO CONTROLS,,NONE,NOT CODED,NOT CODED,NONE,NOT CODED,NOT CODED,14 MOTOR VEHICLE IN TRANSPORT,03 ANGLE,03 TURNING LEFT,IMPROPER TURN,NOT CODED,00 NOT CODED,00 NOT CODED,00 NOT CODED,00 NOT CODED,"02 YES, SCHOOL BUS DIRECTLY INVOL",0,0,0,0,1,0,2,13,N,N,Y,Y,N,N,N,N,N,N,N,N,N,N,N,N,Y,N,Y,Y,N,N,N,N,N,N,26.12568523,-80.15707714,584269.66,2889875.775,C,U,ARBM15Q1R2,28-Feb-22,1728001,-8923045.309,3014656.535
2.01787E+12,2017,869451070,3.41705E+11,COUNTY SHERIFF'S OFFICE,04 FOURTH,BROWARD,30-Apr-17,1734,MONDAY,8638 FT. LAUDERDALE,1038,Y,SR 84,ANDREWS AVE,0.028,W,0,0,26.0926616,-80.1409498,86080000,19.447,113,SR 84,,R RIGHT,3 THRU LANE 3,E EAST,30 URBAN 6+LN 2WY DIVD RASD,05 LOCAL,01 NON-JUNCTION,01 ON ROADWAY,01 NOT AT INTERSECTION,03 CURB,31,5-Jul-15,16 URBAN MINOR ART,34,CURB&GUTTER,2,,0,,0,18,25500,RCI,7.1,,40,1 NO INJURY,31 Q/C COMPLETED - LOC VERIFIED,0 NO,03 INFLUENCED BY INTERSECTION,01 DAYLIGHT,01 CLEAR,01 DRY,01 LEVEL,1 STRAIGHT,"TWO-WAY, DIVIDED, POSITIVE MED","TWO-WAY, DIVIDED, POSITIVE MED",NO CONTROLS,NO CONTROLS,6,NONE,NOT CODED,NOT CODED,NONE,NOT CODED,NOT CODED,14 MOTOR VEHICLE IN TRANSPORT,01 FRONT TO REAR,14 SLOWING,FOLLOWED TOO CLOSELY,NO CONTRIBUTING ACTION,00 NOT CODED,00 NOT CODED,00 NOT CODED,00 NOT CODED,01 NO,0,0,0,0,2,0,2,5,N,N,N,Y,N,N,N,N,N,N,Y,N,N,N,N,N,N,N,N,N,N,N,N,N,N,N,26.0926437,-80.14095914,585905.2486,2886226.866,R,,ARBM15Q1R2,28-Feb-22,1728290,-8921251.061,3010560.385
2.01787E+12,2017,869451090,3.41704E+11,COUNTY SHERIFF'S OFFICE,04 FOURTH,BROWARD,19-Apr-17,1215,THURSDAY,8638 FT. LAUDERDALE,1038,Y,COMMERCIAL BLVD W,15TH AVE NW,0.011,W,0,0,26.1882749,-80.1634616,86014000,5.736,2158,SR 870,,R RIGHT,2 THRU LANE 2,W WEST,30 URBAN 6+LN 2WY DIVD RASD,03 STATE,01 NON-JUNCTION,01 ON ROADWAY,01 NOT AT INTERSECTION,03 CURB,40,18-Jun-17,14 URBAN PRIN ART OTHER,36,PAVED,4,CURB&GUTTER,2,,0,28,54500,RCI,4.1,,45,1 NO INJURY,31 Q/C COMPLETED - LOC VERIFIED,0 NO,03 INFLUENCED BY INTERSECTION,01 DAYLIGHT,01 CLEAR,01 DRY,01 LEVEL,1 STRAIGHT,"TWO-WAY, DIVIDED, POSITIVE MED","TWO-WAY, DIVIDED, POSITIVE MED",NO CONTROLS,NO CONTROLS,6,NONE,NOT CODED,NOT CODED,NONE,NOT CODED,NOT CODED,14 MOTOR VEHICLE IN TRANSPORT,03 ANGLE,10 MAKING U-TURN,NOT CODED,NO CONTRIBUTING ACTION,00 NOT CODED,00 NOT CODED,00 NOT CODED,00 NOT CODED,01 NO,0,0,0,0,1,0,2,1,N,N,N,Y,N,N,N,N,N,N,N,N,N,N,N,N,N,N,N,N,N,N,N,N,N,N,26.18824931,-80.16349229,583583.6892,2896800.818,R,,ARBM15Q1R2,28-Feb-22,1728291,-8923759.44,3022415.764
2.01787E+12,2017,869435490,3.41703E+11,COUNTY SHERIFF'S OFFICE,04 FOURTH,BROWARD,13-Mar-17,2354,TUESDAY,8638 FT. LAUDERDALE,1038,Y,FEDERAL HWY N,COMMERCIAL BLVD E,0,,0,0,26.1894848,-80.1148567,86020000,5.745,1399,SR 5,US 1,R RIGHT,1 THRU LANE 1,N NORTH,30 URBAN 6+LN 2WY DIVD RASD,03 STATE,01 NON-JUNCTION,01 ON ROADWAY,02 FOUR-WAY INTERSECTION,01 PAVED,39,2-Oct-16,14 URBAN PRIN ART OTHER,33,PAVED,3,CURB&GUTTER,2,,0,30,44500,RCI,2.6,0D2700,45,1 NO INJURY,31 Q/C COMPLETED - LOC VERIFIED,0 NO,02 AT INTERSECTION,04 DARK-LIGHTED,01 CLEAR,01 DRY,01 LEVEL,1 STRAIGHT,"TWO-WAY, DIVIDED, UNPROTECTED","TWO-WAY, DIVIDED, UNPROTECTED",TRAFFIC CONTROL SIGNAL,TRAFFIC CONTROL SIGNAL,6,NONE,NOT CODED,NOT CODED,NONE,NOT CODED,NOT CODED,14 MOTOR VEHICLE IN TRANSPORT,02 FRONT TO FRONT,01 STRAIGHT AHEAD,FAILED TO YIELD RIGHT-OF-WAY,NO CONTRIBUTING ACTION,00 NOT CODED,00 NOT CODED,00 NOT CODED,00 NOT CODED,01 NO,0,0,0,0,2,0,2,3,N,N,N,Y,N,N,N,N,N,N,N,N,N,N,N,N,N,N,N,N,N,N,N,N,N,N,26.18943209,-80.1148632,588442.0363,2896964.039,R,,ARBM15Q1R2,28-Feb-22,1728317,-8918346.073,3022562.494
2.01787E+12,2017,869436700,3.41703E+11,COUNTY SHERIFF'S OFFICE,04 FOURTH,BROWARD,17-Mar-17,1200,SATURDAY,8638 FT. LAUDERDALE,1038,Y,SW 14TH ST,SW 30TH AVE,0.009,W,0,0,26.103088,-80.184412,86A17750,0.879,,,,R RIGHT,S SIDE OF ROAD,S SOUTH,,05 LOCAL,01 NON-JUNCTION,10 ROADSIDE,01 NOT AT INTERSECTION,01 PAVED,0,31-Dec-00,,,,0,,0,,0,,,RCI,0,,,0 UNKNOWN/NOT CODED,33 Q/C VERIFIED AS OFF-SYSTEM,0 NO,01 NOT AT INTERSECTION/RRX/BRIDGE,01 DAYLIGHT,01 CLEAR,01 DRY,01 LEVEL,1 STRAIGHT,"TWO-WAY, NOT DIVIDED",,NO CONTROLS,NOT CODED,,NONE,NOT CODED,NOT CODED,NONE,NOT CODED,NOT CODED,38 MAILBOX,77 OTHER (SEE NARRATIVE),04 BACKING,NOT CODED,NOT CODED,00 NOT CODED,00 NOT CODED,00 NOT CODED,00 NOT CODED,01 NO,0,0,0,0,0,0,1,0,N,N,N,N,Y,N,N,N,N,N,N,N,N,N,N,N,N,N,N,N,N,N,N,N,N,N,26.10309039,-80.18441209,581552.463,2887355.926,C,U,ARBM15Q1R2,28-Feb-22,1728318,-8926088.223,3011855.334
2.01787E+12,2017,869433460,3.41703E+11,COUNTY SHERIFF'S OFFICE,04 FOURTH,BROWARD,8-Mar-17,1146,THURSDAY,8638 FT. LAUDERDALE,1038,Y,COMMERCIAL BLVD E,26TH AVE NW,0.006,W,0,0,26.1896422,-80.1106822,86014000,9.021,2107,SR 870,,R RIGHT,1 THRU LANE 1,E EAST,30 URBAN 6+LN 2WY DIVD RASD,03 STATE,01 NON-JUNCTION,01 ON ROADWAY,01 NOT AT INTERSECTION,03 CURB,41,18-Jun-17,16 URBAN MINOR ART,32,CURB&GUTTER,2,,0,,0,17,42500,RCI,3.5,,35,1 NO INJURY,31 Q/C COMPLETED - LOC VERIFIED,0 NO,01 NOT AT INTERSECTION/RRX/BRIDGE,01 DAYLIGHT,01 CLEAR,01 DRY,01 LEVEL,1 STRAIGHT,"TWO-WAY, DIVIDED, POSITIVE MED","TWO-WAY, DIVIDED, POSITIVE MED",NO CONTROLS,NO CONTROLS,6,NONE,NOT CODED,NOT CODED,NONE,NOT CODED,NOT CODED,14 MOTOR VEHICLE IN TRANSPORT,03 ANGLE,06 CHANGING LANES,FAILED TO KEEP IN PROPER LANE,NO CONTRIBUTING ACTION,00 NOT CODED,00 NOT CODED,00 NOT CODED,00 NOT CODED,01 NO,0,0,0,0,2,0,2,2,N,N,N,N,Y,N,N,N,N,N,N,N,N,N,N,N,N,N,N,N,N,Y,Y,N,N,N,26.18962134,-80.11068088,588859.8066,2896987.854,R,,ARBM15Q1R2,28-Feb-22,1728519,-8917880.5,3022585.97
2.01787E+12,2017,871128020,FHPL17OFF091112,FLORIDA HIGHWAY PATROL,04 FOURTH,BROWARD,2-Nov-17,2158,FRIDAY,8638 FT. LAUDERDALE,1038,Y,I 95,SR 818,0.095,S,26.0596527,-80.1629795,26.061616,-80.1635112,86070000,6.097,5166,SR 9,I 95,L LEFT,2 THRU LANE 2,S SOUTH,01 INTERSTATE URBAN,01 INTERSTATE,18 THROUGH ROADWAY,01 ON ROADWAY,01 NOT AT INTERSECTION,01 PAVED,36,4-Dec-16,11 URBAN PRIN ART INT.,48,PAVED WARN,18,,0,,0,,272000,RCI,5.9,,65,1 NO INJURY,31 Q/C COMPLETED - LOC VERIFIED,0 NO,01 NOT AT INTERSECTION/RRX/BRIDGE,04 DARK-LIGHTED,02 CLOUDY,01 DRY,01 LEVEL,1 STRAIGHT,"TWO-WAY, DIVIDED, POSITIVE MED","TWO-WAY, DIVIDED, POSITIVE MED",NO CONTROLS,NO CONTROLS,8,NONE,NOT CODED,NOT CODED,NONE,NOT CODED,NOT CODED,14 MOTOR VEHICLE IN TRANSPORT,"04 SIDESWIPE, SAME DIRECTION",88 UNKNOWN,NOT CODED,NO CONTRIBUTING ACTION,00 NOT CODED,00 NOT CODED,00 NOT CODED,00 NOT CODED,01 NO,0,0,0,0,1,0,2,1,N,N,N,N,Y,N,N,N,N,N,N,N,N,N,N,N,N,N,N,N,N,N,N,N,N,N,26.06155079,-80.16377261,583645.8635,2882768.413,L,,ARBM15Q1R2,28-Feb-22,1729002,-8923790.646,3006706.861
2.01787E+12,2017,869434180,3.41703E+11,COUNTY SHERIFF'S OFFICE,04 FOURTH,BROWARD,10-Mar-17,1357,SATURDAY,8638 FT. LAUDERDALE,1038,Y,FEDERAL HWY N,13TH ST NE,0.005,S,0,0,26.1427,-80.1200316,86020000,2.358,1373,SR 5,US 1,L LEFT,2 THRU LANE 2,S SOUTH,30 URBAN 6+LN 2WY DIVD RASD,02 U.S.,01 NON-JUNCTION,01 ON ROADWAY,02 FOUR-WAY INTERSECTION,01 PAVED,40,2-Oct-16,14 URBAN PRIN ART OTHER,33,PAVED,3,CURB&GUTTER,2,,0,26,41500,RCI,3,,45,1 NO INJURY,31 Q/C COMPLETED - LOC VERIFIED,0 NO,02 AT INTERSECTION,01 DAYLIGHT,01 CLEAR,01 DRY,01 LEVEL,1 STRAIGHT,"TWO-WAY, DIVIDED, POSITIVE MED","TWO-WAY, DIVIDED, POSITIVE MED",TRAFFIC CONTROL SIGNAL,TRAFFIC CONTROL SIGNAL,6,NONE,NOT CODED,NOT CODED,NONE,NOT CODED,NOT CODED,14 MOTOR VEHICLE IN TRANSPORT,01 FRONT TO REAR,01 STRAIGHT AHEAD,NO CONTRIBUTING ACTION,NO CONTRIBUTING ACTION,00 NOT CODED,00 NOT CODED,00 NOT CODED,00 NOT CODED,01 NO,0,0,0,0,4,0,4,5,N,N,N,Y,N,N,N,N,N,N,Y,N,N,N,N,N,N,N,N,N,Y,N,N,N,N,N,26.14280553,-80.12017757,587945.9749,2891796.338,L,,ARBM15Q1R2,28-Feb-22,1729108,-8918937.667,3016779.39
2.01787E+12,2017,869440050,3.41703E+11,COUNTY SHERIFF'S OFFICE,04 FOURTH,BROWARD,27-Mar-17,1835,TUESDAY,8638 FT. LAUDERDALE,1038,Y,E CYPRESS CREEK RD,,0.019,E,0,0,26.20363,-80.127484,86530500,1.755,,,,R RIGHT,1 THRU LANE 1,E EAST,,05 LOCAL,01 NON-JUNCTION,01 ON ROADWAY,01 NOT AT INTERSECTION,02 UNPAVED,0,31-Dec-00,,,,0,,0,,0,,,RCI,0,,,1 NO INJURY,33 Q/C VERIFIED AS OFF-SYSTEM,0 NO,01 NOT AT INTERSECTION/RRX/BRIDGE,01 DAYLIGHT,02 CLOUDY,01 DRY,01 LEVEL,1 STRAIGHT,"TWO-WAY, DIVIDED, POSITIVE MED","TWO-WAY, DIVIDED, POSITIVE MED",NO CONTROLS,NO CONTROLS,,NONE,NOT CODED,NOT CODED,NONE,NOT CODED,NOT CODED,14 MOTOR VEHICLE IN TRANSPORT,01 FRONT TO REAR,01 STRAIGHT AHEAD,OTHER CONTRIBUTING ACTION,NO CONTRIBUTING ACTION,00 NOT CODED,00 NOT CODED,00 NOT CODED,00 NOT CODED,01 NO,0,0,0,0,2,0,2,2,N,N,N,N,N,N,N,N,N,N,Y,N,N,N,N,N,N,N,N,N,N,N,N,N,N,N,26.20363062,-80.12748401,587170.3436,2898528.053,R,U,ARBM15Q1R2,28-Feb-22,1729153,-8919751.016,3024324