Crash Id,Calendar Year,FDOT Crash Number,Reporting Agency Case Number,Reporting Agency Type,FDOT Managing District,County Name,Crash Date,Crash Time,Day,DHSMV City,Crash Report City Code,In Town,On Roadway Name,Int Roadway Name,Reference Distance (Miles),Reference Direction,Officer Latitude,Officer Longitude,FDOT Latitude,FDOT Longitude,FDOT Roadway,Nearest Inventory MP,Nearest Node From Crash,State Road #,US Highway,Crash Side of Road,Accident Lane Number,Travel Direction Vehicle 1,FDOT Road Category,DHSMV Road System Id,Relation to Junction,Crash Harmful Event Location,Intersection Type,Shoulder Type,FDOT Roadway SKID Test Result,FDOT Roadway SKID Test Date,Functional Class,RCI Surface Width,RCI Shoulder Type First,RCI Shoulder Width First,RCI Shoulder Type Second,RCI Shoulder Width Second,RCI Shoulder Type Third,RCI Shoulder Width Third,RCI Median Width,Avg Daily Traffic,AADT Source,RCI Avg Per Truck Traffic,RCI Horiz Curve Condition,Posted Speed Limit,Highest Injury in Crash,CAR Status Code,Alcohols/Drug Involved,Site Location,Lighting,Weather,Road Surface,Roadway Grade,Roadway Alignment,Traffic Way Vehicle 1,Traffic Way Vehicle 2,Traffic Control Vehicle 1,Traffic Control Vehicle 2,Count of Lanes,Road Condition 1,Road Condition 2,Road Condition 3,Environment Condition 1,Environment Condition 2,Environment Condition 3,Crash Harmful Event,Manner of Collision,Vehicle Movement,Driver Action Vehicle 1,Driver Action Vehicle 2,Location Within Workzone,Type of Workzone,Workers Present in Workzone,Law Enforcement Present in Workzone,School Bus Related,Count of Nonfatal Injuries,Count of Traffic Fatalities,Count of Serious Injuries,Count of Pedestrians,Count of Drivers,Count of Bicyclists,Count of Vehicles,Count of Persons,Wrong Way,Workzone Inv,Commercial Vehicle Inv,Intersection Inv,Lane Departure,Speeding,Agressive Driving,Impaired Driver,Impaired Pedestrian,Impaired Bicyclist,Distracted Driver,Speeding or Aggressive Driving,Pedestrian Related,Bicyclist Related,Pedestrian or Bicyclist Related,Motorcycle Inv,No Belt,No Belt - Ages 1-4,No Belt - Ages 5-12,No Belt - Ages 13-17,Driver - Ages Teen,Driver - Ages 65 plus,Driver - Ages 65-69,Driver - Ages 70-74,Driver - Ages 75-79,Driver - Ages 80 plus,ARBM Latitude,ARBM Longitude,UTM Zone 17N X,UTM Zone 17N Y,ARBM Side of Road,Urban Rural Indicator,GIS Street Source,Extract Date,OBJECTID,x,y
2.01787E+12,2017,869465960,3.41706E+11,COUNTY SHERIFF'S OFFICE,04 FOURTH,BROWARD,15-Jun-17,2257,FRIDAY,8638 FT. LAUDERDALE,1038,Y,N ANDREWS AVE,,0.023,S,0,0,26.205775,-80.14726,86033503,1.255,,,,L LEFT,1 THRU LANE 1,S SOUTH,,03 STATE,01 NON-JUNCTION,01 ON ROADWAY,01 NOT AT INTERSECTION,01 PAVED,0,31-Dec-00,,,,0,,0,,0,,,RCI,0,,,1 NO INJURY,33 Q/C VERIFIED AS OFF-SYSTEM,0 NO,01 NOT AT INTERSECTION/RRX/BRIDGE,04 DARK-LIGHTED,01 CLEAR,02 WET,01 LEVEL,1 STRAIGHT,"TWO-WAY, DIVIDED, POSITIVE MED","TWO-WAY, DIVIDED, POSITIVE MED",NO CONTROLS,NO CONTROLS,,NONE,NOT CODED,NOT CODED,NONE,NOT CODED,NOT CODED,14 MOTOR VEHICLE IN TRANSPORT,03 ANGLE,17 ENTERING TRAFFIC LANE,OTHER CONTRIBUTING ACTION,NO CONTRIBUTING ACTION,00 NOT CODED,00 NOT CODED,00 NOT CODED,00 NOT CODED,01 NO,0,0,0,0,2,0,2,2,N,N,N,N,N,N,N,N,N,N,N,N,N,N,N,N,N,N,N,N,N,N,N,N,N,N,26.20577333,-80.14725818,585193.1182,2898752.232,L,U,ARBM15Q1R2,28-Feb-22,1835313,-8921952.267,3024589.849
2.01787E+12,2017,869466040,3.41706E+11,COUNTY SHERIFF'S OFFICE,04 FOURTH,BROWARD,13-Jun-17,1235,WEDNESDAY,8638 FT. LAUDERDALE,1038,Y,NE 45TH ST,BAYVIEW DR,0.003,E,0,0,26.183861,-80.107023,86A14312,0.003,,,,R RIGHT,C CROSSWALK,E EAST,,05 LOCAL,03 INTERSECTION-RELATED,01 ON ROADWAY,03 T-INTERSECTION,01 PAVED,0,31-Dec-00,,,,0,,0,,0,,,RCI,0,,,2 POSSIBLE INJURY,33 Q/C VERIFIED AS OFF-SYSTEM,0 NO,03 INFLUENCED BY INTERSECTION,01 DAYLIGHT,01 CLEAR,01 DRY,01 LEVEL,1 STRAIGHT,"TWO-WAY, DIVIDED, UNPROTECTED",,NO CONTROLS,NOT CODED,,NONE,NOT CODED,NOT CODED,NONE,NOT CODED,NOT CODED,10 PEDESTRIAN,77 OTHER (SEE NARRATIVE),03 TURNING LEFT,FAILED TO YIELD RIGHT-OF-WAY,NOT CODED,00 NOT CODED,00 NOT CODED,00 NOT CODED,00 NOT CODED,01 NO,1,0,0,0,1,0,1,2,N,N,N,Y,N,N,N,N,N,N,N,N,N,N,N,N,N,N,N,N,N,Y,Y,N,N,N,26.18385668,-80.10702286,589229.7221,2896351.9,C,U,ARBM15Q1R2,28-Feb-22,1835314,-8917473.29,3021870.853
2.01787E+12,2017,869454050,3.41705E+11,COUNTY SHERIFF'S OFFICE,04 FOURTH,BROWARD,7-May-17,2007,MONDAY,8638 FT. LAUDERDALE,1038,Y,SW 9TH ST,SW 28TH AVE,0.028,W,0,0,26.110461,-80.179983,86A17390,0.402,,,,R RIGHT,D DRIVEWAY,W WEST,,05 LOCAL,01 NON-JUNCTION,01 ON ROADWAY,01 NOT AT INTERSECTION,02 UNPAVED,0,31-Dec-00,,,,0,,0,,0,,,RCI,0,,,1 NO INJURY,33 Q/C VERIFIED AS OFF-SYSTEM,0 NO,01 NOT AT INTERSECTION/RRX/BRIDGE,01 DAYLIGHT,01 CLEAR,01 DRY,01 LEVEL,1 STRAIGHT,"TWO-WAY, NOT DIVIDED","TWO-WAY, NOT DIVIDED",NO CONTROLS,NO CONTROLS,,NONE,NONE,NOT CODED,NONE,NONE,NOT CODED,14 MOTOR VEHICLE IN TRANSPORT,03 ANGLE,03 TURNING LEFT,NOT CODED,NO CONTRIBUTING ACTION,00 NOT CODED,00 NOT CODED,00 NOT CODED,00 NOT CODED,01 NO,0,0,0,0,1,0,2,1,N,N,N,N,N,N,N,N,N,N,N,N,N,N,N,N,N,N,N,N,N,N,N,N,N,N,26.11046025,-80.17998298,581990.2174,2888174.936,C,U,ARBM15Q1R2,28-Feb-22,1835357,-8925595.176,3012768.954
2.01787E+12,2017,869436340,3.41703E+11,COUNTY SHERIFF'S OFFICE,04 FOURTH,BROWARD,16-Mar-17,905,FRIDAY,8638 FT. LAUDERDALE,1038,Y,I 95,BROWARD BLVD W,0,,0,0,26.1213747,-80.167736,86070040,0.948,4931,SR 9,I 95,R RIGHT,X RAMP,E EAST,07 RAMP URBAN,03 STATE,14 ENTRANCE/EXIT RAMP,01 ON ROADWAY,01 NOT AT INTERSECTION,03 CURB,0,31-Dec-00,,16,CURB&GUTTER,2,,0,,0,,9000,RCI,4.2,,,1 NO INJURY,31 Q/C COMPLETED - LOC VERIFIED,0 NO,08 EXIT RAMP,01 DAYLIGHT,01 CLEAR,01 DRY,01 LEVEL,1 STRAIGHT,"TWO-WAY, DIVIDED, POSITIVE MED","TWO-WAY, DIVIDED, POSITIVE MED",TRAFFIC CONTROL SIGNAL,TRAFFIC CONTROL SIGNAL,1,NONE,NOT CODED,NOT CODED,NONE,NOT CODED,NOT CODED,14 MOTOR VEHICLE IN TRANSPORT,"04 SIDESWIPE, SAME DIRECTION",05 TURNING RIGHT,OTHER CONTRIBUTING ACTION,OTHER CONTRIBUTING ACTION,00 NOT CODED,00 NOT CODED,00 NOT CODED,00 NOT CODED,01 NO,0,0,0,0,2,0,2,3,N,N,N,N,Y,N,N,N,N,N,N,N,N,N,N,N,N,N,N,N,N,N,N,N,N,N,26.12134308,-80.16776946,583203.744,2889387.989,O,,ARBM15Q1R2,28-Feb-22,1835361,-8924235.573,3014118.174
2.01787E+12,2017,869467290,3.41706E+11,COUNTY SHERIFF'S OFFICE,04 FOURTH,BROWARD,20-Jun-17,848,WEDNESDAY,8638 FT. LAUDERDALE,1038,Y,SW 27TH AVE,SW 6TH CT,0.008,S,0,0,26.112622,-80.177894,86000129,0.427,,,,M MEDIAN,T CONTIN. TURN,S SOUTH,,04 COUNTY,01 NON-JUNCTION,01 ON ROADWAY,01 NOT AT INTERSECTION,03 CURB,0,31-Dec-00,,,,0,,0,,0,,,RCI,0,,,1 NO INJURY,33 Q/C VERIFIED AS OFF-SYSTEM,0 NO,01 NOT AT INTERSECTION/RRX/BRIDGE,01 DAYLIGHT,01 CLEAR,01 DRY,01 LEVEL,1 STRAIGHT,"TWO-WAY, NOT DIVIDED","TWO-WAY, NOT DIVIDED",NO CONTROLS,NO CONTROLS,,NONE,NOT CODED,NOT CODED,NONE,NOT CODED,NOT CODED,14 MOTOR VEHICLE IN TRANSPORT,01 FRONT TO REAR,77 OTHER (SEE NARRATIVE),OTHER CONTRIBUTING ACTION,OTHER CONTRIBUTING ACTION,00 NOT CODED,00 NOT CODED,00 NOT CODED,00 NOT CODED,01 NO,0,0,0,0,2,0,2,7,N,N,N,N,N,N,N,N,N,N,N,N,N,N,N,N,N,N,N,N,N,Y,Y,N,N,N,26.11262198,-80.17789545,582197.4383,2888415.67,C,U,ARBM15Q1R2,28-Feb-22,1852104,-8925362.793,3013036.949
2.01785E+12,2017,854389140,FHPL17OFF001432,FLORIDA HIGHWAY PATROL,04 FOURTH,BROWARD,5-Jan-17,1300,FRIDAY,8638 FT. LAUDERDALE,1038,Y,SR 862,SR 9,1,W,26.0834609,-80.1804648,26.0838361,-80.1878048,86095000,9.258,3800,SR 862,I 595,R RIGHT,5 THRU LANE 5,0,01 INTERSTATE URBAN,01 INTERSTATE,01 NON-JUNCTION,01 ON ROADWAY,01 NOT AT INTERSECTION,01 PAVED,51,13-Oct-03,11 URBAN PRIN ART INT.,48,PAVED,10,,0,,0,60,209000,RCI,4.4,,65,1 NO INJURY,31 Q/C COMPLETED - LOC VERIFIED,0 NO,01 NOT AT INTERSECTION/RRX/BRIDGE,01 DAYLIGHT,01 CLEAR,01 DRY,00 NOT CODED,0 NOT CODED,"TWO-WAY, DIVIDED, POSITIVE MED","TWO-WAY, DIVIDED, POSITIVE MED",NO CONTROLS,NO CONTROLS,8,NONE,NOT CODED,NOT CODED,NONE,NOT CODED,NOT CODED,14 MOTOR VEHICLE IN TRANSPORT,01 FRONT TO REAR,00 NOT CODED,NOT CODED,NO CONTRIBUTING ACTION,00 NOT CODED,00 NOT CODED,00 NOT CODED,00 NOT CODED,01 NO,0,0,0,0,1,0,2,1,N,N,N,N,N,N,N,N,N,N,N,N,N,N,N,N,N,N,N,N,N,N,N,N,N,N,26.08380524,-80.18749839,581257.1677,2885218.127,R,,ARBM15Q1R2,28-Feb-22,1862415,-8926431.787,3009464.879
2.01785E+12,2017,854766270,FHPL17OFF031287,FLORIDA HIGHWAY PATROL,04 FOURTH,BROWARD,22-Apr-17,850,SUNDAY,8638 FT. LAUDERDALE,1038,N,I 595,SR 91,0.038,S,26.1121768,-80.3037087,26.0921857,-80.222029,86095166,0.038,3251,SR 862,I 595,R RIGHT,X RAMP,W WEST,08 RAMP RURAL,01 INTERSTATE,01 NON-JUNCTION,03 SHOULDER,01 NOT AT INTERSECTION,01 PAVED,0,31-Dec-00,,24,PAVED WARN,9,,0,,0,,2400,RCI,2.5,,,1 NO INJURY,31 Q/C COMPLETED - LOC VERIFIED,0 NO,08 EXIT RAMP,01 DAYLIGHT,03 RAIN,02 WET,02 HILLCREST,2 CURVE RIGHT,"TWO-WAY, DIVIDED, POSITIVE MED",,NO CONTROLS,NOT CODED,2,NONE,NOT CODED,NOT CODED,UNKNOWN,NOT CODED,NOT CODED,27 GUARDRAIL FACE,77 OTHER (SEE NARRATIVE),01 STRAIGHT AHEAD,OTHER CONTRIBUTING ACTION,NOT CODED,00 NOT CODED,00 NOT CODED,00 NOT CODED,00 NOT CODED,01 NO,0,0,0,0,1,0,1,2,N,N,N,N,Y,N,N,N,N,N,N,N,N,N,N,N,N,N,N,N,N,N,N,N,N,N,26.09220523,-80.22202445,577798.5747,2886127.364,C,,ARBM15Q1R2,28-Feb-22,1862422,-8930275.212,3010506.036
2.01785E+12,2017,854656070,FHPL17OFF003316,FLORIDA HIGHWAY PATROL,04 FOURTH,BROWARD,12-Jan-17,1615,FRIDAY,8638 FT. LAUDERDALE,1038,Y,SR 9,SR 736,0.019,S,26.1017984,-80.168997,26.1061673,-80.1685839,86070000,9.211,1927,SR 9,I 95,L LEFT,4 THRU LANE 4,S SOUTH,01 INTERSTATE URBAN,01 INTERSTATE,01 NON-JUNCTION,01 ON ROADWAY,01 NOT AT INTERSECTION,01 PAVED,36,3-Oct-16,11 URBAN PRIN ART INT.,48,PAVED,11,LAWN,12,,0,35,198500,RCI,5.9,0D4500,65,2 POSSIBLE INJURY,31 Q/C COMPLETED - LOC VERIFIED,0 NO,01 NOT AT INTERSECTION/RRX/BRIDGE,01 DAYLIGHT,01 CLEAR,01 DRY,01 LEVEL,1 STRAIGHT,"TWO-WAY, DIVIDED, POSITIVE MED","TWO-WAY, DIVIDED, POSITIVE MED",NO CONTROLS,NO CONTROLS,8,NONE,NOT CODED,NOT CODED,NONE,NOT CODED,NOT CODED,14 MOTOR VEHICLE IN TRANSPORT,01 FRONT TO REAR,01 STRAIGHT AHEAD,OPERATED MV IN CARLESS OR NEGL,NO CONTRIBUTING ACTION,00 NOT CODED,00 NOT CODED,00 NOT CODED,00 NOT CODED,01 NO,1,0,0,0,2,0,2,3,N,N,N,N,N,N,N,N,N,N,N,N,N,N,N,N,N,N,N,N,N,N,N,N,N,N,26.10611169,-80.16881557,583109.9255,2887700.405,L,,ARBM15Q1R2,28-Feb-22,1862449,-8924352.025,3012229.869
2.01787E+12,2017,866826260,9.01704E+11,CITY POLICE DEPARTMENT,04 FOURTH,BROWARD,10-Apr-17,1530,TUESDAY,8638 FT. LAUDERDALE,1038,Y,I 95,OAKLAND PARK BLVD,0.114,N,0,0,26.167815,-80.1589821,86070000,13.601,1528,SR 9,I 95,L LEFT,3 THRU LANE 3,S SOUTH,01 INTERSTATE URBAN,01 INTERSTATE,01 NON-JUNCTION,01 ON ROADWAY,01 NOT AT INTERSECTION,01 PAVED,40,3-Oct-16,11 URBAN PRIN ART INT.,60,PAVED WARN,10,LAWN,6,,0,26,275000,RCI,6.8,,65,1 NO INJURY,31 Q/C COMPLETED - LOC VERIFIED,0 NO,01 NOT AT INTERSECTION/RRX/BRIDGE,01 DAYLIGHT,01 CLEAR,01 DRY,03 UPHILL,1 STRAIGHT,"TWO-WAY, DIVIDED, POSITIVE MED","TWO-WAY, DIVIDED, POSITIVE MED",NO CONTROLS,NO CONTROLS,10,NONE,NOT CODED,NOT CODED,NONE,NOT CODED,NOT CODED,14 MOTOR VEHICLE IN TRANSPORT,03 ANGLE,06 CHANGING LANES,NO CONTRIBUTING ACTION,NOT CODED,00 NOT CODED,00 NOT CODED,00 NOT CODED,00 NOT CODED,01 NO,0,0,0,0,1,0,2,1,N,N,N,N,N,N,N,N,N,N,N,N,N,N,N,N,N,N,N,N,N,N,N,N,N,N,26.16775705,-80.15927347,584019.9443,2894533.947,L,,ARBM15Q1R2,28-Feb-22,1862897,-8923289.803,3019873.845
2.01785E+12,2017,854857710,FHPL17OFF026368,FLORIDA HIGHWAY PATROL,04 FOURTH,BROWARD,5-Apr-17,1741,THURSDAY,8638 FT. LAUDERDALE,1038,N,I 95,HOLLYWOOD BLVD,0.038,N,26.0478899,-80.16813,26.0117901,-80.1666309,86070000,2.621,1876,SR 9,I 95,L LEFT,6 THRU LANE 6,S SOUTH,01 INTERSTATE URBAN,01 INTERSTATE,01 NON-JUNCTION,01 ON ROADWAY,01 NOT AT INTERSECTION,01 PAVED,36,4-Dec-16,11 URBAN PRIN ART INT.,48,PAVED WARN,4,VALLEY GUTR,4,,0,,272000,RCI,5.9,0D5900,65,1 NO INJURY,31 Q/C COMPLETED - LOC VERIFIED,0 NO,01 NOT AT INTERSECTION/RRX/BRIDGE,01 DAYLIGHT,01 CLEAR,01 DRY,01 LEVEL,1 STRAIGHT,"TWO-WAY, DIVIDED, POSITIVE MED","TWO-WAY, DIVIDED, POSITIVE MED",NO CONTROLS,NO CONTROLS,8,NONE,NOT CODED,NOT CODED,NONE,NOT CODED,NOT CODED,14 MOTOR VEHICLE IN TRANSPORT,01 FRONT TO REAR,01 STRAIGHT AHEAD,OPERATED MV IN CARLESS OR NEGL,NO CONTRIBUTING ACTION,00 NOT CODED,00 NOT CODED,00 NOT CODED,00 NOT CODED,01 NO,0,0,0,0,2,0,2,2,N,N,N,N,N,N,N,N,N,N,N,N,N,N,N,N,N,N,N,N,N,Y,Y,N,N,N,26.01171777,-80.16692025,583366.2254,2877247.317,L,,ARBM15Q1R2,28-Feb-22,1863036,-8924141.039,3000532.899
2.01787E+12,2017,866793590,31702001940,CITY POLICE DEPARTMENT,04 FOURTH,BROWARD,25-Feb-17,1205,SUNDAY,8638 FT. LAUDERDALE,1038,Y,PERIMETER RD,2ND AVE,0,E,0,0,26.081669,-80.141693,86000121,0.931,,,,I INTERSECTION,M MIDDLE,E EAST,,05 LOCAL,01 NON-JUNCTION,01 ON ROADWAY,02 FOUR-WAY INTERSECTION,01 PAVED,0,31-Dec-00,,,,0,,0,,0,,,RCI,0,,,2 POSSIBLE INJURY,33 Q/C VERIFIED AS OFF-SYSTEM,0 NO,01 NOT AT INTERSECTION/RRX/BRIDGE,01 DAYLIGHT,01 CLEAR,01 DRY,01 LEVEL,1 STRAIGHT,"TWO-WAY, NOT DIVIDED","TWO-WAY, NOT DIVIDED",STOP SIGN,STOP SIGN,,NONE,NOT CODED,NOT CODED,NONE,NOT CODED,NOT CODED,14 MOTOR VEHICLE IN TRANSPORT,"05 SIDESWIPE, OPPOSITE DIRECTION",03 TURNING LEFT,IMPROPER TURN,NO CONTRIBUTING ACTION,00 NOT CODED,00 NOT CODED,00 NOT CODED,00 NOT CODED,01 NO,2,0,0,0,2,0,2,2,N,N,N,N,Y,N,N,N,N,N,N,N,N,N,N,N,N,N,N,N,N,Y,Y,N,N,N,26.08166529,-80.14169294,585839.8744,2885010.494,C,U,ARBM15Q1R2,28-Feb-22,1863381,-8921332.747,3009199.651
2.01787E+12,2017,866800800,1.41703E+11,CITY POLICE DEPARTMENT,04 FOURTH,BROWARD,7-Mar-17,907,WEDNESDAY,8638 FT. LAUDERDALE,1038,Y,MCINTOSH RD,ELLER DR,0.168,S,0,0,26.079605,-80.124204,86A09264,0.852,,,,R RIGHT,1 THRU LANE 1,W WEST,,77 ALL OTHER,01 NON-JUNCTION,02 OFF ROADWAY,01 NOT AT INTERSECTION,01 PAVED,0,31-Dec-00,,,,0,,0,,0,,,RCI,0,,,1 NO INJURY,33 Q/C VERIFIED AS OFF-SYSTEM,0 NO,01 NOT AT INTERSECTION/RRX/BRIDGE,01 DAYLIGHT,01 CLEAR,01 DRY,01 LEVEL,3 CURVE LEFT,"TWO-WAY, NOT DIVIDED","TWO-WAY, NOT DIVIDED",NO CONTROLS,NO CONTROLS,,NONE,NOT CODED,NOT CODED,NONE,NOT CODED,NOT CODED,14 MOTOR VEHICLE IN TRANSPORT,02 FRONT TO FRONT,03 TURNING LEFT,NO CONTRIBUTING ACTION,OPERATED MV IN CARLESS OR NEGL,00 NOT CODED,00 NOT CODED,00 NOT CODED,00 NOT CODED,01 NO,0,0,0,0,2,0,2,2,N,N,N,N,Y,N,N,N,N,N,Y,N,N,N,N,N,N,N,N,N,N,N,N,N,N,N,26.07960499,-80.12420439,587590.5327,2884793.947,R,U,ARBM15Q1R2,28-Feb-22,1863835,-8919385.93,3008944.298
2.01787E+12,2017,866756800,9.01701E+11,CITY POLICE DEPARTMENT,04 FOURTH,BROWARD,3-Jan-17,1426,WEDNESDAY,8638 FT. LAUDERDALE,1038,Y,SUNRISE BLVD W,24TH AVE NW,0.004,E,0,0,26.136427,-80.174393,86110000,5.778,391,SR 838,,L LEFT,1 THRU LANE 1,W WEST,30 URBAN 6+LN 2WY DIVD RASD,03 STATE,01 NON-JUNCTION,01 ON ROADWAY,02 FOUR-WAY INTERSECTION,03 CURB,38,19-Jun-17,14 URBAN PRIN ART OTHER,35,CURB&GUTTER,2,,0,,0,30,51000,RCI,5.6,,45,1 NO INJURY,31 Q/C COMPLETED - LOC VERIFIED,0 NO,03 INFLUENCED BY INTERSECTION,01 DAYLIGHT,01 CLEAR,01 DRY,01 LEVEL,1 STRAIGHT,"TWO-WAY, DIVIDED, POSITIVE MED","TWO-WAY, DIVIDED, POSITIVE MED",NO CONTROLS,NO CONTROLS,6,NONE,NOT CODED,NOT CODED,NONE,NOT CODED,NOT CODED,14 MOTOR VEHICLE IN TRANSPORT,"04 SIDESWIPE, SAME DIRECTION",01 STRAIGHT AHEAD,NOT CODED,NO CONTRIBUTING ACTION,00 NOT CODED,00 NOT CODED,00 NOT CODED,00 NOT CODED,01 NO,0,0,0,0,1,0,2,1,N,N,N,Y,N,N,N,N,N,N,N,N,N,N,N,N,N,N,N,N,N,N,N,N,N,N,26.13655036,-80.17417669,582552.4509,2891068.155,L,,ARBM15Q1R2,28-Feb-22,1863863,-8924948.823,3016003.736
2.01786E+12,2017,855141980,FHPL17OFF071238,FLORIDA HIGHWAY PATROL,04 FOURTH,BROWARD,1-Sep-17,225,SATURDAY,8638 FT. LAUDERDALE,1038,Y,SR 9,CYPRESS CREEK RD,0.1,S,26.2026751,-80.1443263,26.2019194,-80.1455247,86070000,16.147,2040,SR 9,I 95,R RIGHT,4 THRU LANE 4,N NORTH,01 INTERSTATE URBAN,01 INTERSTATE,01 NON-JUNCTION,01 ON ROADWAY,01 NOT AT INTERSECTION,01 PAVED,34,3-Oct-16,11 URBAN PRIN ART INT.,48,PAVED WARN,8,LAWN,5,,0,26,275000,RCI,6.8,,65,2 POSSIBLE INJURY,31 Q/C COMPLETED - LOC VERIFIED,3 A/D,01 NOT AT INTERSECTION/RRX/BRIDGE,04 DARK-LIGHTED,01 CLEAR,01 DRY,01 LEVEL,1 STRAIGHT,"TWO-WAY, DIVIDED, POSITIVE MED","TWO-WAY, DIVIDED, POSITIVE MED",NO CONTROLS,NO CONTROLS,8,NONE,NOT CODED,NOT CODED,NONE,NOT CODED,NOT CODED,14 MOTOR VEHICLE IN TRANSPORT,03 ANGLE,01 STRAIGHT AHEAD,OPERATED MV IN CARLESS OR NEGL,NO CONTRIBUTING ACTION,00 NOT CODED,00 NOT CODED,00 NOT CODED,00 NOT CODED,01 NO,1,0,0,0,2,0,2,3,N,N,N,N,Y,N,Y,Y,N,N,N,Y,N,N,N,N,N,N,N,N,N,N,N,N,N,N,26.20192399,-80.14556102,585365.488,2898327.016,R,,ARBM15Q1R2,28-Feb-22,1863897,-8921763.34,3024112.259
2.01787E+12,2017,866764880,1.91701E+11,CITY POLICE DEPARTMENT,04 FOURTH,BROWARD,15-Jan-17,2214,MONDAY,8638 FT. LAUDERDALE,1038,Y,PEMBROKE RD,PARK RD,0.208,E,0,0,25.9959686,-80.1679996,86018000,4.968,7289,SR 824,,R RIGHT,2 THRU LANE 2,E EAST,30 URBAN 6+LN 2WY DIVD RASD,03 STATE,04 DRIVEWAY/ALLEY ACCESS RELATED,01 ON ROADWAY,01 NOT AT INTERSECTION,01 PAVED,34,15-Jun-15,14 URBAN PRIN ART OTHER,33,PAVED,3,CURB&GUTTER,2,,0,59,51000,RCI,4.6,,40,5 FATAL(WITHIN 30 DAYS) INJURY,31 Q/C COMPLETED - LOC VERIFIED,0 NO,04 DRIVEWAY ACCESS,04 DARK-LIGHTED,01 CLEAR,01 DRY,01 LEVEL,1 STRAIGHT,"TWO-WAY, DIVIDED, POSITIVE MED","TWO-WAY, DIVIDED, POSITIVE MED",NO CONTROLS,NO CONTROLS,6,UNKNOWN,NOT CODED,NOT CODED,UNKNOWN,NOT CODED,NOT CODED,14 MOTOR VEHICLE IN TRANSPORT,88 UNKNOWN,01 STRAIGHT AHEAD,OTHER CONTRIBUTING ACTION,OTHER CONTRIBUTING ACTION,00 NOT CODED,00 NOT CODED,00 NOT CODED,00 NOT CODED,01 NO,1,1,0,0,2,0,2,4,N,N,N,N,N,N,N,N,N,N,N,N,N,N,N,Y,N,N,N,N,N,N,N,N,N,N,25.99595063,-80.16795896,583273.3966,2875500.428,R,,ARBM15Q1R2,28-Feb-22,1863907,-8924256.667,2998580.008
2.01787E+12,2017,866782030,1.51702E+11,CITY POLICE DEPARTMENT,04 FOURTH,BROWARD,9-Feb-17,230,FRIDAY,8638 FT. LAUDERDALE,1038,Y,BOULEVARD OF CHAMPIONS,,0.019,W,0,0,26.209563,-80.206288,86A08554,0.168,,,,R RIGHT,2 THRU LANE 2,W WEST,,05 LOCAL,01 NON-JUNCTION,01 ON ROADWAY,01 NOT AT INTERSECTION,01 PAVED,0,31-Dec-00,,,,0,,0,,0,,,RCI,0,,,1 NO INJURY,33 Q/C VERIFIED AS OFF-SYSTEM,0 NO,01 NOT AT INTERSECTION/RRX/BRIDGE,04 DARK-LIGHTED,01 CLEAR,01 DRY,01 LEVEL,1 STRAIGHT,"TWO-WAY, DIVIDED, POSITIVE MED","TWO-WAY, DIVIDED, POSITIVE MED",TRAFFIC CONTROL SIGNAL,NO CONTROLS,,NONE,NOT CODED,NOT CODED,NONE,NOT CODED,NOT CODED,14 MOTOR VEHICLE IN TRANSPORT,01 FRONT TO REAR,01 STRAIGHT AHEAD,OPERATED MV IN CARLESS OR NEGL,NO CONTRIBUTING ACTION,00 NOT CODED,00 NOT CODED,00 NOT CODED,00 NOT CODED,01 NO,0,0,0,0,2,0,2,2,N,N,N,N,N,N,N,N,N,N,N,N,N,N,N,N,N,N,N,N,N,N,N,N,N,N,26.20956318,-80.20628794,579292.9451,2899134.548,L,U,ARBM15Q1R2,28-Feb-22,1863933,-8928523.432,3025060.072
2.01787E+12,2017,866827270,31704000991,CITY POLICE DEPARTMENT,04 FOURTH,BROWARD,11-Apr-17,1745,WEDNESDAY,8638 FT. LAUDERDALE,1038,Y,FEDERAL HWY S,GRIFFIN RD,0.028,N,0,0,26.0634233,-80.1421523,86010001,0.313,6373,SR 5,US 1,L LEFT,3 THRU LANE 3,S SOUTH,30 URBAN 6+LN 2WY DIVD RASD,03 STATE,01 NON-JUNCTION,01 ON ROADWAY,01 NOT AT INTERSECTION,02 UNPAVED,38,15-Jun-15,14 URBAN PRIN ART OTHER,33,PAVED,4,CURB&GUTTER,2,,0,42,35500,RCI,5,,50,4 INCAPACITATING INJURY,31 Q/C COMPLETED - LOC VERIFIED,0 NO,03 INFLUENCED BY INTERSECTION,01 DAYLIGHT,01 CLEAR,01 DRY,01 LEVEL,1 STRAIGHT,ONE-WAY TRAFFICWAY,ONE-WAY TRAFFICWAY,NO CONTROLS,NO CONTROLS,6,NONE,NOT CODED,NOT CODED,NONE,NOT CODED,NOT CODED,24 CURB,"04 SIDESWIPE, SAME DIRECTION",01 STRAIGHT AHEAD,NO CONTRIBUTING ACTION,NO CONTRIBUTING ACTION,00 NOT CODED,00 NOT CODED,00 NOT CODED,00 NOT CODED,01 NO,2,0,1,0,3,0,3,5,N,N,N,Y,N,N,N,N,N,N,N,N,N,N,N,Y,N,N,N,N,N,Y,Y,N,N,N,26.06375105,-80.14217955,585804.2628,2883026.127,L,,ARBM15Q1R2,28-Feb-22,1863940,-8921386.916,3006979.519