Crash Id,Calendar Year,FDOT Crash Number,Reporting Agency Case Number,Reporting Agency Type,FDOT Managing District,County Name,Crash Date,Crash Time,Day,DHSMV City,Crash Report City Code,In Town,On Roadway Name,Int Roadway Name,Reference Distance (Miles),Reference Direction,Officer Latitude,Officer Longitude,FDOT Latitude,FDOT Longitude,FDOT Roadway,Nearest Inventory MP,Nearest Node From Crash,State Road #,US Highway,Crash Side of Road,Accident Lane Number,Travel Direction Vehicle 1,FDOT Road Category,DHSMV Road System Id,Relation to Junction,Crash Harmful Event Location,Intersection Type,Shoulder Type,FDOT Roadway SKID Test Result,FDOT Roadway SKID Test Date,Functional Class,RCI Surface Width,RCI Shoulder Type First,RCI Shoulder Width First,RCI Shoulder Type Second,RCI Shoulder Width Second,RCI Shoulder Type Third,RCI Shoulder Width Third,RCI Median Width,Avg Daily Traffic,AADT Source,RCI Avg Per Truck Traffic,RCI Horiz Curve Condition,Posted Speed Limit,Highest Injury in Crash,CAR Status Code,Alcohols/Drug Involved,Site Location,Lighting,Weather,Road Surface,Roadway Grade,Roadway Alignment,Traffic Way Vehicle 1,Traffic Way Vehicle 2,Traffic Control Vehicle 1,Traffic Control Vehicle 2,Count of Lanes,Road Condition 1,Road Condition 2,Road Condition 3,Environment Condition 1,Environment Condition 2,Environment Condition 3,Crash Harmful Event,Manner of Collision,Vehicle Movement,Driver Action Vehicle 1,Driver Action Vehicle 2,Location Within Workzone,Type of Workzone,Workers Present in Workzone,Law Enforcement Present in Workzone,School Bus Related,Count of Nonfatal Injuries,Count of Traffic Fatalities,Count of Serious Injuries,Count of Pedestrians,Count of Drivers,Count of Bicyclists,Count of Vehicles,Count of Persons,Wrong Way,Workzone Inv,Commercial Vehicle Inv,Intersection Inv,Lane Departure,Speeding,Agressive Driving,Impaired Driver,Impaired Pedestrian,Impaired Bicyclist,Distracted Driver,Speeding or Aggressive Driving,Pedestrian Related,Bicyclist Related,Pedestrian or Bicyclist Related,Motorcycle Inv,No Belt,No Belt - Ages 1-4,No Belt - Ages 5-12,No Belt - Ages 13-17,Driver - Ages Teen,Driver - Ages 65 plus,Driver - Ages 65-69,Driver - Ages 70-74,Driver - Ages 75-79,Driver - Ages 80 plus,ARBM Latitude,ARBM Longitude,UTM Zone 17N X,UTM Zone 17N Y,ARBM Side of Road,Urban Rural Indicator,GIS Street Source,Extract Date,OBJECTID,x,y
2.01787E+12,2017,874062080,3.41711E+11,COUNTY SHERIFF'S OFFICE,04 FOURTH,BROWARD,20-Nov-17,1205,TUESDAY,8638 FT. LAUDERDALE,1038,Y,12TH AVE NW,SR 870,0.002,S,0,0,26.1883273,-80.1592595,86014000,5.997,2327,SR 870,,S SIDE RD RIGHT,C CROSSWALK,N NORTH,30 URBAN 6+LN 2WY DIVD RASD,03 STATE,01 NON-JUNCTION,01 ON ROADWAY,02 FOUR-WAY INTERSECTION,03 CURB,40,18-Jun-17,14 URBAN PRIN ART OTHER,36,PAVED,4,CURB&GUTTER,2,,0,28,54500,RCI,4.1,,45,2 POSSIBLE INJURY,31 Q/C COMPLETED - LOC VERIFIED,0 NO,02 AT INTERSECTION,01 DAYLIGHT,01 CLEAR,01 DRY,01 LEVEL,1 STRAIGHT,"TWO-WAY, NOT DIVIDED",,TRAFFIC CONTROL SIGNAL,NOT CODED,6,NONE,NOT CODED,NOT CODED,NONE,NOT CODED,NOT CODED,11 PEDALCYCLE,77 OTHER (SEE NARRATIVE),05 TURNING RIGHT,NO CONTRIBUTING ACTION,NOT CODED,00 NOT CODED,00 NOT CODED,00 NOT CODED,00 NOT CODED,01 NO,1,0,0,0,1,1,1,2,N,N,N,Y,N,N,N,N,N,N,N,N,N,Y,Y,N,N,N,N,N,N,N,N,N,N,N,26.18829826,-80.15928871,584003.6935,2896808.953,R,,ARBM15Q1R2,28-Feb-22,1675167,-8923291.5,3022421.837
2.01787E+12,2017,874068750,3.41712E+11,COUNTY SHERIFF'S OFFICE,04 FOURTH,BROWARD,12-Dec-17,1140,WEDNESDAY,8638 FT. LAUDERDALE,1038,Y,9TH AVE NW,11TH ST NW R,0,,0,0,26.1383604,-80.1539119,86065000,0.125,2623,SR 845,,R RIGHT,3 THRU LANE 3,W WEST,20 URBAN 4-5LN 2WY DIVD RASD,03 STATE,04 DRIVEWAY/ALLEY ACCESS RELATED,04 MEDIAN,77 OTHER (SEE NARRATIVE),01 PAVED,39,9-Jul-17,16 URBAN MINOR ART,22,PAVED WARN,11,CURB&GUTTER,2,,0,17,20200,RCI,5.5,,40,2 POSSIBLE INJURY,31 Q/C COMPLETED - LOC VERIFIED,0 NO,04 DRIVEWAY ACCESS,01 DAYLIGHT,01 CLEAR,01 DRY,01 LEVEL,1 STRAIGHT,ONE-WAY TRAFFICWAY,,NO CONTROLS,NOT CODED,4,NONE,NOT CODED,NOT CODED,NONE,NOT CODED,NOT CODED,10 PEDESTRIAN,77 OTHER (SEE NARRATIVE),77 OTHER (SEE NARRATIVE),NOT CODED,NOT CODED,00 NOT CODED,00 NOT CODED,00 NOT CODED,00 NOT CODED,01 NO,1,0,0,0,0,1,1,1,N,N,N,N,N,N,N,N,N,N,N,N,N,Y,Y,N,N,N,N,N,N,N,N,N,N,N,26.1382845,-80.15388479,584579.7472,2891273.256,R,,ARBM15Q1R2,28-Feb-22,1675169,-8922689.938,3016218.768
2.01787E+12,2017,874043940,3.41709E+11,COUNTY SHERIFF'S OFFICE,04 FOURTH,BROWARD,21-Sep-17,812,FRIDAY,8638 FT. LAUDERDALE,1038,Y,9TH AVE NW,65TH ST NW,0.095,S,0,0,26.2057103,-80.1557829,86065000,4.77,6066,SR 845,,L LEFT,3 THRU LANE 3,S SOUTH,30 URBAN 6+LN 2WY DIVD RASD,05 LOCAL,01 NON-JUNCTION,01 ON ROADWAY,01 NOT AT INTERSECTION,03 CURB,33,6-Jul-15,14 URBAN PRIN ART OTHER,33,CURB&GUTTER,2,,0,,0,17,41000,RCI,13,,45,3 NO-INCAPACITATING INJURY,31 Q/C COMPLETED - LOC VERIFIED,0 NO,01 NOT AT INTERSECTION/RRX/BRIDGE,01 DAYLIGHT,01 CLEAR,01 DRY,01 LEVEL,1 STRAIGHT,"TWO-WAY, DIVIDED, POSITIVE MED",,NO CONTROLS,NOT CODED,6,NONE,NOT CODED,NOT CODED,NONE,NOT CODED,NOT CODED,18 OTHER NON-FIXED OBJECT,"04 SIDESWIPE, SAME DIRECTION",01 STRAIGHT AHEAD,NOT CODED,NOT CODED,00 NOT CODED,00 NOT CODED,00 NOT CODED,00 NOT CODED,01 NO,1,0,0,0,0,1,1,1,N,N,N,N,Y,N,N,N,N,N,N,N,N,Y,Y,N,N,N,N,N,N,N,N,N,N,N,26.20565067,-80.15591214,584328.5941,2898732.993,L,,ARBM15Q1R2,28-Feb-22,1675304,-8922915.622,3024574.63
2.01787E+12,2017,874042760,3.41709E+11,COUNTY SHERIFF'S OFFICE,04 FOURTH,BROWARD,17-Sep-17,912,MONDAY,8638 FT. LAUDERDALE,1038,Y,SUNRISE BLVD W,ANDREWS AVE N,0.028,W,0,0,26.1367531,-80.1447173,86110000,7.622,414,SR 838,,R RIGHT,L LEFT TURN,E EAST,30 URBAN 6+LN 2WY DIVD RASD,03 STATE,01 NON-JUNCTION,01 ON ROADWAY,01 NOT AT INTERSECTION,03 CURB,35,19-Jun-17,14 URBAN PRIN ART OTHER,32,PAVED,3,CURB&GUTTER,2,,0,16,53500,RCI,6.8,,40,3 NO-INCAPACITATING INJURY,31 Q/C COMPLETED - LOC VERIFIED,0 NO,03 INFLUENCED BY INTERSECTION,01 DAYLIGHT,01 CLEAR,01 DRY,01 LEVEL,1 STRAIGHT,"TWO-WAY, DIVIDED, POSITIVE MED",,TRAFFIC CONTROL SIGNAL,NOT CODED,6,NONE,NOT CODED,NOT CODED,NONE,NOT CODED,NOT CODED,10 PEDESTRIAN,03 ANGLE,01 STRAIGHT AHEAD,NO CONTRIBUTING ACTION,NOT CODED,00 NOT CODED,00 NOT CODED,00 NOT CODED,00 NOT CODED,01 NO,1,0,0,1,1,0,1,2,N,N,N,Y,N,N,N,N,N,N,N,N,Y,N,Y,N,N,N,N,N,N,N,N,N,N,N,26.13675371,-80.14441018,585528.0106,2891109.912,R,,ARBM15Q1R2,28-Feb-22,1675318,-8921635.229,3016028.95
2.01787E+12,2017,874046430,3.41709E+11,COUNTY SHERIFF'S OFFICE,04 FOURTH,BROWARD,29-Sep-17,634,SATURDAY,8638 FT. LAUDERDALE,1038,Y,RIVERLAND RD,SR 7 S,0.038,E,0,0,26.0953674,-80.2011095,86100000,8.512,960,SR 7,US 441,S SIDE RD RIGHT,1 THRU LANE 1,W WEST,30 URBAN 6+LN 2WY DIVD RASD,05 LOCAL,01 NON-JUNCTION,01 ON ROADWAY,01 NOT AT INTERSECTION,03 CURB,39,3-Oct-16,14 URBAN PRIN ART OTHER,36,CURB&GUTTER,2,LAWN,12,,0,32,51500,RCI,6.6,,45,4 INCAPACITATING INJURY,31 Q/C COMPLETED - LOC VERIFIED,0 NO,03 INFLUENCED BY INTERSECTION,05 DARK-NOT LIGHTED,01 CLEAR,01 DRY,01 LEVEL,2 CURVE RIGHT,"TWO-WAY, DIVIDED, POSITIVE MED",,NO CONTROLS,NOT CODED,6,NONE,NOT CODED,NOT CODED,NONE,NOT CODED,NOT CODED,10 PEDESTRIAN,77 OTHER (SEE NARRATIVE),01 STRAIGHT AHEAD,NO CONTRIBUTING ACTION,NOT CODED,00 NOT CODED,00 NOT CODED,00 NOT CODED,00 NOT CODED,01 NO,1,0,1,1,1,0,1,2,N,N,N,Y,N,N,N,N,N,N,N,N,Y,N,Y,N,N,N,N,N,N,N,N,N,N,N,26.09535586,-80.20110034,579888.9548,2886488.967,R,,ARBM15Q1R2,28-Feb-22,1675324,-8927945.951,3010896.568
2.01787E+12,2017,874040040,3.41709E+11,COUNTY SHERIFF'S OFFICE,04 FOURTH,BROWARD,4-Sep-17,2008,TUESDAY,8638 FT. LAUDERDALE,1038,Y,SR 736,32ND AVE SW,0.002,E,0,0,26.1052395,-80.187552,86210000,0.866,339,SR 736,,L LEFT,2 THRU LANE 2,W WEST,20 URBAN 4-5LN 2WY DIVD RASD,03 STATE,01 NON-JUNCTION,01 ON ROADWAY,01 NOT AT INTERSECTION,01 PAVED,33,17-Jun-15,16 URBAN MINOR ART,22,PAVED,3,CURB&GUTTER,2,,0,12,26500,RCI,5.4,,40,2 POSSIBLE INJURY,31 Q/C COMPLETED - LOC VERIFIED,0 NO,01 NOT AT INTERSECTION/RRX/BRIDGE,05 DARK-NOT LIGHTED,01 CLEAR,01 DRY,01 LEVEL,1 STRAIGHT,"TWO-WAY, DIVIDED, POSITIVE MED",,NO CONTROLS,NOT CODED,4,NONE,NOT CODED,NOT CODED,NONE,NOT CODED,NOT CODED,10 PEDESTRIAN,03 ANGLE,04 BACKING,IMPROPER BACKING,NOT CODED,00 NOT CODED,00 NOT CODED,00 NOT CODED,00 NOT CODED,01 NO,1,0,0,1,1,0,1,2,N,N,N,N,N,N,N,N,N,N,N,N,Y,N,Y,N,N,N,N,N,N,N,N,N,N,N,26.10529636,-80.18754889,581237.2699,2887598.28,C,,ARBM15Q1R2,28-Feb-22,1675895,-8926437.41,3012128.795
2.01787E+12,2017,874049950,3.4171E+11,COUNTY SHERIFF'S OFFICE,04 FOURTH,BROWARD,11-Oct-17,1703,THURSDAY,8638 FT. LAUDERDALE,1038,Y,SR 842,2ND AVE SW,0.014,E,0,0,26.1221659,-80.145615,86006000,6.646,476,SR 842,,R RIGHT,1 THRU LANE 1,E EAST,30 URBAN 6+LN 2WY DIVD RASD,03 STATE,01 NON-JUNCTION,01 ON ROADWAY,01 NOT AT INTERSECTION,03 CURB,40,19-Jun-17,14 URBAN PRIN ART OTHER,33,PAVED,3,CURB&GUTTER,2,,0,16,46000,RCI,6.9,,35,3 NO-INCAPACITATING INJURY,31 Q/C COMPLETED - LOC VERIFIED,0 NO,03 INFLUENCED BY INTERSECTION,01 DAYLIGHT,01 CLEAR,01 DRY,01 LEVEL,1 STRAIGHT,"TWO-WAY, DIVIDED, POSITIVE MED",,NO CONTROLS,NOT CODED,6,NONE,NOT CODED,NOT CODED,NONE,NOT CODED,NOT CODED,14 MOTOR VEHICLE IN TRANSPORT,77 OTHER (SEE NARRATIVE),01 STRAIGHT AHEAD,NO CONTRIBUTING ACTION,NOT CODED,00 NOT CODED,00 NOT CODED,00 NOT CODED,00 NOT CODED,01 NO,1,0,0,1,1,0,1,2,N,N,N,Y,N,N,N,N,N,N,N,N,Y,N,Y,N,N,N,N,N,N,N,N,N,N,N,26.12214522,-80.14556947,585422.745,2889491.213,R,,ARBM15Q1R2,28-Feb-22,1675905,-8921764.28,3014217.626
2.01787E+12,2017,874062300,3.41711E+11,COUNTY SHERIFF'S OFFICE,04 FOURTH,BROWARD,21-Nov-17,4,WEDNESDAY,8638 FT. LAUDERDALE,1038,Y,SW 1ST ST,VERMONT AVE,0.162,E,0,0,26.119821,-80.194931,86A16975,0.274,,,,R RIGHT,1 THRU LANE 1,W WEST,,05 LOCAL,01 NON-JUNCTION,01 ON ROADWAY,01 NOT AT INTERSECTION,02 UNPAVED,0,31-Dec-00,,,,0,,0,,0,,,RCI,0,,,2 POSSIBLE INJURY,33 Q/C VERIFIED AS OFF-SYSTEM,0 NO,01 NOT AT INTERSECTION/RRX/BRIDGE,04 DARK-LIGHTED,01 CLEAR,01 DRY,01 LEVEL,3 CURVE LEFT,"TWO-WAY, NOT DIVIDED",,NO CONTROLS,NOT CODED,,NONE,NOT CODED,NOT CODED,NONE,NOT CODED,NOT CODED,10 PEDESTRIAN,"04 SIDESWIPE, SAME DIRECTION",01 STRAIGHT AHEAD,NO CONTRIBUTING ACTION,NOT CODED,00 NOT CODED,00 NOT CODED,00 NOT CODED,00 NOT CODED,01 NO,1,0,0,1,1,0,1,2,N,N,N,N,Y,N,N,N,N,N,N,N,Y,N,Y,N,N,N,N,N,N,N,N,N,N,N,26.11982182,-80.1949305,580489.2008,2889202.422,C,U,ARBM15Q1R2,28-Feb-22,1676389,-8927259.127,3013929.565
2.01787E+12,2017,874059350,3.41711E+11,COUNTY SHERIFF'S OFFICE,04 FOURTH,BROWARD,12-Nov-17,810,MONDAY,8638 FT. LAUDERDALE,1038,Y,NE 1ST AVE,NE 13TH ST,0.001,N,0,0,26.142188,-80.143447,86A15779,0.245,,,,L LEFT,C CROSSWALK,S SOUTH,,05 LOCAL,01 NON-JUNCTION,01 ON ROADWAY,02 FOUR-WAY INTERSECTION,03 CURB,0,31-Dec-00,,,,0,,0,,0,,,RCI,0,,,1 NO INJURY,33 Q/C VERIFIED AS OFF-SYSTEM,0 NO,01 NOT AT INTERSECTION/RRX/BRIDGE,01 DAYLIGHT,01 CLEAR,01 DRY,01 LEVEL,1 STRAIGHT,"TWO-WAY, NOT DIVIDED",,STOP SIGN,NOT CODED,,NONE,NOT CODED,NOT CODED,NONE,NOT CODED,NOT CODED,14 MOTOR VEHICLE IN TRANSPORT,77 OTHER (SEE NARRATIVE),05 TURNING RIGHT,OTHER CONTRIBUTING ACTION,NOT CODED,00 NOT CODED,00 NOT CODED,00 NOT CODED,00 NOT CODED,01 NO,0,0,0,0,1,1,1,2,N,N,N,N,N,N,N,N,N,N,N,N,N,Y,Y,N,N,N,N,N,N,N,N,N,N,N,26.14218797,-80.14344784,585620.25,2891712.409,C,U,ARBM15Q1R2,28-Feb-22,1676390,-8921528.102,3016702.81
2.01787E+12,2017,874073990,3.41712E+11,COUNTY SHERIFF'S OFFICE,04 FOURTH,BROWARD,30-Dec-17,1151,SUNDAY,8638 FT. LAUDERDALE,1038,Y,SW 7TH ST,SW 27TH AVE,0.009,W,0,0,26.112084,-80.178041,86A17311,0.494,,,,L LEFT,1 THRU LANE 1,W WEST,,05 LOCAL,77 OTHER (SEE NARRATIVE),01 ON ROADWAY,01 NOT AT INTERSECTION,01 PAVED,0,31-Dec-00,,,,0,,0,,0,,,RCI,0,,,2 POSSIBLE INJURY,33 Q/C VERIFIED AS OFF-SYSTEM,0 NO,01 NOT AT INTERSECTION/RRX/BRIDGE,01 DAYLIGHT,01 CLEAR,01 DRY,01 LEVEL,1 STRAIGHT,"TWO-WAY, NOT DIVIDED",,NO CONTROLS,NOT CODED,,NONE,NOT CODED,NOT CODED,NONE,NOT CODED,NOT CODED,10 PEDESTRIAN,77 OTHER (SEE NARRATIVE),01 STRAIGHT AHEAD,NO CONTRIBUTING ACTION,NOT CODED,00 NOT CODED,00 NOT CODED,00 NOT CODED,00 NOT CODED,01 NO,1,0,0,1,1,0,1,2,N,N,N,N,N,N,N,N,N,N,N,N,Y,N,Y,N,N,N,N,N,N,N,N,N,N,N,26.11208707,-80.17804096,582183.2634,2888356.335,C,U,ARBM15Q1R2,28-Feb-22,1676965,-8925378.991,3012970.634
2.01787E+12,2017,874063920,3.41711E+11,COUNTY SHERIFF'S OFFICE,04 FOURTH,BROWARD,27-Nov-17,1420,TUESDAY,8638 FT. LAUDERDALE,1038,Y,26TH AVE NW,SR 870,0.002,N,0,0,26.1896447,-80.1105857,86014000,9.027,2107,SR 870,,T SIDE RD LEFT,C CROSSWALK,S SOUTH,30 URBAN 6+LN 2WY DIVD RASD,05 LOCAL,01 NON-JUNCTION,01 ON ROADWAY,03 T-INTERSECTION,01 PAVED,41,18-Jun-17,16 URBAN MINOR ART,32,CURB&GUTTER,2,,0,,0,17,42500,RCI,3.5,,35,2 POSSIBLE INJURY,31 Q/C COMPLETED - LOC VERIFIED,0 NO,03 INFLUENCED BY INTERSECTION,01 DAYLIGHT,02 CLOUDY,01 DRY,01 LEVEL,1 STRAIGHT,"TWO-WAY, NOT DIVIDED",,STOP SIGN,NOT CODED,6,NONE,NOT CODED,NOT CODED,NONE,NOT CODED,NOT CODED,10 PEDESTRIAN,77 OTHER (SEE NARRATIVE),01 STRAIGHT AHEAD,NOT CODED,NOT CODED,00 NOT CODED,00 NOT CODED,00 NOT CODED,00 NOT CODED,01 NO,1,0,0,1,0,0,1,1,N,N,N,Y,N,N,N,N,N,N,N,N,Y,N,Y,N,N,N,N,N,N,N,N,N,N,N,26.18977321,-80.11058717,588869.0551,2897004.739,L,,ARBM15Q1R2,28-Feb-22,1677517,-8917870.068,3022604.811
2.01787E+12,2017,874063730,3.41711E+11,COUNTY SHERIFF'S OFFICE,04 FOURTH,BROWARD,26-Nov-17,1900,MONDAY,8638 FT. LAUDERDALE,1038,Y,W CYPRESS CREEK RD,HAWKINS RD,0.13,W,0,0,26.202413,-80.197721,86000042,3.569,,,,L LEFT,3 THRU LANE 3,W WEST,,05 LOCAL,01 NON-JUNCTION,01 ON ROADWAY,01 NOT AT INTERSECTION,03 CURB,0,31-Dec-00,,,,0,,0,,0,,,RCI,0,,,4 INCAPACITATING INJURY,33 Q/C VERIFIED AS OFF-SYSTEM,0 NO,01 NOT AT INTERSECTION/RRX/BRIDGE,04 DARK-LIGHTED,02 CLOUDY,01 DRY,01 LEVEL,1 STRAIGHT,"TWO-WAY, DIVIDED, UNPROTECTED","TWO-WAY, DIVIDED, UNPROTECTED",NO CONTROLS,NO CONTROLS,,NONE,NOT CODED,NOT CODED,NONE,NOT CODED,NOT CODED,14 MOTOR VEHICLE IN TRANSPORT,01 FRONT TO REAR,01 STRAIGHT AHEAD,OTHER CONTRIBUTING ACTION,NOT CODED,00 NOT CODED,00 NOT CODED,00 NOT CODED,00 NOT CODED,01 NO,3,0,1,1,2,0,3,3,N,N,N,N,N,N,N,N,N,N,N,N,Y,N,Y,N,N,N,N,N,N,N,N,N,N,N,26.20241588,-80.1977209,580153.7338,2898348.225,L,U,ARBM15Q1R2,28-Feb-22,1677539,-8927569.753,3024173.288
2.01787E+12,2017,874058790,3.41711E+11,COUNTY SHERIFF'S OFFICE,04 FOURTH,BROWARD,10-Nov-17,211,SATURDAY,8638 FT. LAUDERDALE,1038,Y,BROWARD BLVD E,ANDREWS AVE,0.004,E,0,0,26.1222387,-80.1435107,86006000,6.777,479,SR 842,,R RIGHT,2 THRU LANE 2,E EAST,30 URBAN 6+LN 2WY DIVD RASD,03 STATE,01 NON-JUNCTION,01 ON ROADWAY,02 FOUR-WAY INTERSECTION,03 CURB,40,19-Jun-17,14 URBAN PRIN ART OTHER,33,PAVED,3,CURB&GUTTER,2,,0,16,33000,RCI,2.9,,35,3 NO-INCAPACITATING INJURY,31 Q/C COMPLETED - LOC VERIFIED,0 NO,03 INFLUENCED BY INTERSECTION,05 DARK-NOT LIGHTED,03 RAIN,02 WET,01 LEVEL,1 STRAIGHT,"TWO-WAY, DIVIDED, POSITIVE MED",,TRAFFIC CONTROL SIGNAL,NOT CODED,6,UNKNOWN,NOT CODED,NOT CODED,UNKNOWN,NOT CODED,NOT CODED,10 PEDESTRIAN,77 OTHER (SEE NARRATIVE),10 MAKING U-TURN,NOT CODED,NOT CODED,00 NOT CODED,00 NOT CODED,00 NOT CODED,00 NOT CODED,01 NO,1,0,0,1,0,0,1,1,N,N,N,Y,N,N,N,N,N,N,N,N,Y,N,Y,N,N,N,N,N,N,N,N,N,N,N,26.12221703,-80.14346216,585633.3826,2889500.551,R,,ARBM15Q1R2,28-Feb-22,1677551,-8921529.696,3014226.529
2.01787E+12,2017,874055680,3.41711E+11,COUNTY SHERIFF'S OFFICE,04 FOURTH,BROWARD,31-Oct-17,1700,WEDNESDAY,8638 FT. LAUDERDALE,1038,Y,NW 10TH PL,NW 15TH AVE,0.063,W,0,0,26.137101,-80.163145,86A01959,0.209,,,,L LEFT,1 THRU LANE 1,W WEST,,05 LOCAL,01 NON-JUNCTION,01 ON ROADWAY,01 NOT AT INTERSECTION,02 UNPAVED,0,31-Dec-00,,,,0,,0,,0,,,RCI,0,,,2 POSSIBLE INJURY,33 Q/C VERIFIED AS OFF-SYSTEM,0 NO,01 NOT AT INTERSECTION/RRX/BRIDGE,01 DAYLIGHT,01 CLEAR,01 DRY,01 LEVEL,1 STRAIGHT,"TWO-WAY, NOT DIVIDED",,NO CONTROLS,NOT CODED,,NONE,NOT CODED,NOT CODED,NONE,NOT CODED,NOT CODED,11 PEDALCYCLE,"04 SIDESWIPE, SAME DIRECTION",01 STRAIGHT AHEAD,NOT CODED,NOT CODED,00 NOT CODED,00 NOT CODED,00 NOT CODED,00 NOT CODED,01 NO,1,0,0,0,0,1,1,1,N,N,N,N,Y,N,N,N,N,N,N,N,N,Y,Y,N,N,N,N,N,N,N,N,N,N,N,26.13710232,-80.16314504,583654.8715,2891136.336,C,U,ARBM15Q1R2,28-Feb-22,1679134,-8923720.784,3016072.178
2.01787E+12,2017,874032140,3.41708E+11,COUNTY SHERIFF'S OFFICE,04 FOURTH,BROWARD,8-Aug-17,1357,WEDNESDAY,8638 FT. LAUDERDALE,1038,Y,E LAS OLAS BLVD,S FEDERAL HWY,0.009,E,0,0,26.119172,-80.136926,86000142,0.409,,,,R RIGHT,1 THRU LANE 1,W WEST,,05 LOCAL,01 NON-JUNCTION,02 OFF ROADWAY,01 NOT AT INTERSECTION,03 CURB,0,31-Dec-00,,,,0,,0,,0,,,RCI,0,,,3 NO-INCAPACITATING INJURY,33 Q/C VERIFIED AS OFF-SYSTEM,0 NO,01 NOT AT INTERSECTION/RRX/BRIDGE,01 DAYLIGHT,01 CLEAR,01 DRY,01 LEVEL,1 STRAIGHT,ONE-WAY TRAFFICWAY,,NO CONTROLS,NOT CODED,,NONE,NOT CODED,NOT CODED,NONE,NOT CODED,NOT CODED,14 MOTOR VEHICLE IN TRANSPORT,77 OTHER (SEE NARRATIVE),01 STRAIGHT AHEAD,NOT CODED,NOT CODED,00 NOT CODED,00 NOT CODED,00 NOT CODED,00 NOT CODED,01 NO,1,0,0,1,0,0,1,1,N,N,N,N,N,N,N,N,N,N,N,N,Y,N,Y,N,N,N,N,N,N,N,N,N,N,N,26.11917459,-80.13692509,586289.1992,2889167.909,R,U,ARBM15Q1R2,28-Feb-22,1688655,-8920801.993,3013849.321
2.01787E+12,2017,874031330,3.41708E+11,COUNTY SHERIFF'S OFFICE,04 FOURTH,BROWARD,5-Aug-17,1217,SUNDAY,8638 FT. LAUDERDALE,1038,Y,17TH ST SE,CORDOVA RD,0,,0,0,26.1003019,-80.1307373,86180000,0.375,693,SR A1A,,L LEFT,3 THRU LANE 3,E EAST,30 URBAN 6+LN 2WY DIVD RASD,05 LOCAL,01 NON-JUNCTION,01 ON ROADWAY,02 FOUR-WAY INTERSECTION,01 PAVED,34,6-Jul-15,16 URBAN MINOR ART,30,PAVED,4,CURB&GUTTER,2,,0,16,42500,RCI,3.7,,35,3 NO-INCAPACITATING INJURY,31 Q/C COMPLETED - LOC VERIFIED,0 NO,02 AT INTERSECTION,01 DAYLIGHT,01 CLEAR,01 DRY,01 LEVEL,1 STRAIGHT,"TWO-WAY, DIVIDED, POSITIVE MED",,NO CONTROLS,NOT CODED,6,NONE,NOT CODED,NOT CODED,NONE,NOT CODED,NOT CODED,11 PEDALCYCLE,77 OTHER (SEE NARRATIVE),03 TURNING LEFT,OTHER CONTRIBUTING ACTION,NOT CODED,00 NOT CODED,00 NOT CODED,00 NOT CODED,00 NOT CODED,01 NO,1,0,0,0,1,1,1,2,N,N,N,Y,N,N,N,N,N,N,N,N,N,Y,Y,N,N,N,N,N,N,Y,N,N,N,Y,26.10042303,-80.13081292,586914.1819,2887095.181,L,,ARBM15Q1R2,28-Feb-22,1689826,-8920121.589,3011524.682
2.01787E+12,2017,874030180,3.41708E+11,COUNTY SHERIFF'S OFFICE,04 FOURTH,BROWARD,2-Aug-17,832,THURSDAY,8638 FT. LAUDERDALE,1038,Y,SR 842,7TH AVE SW,0.002,W,0,0,26.1221226,-80.150629,86006000,6.334,470,SR 842,,R RIGHT,C CROSSWALK,W WEST,30 URBAN 6+LN 2WY DIVD RASD,03 STATE,02 INTERSECTION,01 ON ROADWAY,02 FOUR-WAY INTERSECTION,03 CURB,40,19-Jun-17,14 URBAN PRIN ART OTHER,33,PAVED,2,CURB&GUTTER,2,,0,16,50000,RCI,4.4,,35,2 POSSIBLE INJURY,31 Q/C COMPLETED - LOC VERIFIED,0 NO,03 INFLUENCED BY INTERSECTION,01 DAYLIGHT,01 CLEAR,01 DRY,01 LEVEL,1 STRAIGHT,"TWO-WAY, DIVIDED, POSITIVE MED",,TRAFFIC CONTROL SIGNAL,NOT CODED,6,NONE,NOT CODED,NOT CODED,NONE,NOT CODED,NOT CODED,11 PEDALCYCLE,77 OTHER (SEE NARRATIVE),01 STRAIGHT AHEAD,FAILED TO YIELD RIGHT-OF-WAY,NOT CODED,00 NOT CODED,00 NOT CODED,00 NOT CODED,00 NOT CODED,01 NO,1,0,0,0,1,1,1,2,N,N,N,Y,N,N,N,N,N,N,N,N,N,Y,Y,N,N,N,N,N,N,N,N,N,N,N,26.12210131,-80.15058906,584920.9139,2889483.064,R,,ARBM15Q1R2,28-Feb-22,1689868,-8922323.059,3014212.182